1,0.021677191993298983,0.0006785577034428319,0.022355749696741815,-0.0013930406746810453,-0.0007144829712382135,10
2,0.021330034666612208,0.00017389956449964216,0.02150393423111185,-0.00034715732668677557,-0.0001732577621871334,10
3,0.021117049545669953,0.0001058078271245013,0.021222857372794453,-0.00021298512094225508,-0.00010717729381775379,10
4,0.020942543807369818,8.565334513741407e-05,0.02102819715250723,-0.00017450573830013472,-8.885239316272065e-05,10
5,0.020789955941607263,7.44059943368972e-05,0.02086436193594416,-0.00015258786576255456,-7.818187142565736e-05,10
6,0.020653549777354452,6.626580250017242e-05,0.020719815579854625,-0.00013640616425281138,-7.014036175263896e-05,10
7,0.020530404156897997,5.965608859874256e-05,0.020590060245496738,-0.00012314562045645516,-6.34895318577126e-05,10
8,0.020418641430470008,5.400192029924611e-05,0.020472643350769253,-0.00011176272642798857,-5.7760806128742456e-05,10
9,0.020316834748649093,4.906351283799515e-05,0.02036589826148709,-0.00010180668182091512,-5.2743168982919976e-05,10
10,0.020223795864404148,4.4718336339867444e-05,0.020268514200744017,-9.303888424494478e-05,-4.832054790507733e-05,10
11,0.02013849677459356,4.088580779568989e-05,0.02017938258238925,-8.529908981058654e-05,-4.441328201489665e-05,10
12,0.02006003636539966,3.7502519452361565e-05,0.02009753888485202,-7.84604091939034e-05,-4.095788974154184e-05,10
13,0.01998762179534208,3.451436655216029e-05,0.02002213616189424,-7.241457005757734e-05,-3.790020350541705e-05,10
14,0.019920554998778095,3.187393331378534e-05,0.01995242893209188,-6.706679656398595e-05,-3.5192863250200616e-05,10
15,0.01985822142203819,2.9539407824725894e-05,0.01988776082986292,-6.233357673990358e-05,-3.279416891517769e-05,10
16,0.019800080141161414,2.7473918070074633e-05,0.01982755405923149,-5.8141280876777834e-05,-3.06673628067032e-05,10
17,0.019745655098522996,2.5644989708171246e-05,0.019771300088231167,-5.442504263841741e-05,-2.8780052930246163e-05,10
18,0.019694527325041622,2.4024056758189646e-05,0.01971855138179981,-5.1127773481374206e-05,-2.710371672318456e-05,10
19,0.01964632805503219,2.258601432626701e-05,0.01966891406935846,-4.819927000943025e-05,-2.561325568316324e-05,10
20,0.019600732651937958,2.130881330909971e-05,0.019622041465247056,-4.5595403094234044e-05,-2.4286589785134333e-05,10
21,0.01955745524139929,2.0173096743603523e-05,0.019577628338142895,-4.327741053866685e-05,-2.3104313795063326e-05,10
22,0.01951624400195484,1.9161875950433805e-05,0.019535405877905275,-4.121123944444971e-05,-2.2049363494015905e-05,11
23,0.019476877014050875,1.8260243463183538e-05,0.019495137257514058,-3.936698790396598e-05,-2.110674444078244e-05,10
24,0.01943915861497225,1.7455119370239226e-05,0.01945661373434249,-3.77183990786234e-05,-2.0263279708384173e-05,10
25,0.019402916196320952,1.6735027626931695e-05,0.019419651223947884,-3.624241865129996e-05,-1.950739102436826e-05,10
26,0.019367997396452674,1.6089899079366605e-05,0.01938408729553204,-3.491879986827762e-05,-1.8828900788911012e-05,10
27,0.019334267633157487,1.5510898203408283e-05,0.019349778531360894,-3.3729763295187176e-05,-1.8218865091778893e-05,10
28,0.019301607942506793,1.4990270835594713e-05,0.019316598213342386,-3.265969065069374e-05,-1.766941981509903e-05,10
29,0.01926991308211501,1.452121046898633e-05,0.019284434292583995,-3.1694860391784374e-05,-1.7173649922798044e-05,10
30,0.01923908986914491,1.4097740909143395e-05,0.019253187610054054,-3.0823212970099156e-05,-1.672547206095576e-05,10
31,0.019209055723225288,1.3714613378868811e-05,0.019222770336604158,-3.0034145919621835e-05,-1.6319532540753023e-05,11
32,0.019179737389319884,1.3367216320572428e-05,0.019193104605640457,-2.9318333905403726e-05,-1.59511175848313e-05,11
33,0.019151069818539534,1.3051496376151922e-05,0.019164121314915687,-2.866757078034965e-05,-1.561607440419773e-05,10
34,0.019122995184852942,1.2763889178736052e-05,0.01913575907403168,-2.8074633686592243e-05,-1.531074450785619e-05,11
35,0.019095462029022903,1.2501258779617765e-05,0.01910796328780252,-2.753315583003957e-05,-1.5031897050421804e-05,11
36,0.019068424500514047,1.2260844609936536e-05,0.019080685345123985,-2.7037528508855324e-05,-1.4776683898918788e-05,11
37,0.019041841698064887,1.2040215088638587e-05,0.019053881913153527,-2.6582802449159892e-05,-1.4542587360521305e-05,11
38,0.019015677088445315,1.1837227024497388e-05,0.019027514315469812,-2.6164609619572232e-05,-1.4327382595074844e-05,11
39,0.0189898979973544,1.1649990102517314e-05,0.019001547987456915,-2.577909109091614e-05,-1.4129100988398826e-05,11
40,0.01896447516264177,1.1476835809528116e-05,0.0189759519984513,-2.5422834712629516e-05,-1.39459989031014e-05,11
41,0.018939382341735533,1.131629025685012e-05,0.018950698631992384,-2.5092820906236213e-05,-1.3776530649386093e-05,11
42,0.018914595966234682,1.1167050397059539e-05,0.018925763016631743,-2.47863755008515e-05,-1.361932510379196e-05,11
43,0.018890094838917793,1.1027963216649692e-05,0.01890112280213444,-2.450112731688936e-05,-1.3473164100239668e-05,11
44,0.018865859866902146,1.0898007525174248e-05,0.01887675787442732,-2.4234972015646505e-05,-1.3336964490472257e-05,11
45,0.018841873827116107,1.077627801521341e-05,0.01885265010513132,-2.3986039786039193e-05,-1.3209761770825783e-05,11
46,0.01881812115845727,1.0661971307329802e-05,0.018828783129764597,-2.3752668658838516e-05,-1.3090697351508714e-05,11
47,0.018794587781122196,1.0554373726513316e-05,0.01880514215484871,-2.3533377335072103e-05,-1.2979003608558787e-05,10
48,0.018771260934910328,1.0452850597225097e-05,0.018781713785507553,-2.3326846211868535e-05,-1.2873995614643438e-05,11
49,0.018748129037520878,1.0356836860230687e-05,0.018758485874381108,-2.3131897389450096e-05,-1.2775060529219409e-05,11
50,0.018725181559363202,1.0265828846965423e-05,0.018735447388210168,-2.2947478157675505e-05,-1.2681649310710082e-05,11
51,0.018702408912643964,1.017937706493053e-05,0.018712588289708895,-2.2772646719237954e-05,-1.2593269654307424e-05,11
52,0.01867980235382516,1.0097079871204289e-05,0.018689899433696363,-2.2606558818805134e-05,-1.2509478947600845e-05,11
53,0.018657353895785933,1.0018577914214264e-05,0.018667372473700147,-2.2448458039225905e-05,-1.242988012501164e-05,11
54,0.01863505623211459,9.94354925545786e-06,0.018644999781370047,-2.229766367134456e-05,-1.2354114415886698e-05,11
55,0.018612902668069697,9.871705082635487e-06,0.018622774373152334,-2.2153564044891105e-05,-1.2281858962255619e-05,11
56,0.01859088706006351,9.80278594078773e-06,0.018600689846004298,-2.2015608006187293e-05,-1.2212822065399562e-05,11
57,0.01856900376212889,9.736558417249368e-06,0.018578740320546138,-2.1883297934621737e-05,-1.214673951737237e-05,11
58,0.018547247577168857,9.672812218968172e-06,0.018556920389387825,-2.1756184960031177e-05,-1.2083372741063005e-05,11
59,0.018525613714530098,9.61135760876737e-06,0.018535225072138867,-2.1633862638759105e-05,-1.2022505029991735e-05,11
60,0.018504097752230275,9.552023137363549e-06,0.018513649775367638,-2.151596229982289e-05,-1.196393916245934e-05,11
61,0.018482695601609755,9.494653643542329e-06,0.018492190255253296,-2.1402150620519755e-05,-1.1907496976977427e-05,11
62,0.01846140347935754,9.439108493671758e-06,0.018470842587851213,-2.129212225221444e-05,-1.1853013758542682e-05,12
63,0.01844021787702166,9.385260022896023e-06,0.018449603137044555,-2.1185602335882514e-05,-1.1800342312986492e-05,12
64,0.018419135538337073,9.332992158845544e-06,0.018428468530495918,-2.1082338684585977e-05,-1.1749346525740433e-05,11
65,0.01839815343693718,9.282199205347075e-06,0.018407435636142527,-2.0982101399891206e-05,-1.1699902194544132e-05,11
66,0.018377268756822995,9.232784759726189e-06,0.018386501541582723,-2.0884680114185983e-05,-1.1651895354459794e-05,12
67,0.0183564788737286,9.184660762928128e-06,0.018365663534491528,-2.0789883094396444e-05,-1.1605222331468316e-05,11
68,0.018335781339713253,9.137746649442187e-06,0.018344919086362696,-2.069753401534591e-05,-1.1559787365903722e-05,11
69,0.01831517386862369,9.091968595729274e-06,0.01832426583721942,-2.0607471089562068e-05,-1.1515502493832794e-05,11
70,0.01829465432268984,9.047258849082746e-06,0.018303701581538923,-2.0519545933850303e-05,-1.1472287084767557e-05,11
71,0.018274220700892352,9.003555137421062e-06,0.018283224256029774,-2.0433621797488755e-05,-1.1430066660067693e-05,11
72,0.0182538711282364,8.960800136751645e-06,0.01826283192837315,-2.0349572655953274e-05,-1.1388772519201629e-05,11
73,0.018233603845664415,8.918940999681269e-06,0.018242522786664096,-2.026728257198407e-05,-1.13483415723028e-05,11
74,0.018213417200942605,8.877928934027971e-06,0.018222295129876633,-2.018664472180909e-05,-1.1308715787781117e-05,11
75,0.018193309642397293,8.837718829852742e-06,0.018202147361227147,-2.0107558545312543e-05,-1.1269839715459801e-05,11
76,0.018173279708170398,8.798268917625155e-06,0.018182077977088023,-2.002993422689503e-05,-1.1231665309269875e-05,11
77,0.018153326022784633,8.759540469423266e-06,0.018162085563254056,-1.995368538576514e-05,-1.1194144916341874e-05,11
78,0.01813344729020072,8.721497531078089e-06,0.0181421687877318,-1.9878732583911152e-05,-1.1157235052833063e-05,11
79,0.018113642285491283,8.684106677040465e-06,0.018122326392168323,-1.980500470943891e-05,-1.1120898032398446e-05,11
80,0.01809390985321946,8.64733679387531e-06,0.018102557190013333,-1.9732432271823974e-05,-1.1085095477948664e-05,11
81,0.018074248900582957,8.611158883725569e-06,0.01808286005946668,-1.9660952636502138e-05,-1.1049793752776569e-05,11
82,0.018054658394102585,8.575545887000586e-06,0.018063233939989584,-1.9590506480371417e-05,-1.1014960593370831e-05,11
83,0.01803513735498563,8.540472526308124e-06,0.01804367782751194,-1.9521039116954242e-05,-1.0980566590646118e-05,11
84,0.018015684855557934,8.505915156788565e-06,0.018024190770714724,-1.945249942769678e-05,-1.0946584270908214e-05,11
85,0.017996300016118738,8.471851643174465e-06,0.018004771867761914,-1.9384839439196e-05,-1.0912987796021535e-05,11
86,0.017976982001088104,8.438261236341152e-06,0.017985420262324445,-1.9318015030633795e-05,-1.0879753794292643e-05,11
87,0.017957730016894824,8.40512446831522e-06,0.017966135141363138,-1.9251984193280336e-05,-1.0846859724965116e-05,11
88,0.01793854330881217,8.372423055405966e-06,0.017946915731867578,-1.9186708082652437e-05,-1.0814285027246471e-05,12
89,0.017919421158288595,8.340139809860075e-06,0.017927761298098456,-1.912215052357613e-05,-1.0782010713716057e-05,11
90,0.017900362881599463,8.308258559742414e-06,0.017908671140159205,-1.9058276689132292e-05,-1.0750018129389878e-05,11
91,0.017881367826156236,8.27676407281985e-06,0.017889644590229056,-1.8995055443227216e-05,-1.0718291370407366e-05,11
92,0.017862435369997542,8.245641995293339e-06,0.017870681011992837,-1.8932456158693434e-05,-1.0686814163400095e-05,11
93,0.01784356491729533,8.214878784050303e-06,0.01785177979607938,-1.8870452702213214e-05,-1.0655573918162911e-05,11
94,0.017824755901982625,8.184461655775064e-06,0.0178329403636384,-1.880901531270407e-05,-1.0624553656929006e-05,11
95,0.017806007779582633,8.154378532237903e-06,0.01781416215811487,-1.8748122399991907e-05,-1.0593743867754003e-05,11
96,0.017787320030714038,8.124617994624669e-06,0.017795444648708664,-1.8687748868595477e-05,-1.0563130873970808e-05,11
97,0.017768692156286958,8.09516924092684e-06,0.017776787325527885,-1.8627874427079583e-05,-1.0532705186152743e-05,11
98,0.017750123678585084,8.066022042979586e-06,0.017758189700628063,-1.856847770187464e-05,-1.0502455658895056e-05,11
99,0.017731614137729057,8.037166712361734e-06,0.01773965130444142,-1.850954085602652e-05,-1.0472374143664784e-05,11
100,0.0177131630944678,8.008594064610806e-06,0.01772117168853241,-1.845104326125835e-05,-1.0442449196647543e-05,11
101,0.017694770124195847,7.98029539065557e-06,0.0177027504195865,-1.839297027195208e-05,-1.041267488129651e-05,11
102,0.017676434818561293,7.952262423213564e-06,0.017684387080984507,-1.8335305634553656e-05,-1.0383043211340092e-05,11
103,0.01765815678447691,7.924487314649517e-06,0.017666081271791558,-1.8278034084384664e-05,-1.0353546769735147e-05,11
104,0.017639935643331328,7.896962608215745e-06,0.017647832605939544,-1.8221141145580155e-05,-1.032417853736441e-05,11
105,0.017621771029686095,7.869681216847517e-06,0.017629640710902943,-1.816461364523292e-05,-1.0294932428385401e-05,11
106,0.017603662589740998,7.842636402073508e-06,0.017611505226143073,-1.8108439945097032e-05,-1.0265803543023525e-05,11
107,0.01758560998201253,7.815821751362173e-06,0.01759342580376389,-1.8052607728469283e-05,-1.023678597710711e-05,11
108,0.017567612875607708,7.7892311616291e-06,0.017575402106769337,-1.7997106404821217e-05,-1.0207875243192117e-05,11
109,0.017549670950486984,7.76285882125552e-06,0.01755743380930824,-1.7941925120723567e-05,-1.0179066299468047e-05,11
110,0.017531783895990194,7.73669919375683e-06,0.01753952059518395,-1.7887054496790178e-05,-1.0150355303033347e-05,11
111,0.01751395141078238,7.710747002554833e-06,0.017521662157784935,-1.7832485207813775e-05,-1.0121738205258942e-05,11
112,0.017496173201886567,7.68499721700482e-06,0.01750385819910357,-1.7778208895813385e-05,-1.0093211678808565e-05,11
113,0.017478448984691974,7.659445038412165e-06,0.017486108429730387,-1.7724217194592384e-05,-1.006477215618022e-05,11
114,0.017460778482100037,7.63408588809574e-06,0.01746841256798813,-1.7670502591937698e-05,-1.0036416703841958e-05,11
115,0.017443161424243958,7.608915395527785e-06,0.017450770339639488,-1.761705785607859e-05,-1.0008142460550804e-05,11
116,0.01742559754783002,7.583929387551984e-06,0.01743318147721757,-1.756387641393964e-05,-9.979947026387656e-06,11
117,0.017408086595999683,7.55912387713716e-06,0.017415645719876822,-1.751095183033513e-05,-9.95182795319797e-06,11
118,0.017390628317843326,7.534495055205687e-06,0.01739816281289853,-1.7458278156357032e-05,-9.923783101151345e-06,11
119,0.017373222468107685,7.5100392806641495e-06,0.01738073250738835,-1.7405849735641077e-05,-9.895810454976927e-06,11
120,0.017355868806505526,7.48575307051408e-06,0.01736335455957604,-1.7353661602159676e-05,-9.867908531645596e-06,11
121,0.017338567098022173,7.461633094756534e-06,0.01734602873111693,-1.7301708483352662e-05,-9.840075388596128e-06,11
122,0.017321317112119372,7.437676166266356e-06,0.01732875478828564,-1.7249985902800802e-05,-9.812309736534445e-06,11
123,0.017304118622696096,7.41387923449021e-06,0.017311532501930585,-1.719848942327573e-05,-9.784610188785521e-06,11
124,0.017286971407657337,7.390239379020691e-06,0.017294361647036356,-1.714721503875971e-05,-9.75697565973902e-06,11
125,0.017269875248599464,7.3667538005905374e-06,0.017277242002400054,-1.7096159057872207e-05,-9.72940525728167e-06,11
126,0.01725282993092614,7.3434198195420205e-06,0.017260173350745683,-1.70453176733254e-05,-9.70189785378338e-06,11
127,0.01723583524326522,7.320234866765909e-06,0.017243155478131985,-1.6994687660920604e-05,-9.674452794154695e-06,11
128,0.017218890977747314,7.297196478931706e-06,0.017226188174226244,-1.6944265517904178e-05,-9.647069038972472e-06,11
129,0.017201996929063323,7.274302293508731e-06,0.01720927123135683,-1.6894048683990803e-05,-9.619746390482071e-06,11
130,0.017185152894816702,7.251550044449844e-06,0.017192404444861153,-1.6844034246621398e-05,-9.592484202171555e-06,11
131,0.017168358675214823,7.2289375565016915e-06,0.017175587612771326,-1.679421960187888e-05,-9.565282045377187e-06,11
132,0.017151614072870358,7.206462741957016e-06,0.017158820535612317,-1.6744602344465065e-05,-9.53813960250805e-06,11
133,0.017134918892704576,7.1841235953508585e-06,0.017142103016299925,-1.6695180165782197e-05,-9.511056570431339e-06,11
134,0.01711827294175916,7.1619181905871794e-06,0.01712543485994975,-1.6645950945415322e-05,-9.484032754828143e-06,11
135,0.017101676029079416,7.13984467656989e-06,0.017108815873755987,-1.6596912679744946e-05,-9.457068003175056e-06,11
136,0.017085127965600244,7.1179012736734165e-06,0.01709224586687392,-1.6548063479171482e-05,-9.430162205498066e-06,11
137,0.017068628563651767,7.0960862718074515e-06,0.017075724649923574,-1.6499401948477654e-05,-9.403315676670203e-06,11
138,0.017052177637673527,7.074398023502629e-06,0.01705925203569703,-1.6450925978239717e-05,-9.376527954737088e-06,11
139,0.017035775003284792,7.052834945499905e-06,0.01704282783823029,-1.6402634388734683e-05,-9.349799443234778e-06,11
140,0.017019420477839442,7.031395513153034e-06,0.017026451873352597,-1.63545254453501e-05,-9.323129932197065e-06,11
141,0.017003113879630383,7.010078257433222e-06,0.017010123957887816,-1.630659820905933e-05,-9.296519951626109e-06,11
142,0.01698685502834152,6.988881763935185e-06,0.016993843910105454,-1.625885128886395e-05,-9.269969524928767e-06,11
143,0.01697064374466495,6.967804669566213e-06,0.016977611549334515,-1.621128367657043e-05,-9.243479007004219e-06,11
144,0.016954479850574078,6.946845659873645e-06,0.01696142669623395,-1.616389409087038e-05,-9.217048430996735e-06,11
145,0.01693836316893116,6.92600346719021e-06,0.016945289172398348,-1.611668164291924e-05,-9.19067817572903e-06,11
146,0.016922293523235044,6.905276868259983e-06,0.016929198800103303,-1.606964569611513e-05,-9.164368827855148e-06,11
147,0.01690627073813389,6.884664682453836e-06,0.016913155402816342,-1.602278510115518e-05,-9.138120418701343e-06,11
148,0.016890294638998493,6.864165770274741e-06,0.016897158804768768,-1.5976099135395216e-05,-9.111933365120476e-06,11
149,0.01687436505187012,6.843779030039925e-06,0.016881208830900163,-1.592958712837156e-05,-9.085808098331634e-06,11
150,0.01685848180345162,6.823503397515487e-06,0.016865305306849133,-1.5883248418502305e-05,-9.059745020986817e-06,11
151,0.01684264472104391,6.8033378435653825e-06,0.016849448058887474,-1.5837082407710312e-05,-9.03374456414493e-06,11
152,0.01682685363221348,6.783281372778209e-06,0.016833636913586258,-1.5791088830430233e-05,-9.007807457652025e-06,11
153,0.016811108366058036,6.763333021689418e-06,0.016817871699079726,-1.5745266155442472e-05,-8.981933133753055e-06,11
154,0.016795408750790775,6.743491858802053e-06,0.01680215224264958,-1.5699615267261713e-05,-8.95612340845966e-06,11
155,0.01677975461642167,6.723756980084736e-06,0.016786478373401758,-1.5654134369103012e-05,-8.930377389018277e-06,11
156,0.01676414579240948,6.704127509961268e-06,0.01677084991991944,-1.5608824012192102e-05,-8.904696502230834e-06,11
157,0.016748582108766397,6.684602600875573e-06,0.016755266711367272,-1.5563683643082804e-05,-8.87908104220723e-06,11
158,0.016733063395851566,6.665181428210301e-06,0.016739728577279775,-1.5518712914830424e-05,-8.853531486620124e-06,11
159,0.016717589484757878,6.645863194176378e-06,0.016724235347952053,-1.5473911093688564e-05,-8.828047899512186e-06,11
160,0.016702160206157335,6.626647123136538e-06,0.01670878685328047,-1.5429278600542773e-05,-8.802631477406235e-06,11
161,0.016686775391914654,6.6075324614547785e-06,0.01669338292437611,-1.5384814242680456e-05,-8.777281781225676e-06,11
162,0.01667143487287326,6.588518477073205e-06,0.01667802339135033,-1.5340519041395773e-05,-8.752000564322567e-06,11
163,0.01665613848044556,6.569604458148306e-06,0.016662708084903707,-1.5296392427699423e-05,-8.726787969551117e-06,11
164,0.016640886048054027,6.550789712167457e-06,0.016647436837766195,-1.5252432391532622e-05,-8.701642679365165e-06,11
165,0.01662567740706944,6.5320735645289474e-06,0.01663220948063397,-1.5208640984587518e-05,-8.67656742005857e-06,11
166,0.016610512389737764,6.513455358610659e-06,0.016617025845096375,-1.5165017331675301e-05,-8.651561973064643e-06,11
167,0.016595390829388434,6.494934455308258e-06,0.016601885763843742,-1.5121560349329322e-05,-8.626625894021065e-06,11
168,0.016580312556571997,6.476510230977511e-06,0.016586789066802974,-1.507827281643781e-05,-8.601762585460299e-06,11
169,0.016565277406352052,6.458182076092999e-06,0.016571735588428147,-1.5035150219944171e-05,-8.576968143851172e-06,11
170,0.01655028521044699,6.439949397291766e-06,0.01655672515984428,-1.49921959050614e-05,-8.552246507769635e-06,11
171,0.016535335802195572,6.421811615162901e-06,0.016541757613810736,-1.4949408251418994e-05,-8.527596636256093e-06,11
172,0.016520429014078797,6.403768162605954e-06,0.016526832782241402,-1.490678811677526e-05,-8.503019954169307e-06,11
173,0.016505564680092344,6.385818486886886e-06,0.01651195049857923,-1.4864333986452927e-05,-8.47851549956604e-06,11
174,0.016490742632978894,6.367962045661924e-06,0.016497110595024556,-1.4822047113449699e-05,-8.454085067787776e-06,11
175,0.016475962706250957,6.350198308787094e-06,0.016482312904559746,-1.4779926727936932e-05,-8.429728419149837e-06,11
176,0.01646122473331524,6.332526757711301e-06,0.01646755726007295,-1.473797293571888e-05,-8.405446178007577e-06,11
177,0.016446528547691686,6.314946884252212e-06,0.016452843494575937,-1.4696185623552793e-05,-8.381238739300581e-06,11
178,0.016431873982961753,6.297458189616044e-06,0.01643817144115137,-1.4654564729932318e-05,-8.357106540316274e-06,11
179,0.01641726087280615,6.280060185575291e-06,0.016423540932991726,-1.4613110155603515e-05,-8.333049970028223e-06,11
180,0.016402689050912023,6.262752392552345e-06,0.016408951803304574,-1.457182189412709e-05,-8.309069501574746e-06,11
181,0.016388158351366755,6.2455343406665465e-06,0.016394403885707422,-1.4530699545267645e-05,-8.285165204601097e-06,11
182,0.016373668607362446,6.22840556574518e-06,0.01637989701292819,-1.4489744004309024e-05,-8.261338438563843e-06,11
183,0.016359219653309998,6.211365615520712e-06,0.016365431018925517,-1.4448954052448393e-05,-8.237588436927681e-06,11
184,0.016344811323087516,6.194414042620031e-06,0.016351005737130136,-1.440833022248178e-05,-8.213916179861749e-06,11
185,0.016330443451050947,6.177550407124348e-06,0.016336621001458072,-1.4367872036569196e-05,-8.190321629444848e-06,11
186,0.01631611587095516,6.160774276989653e-06,0.016322276645232153,-1.4327580095785386e-05,-8.166805818795733e-06,11
187,0.016301828417225828,6.144085226464438e-06,0.016307972502452292,-1.4287453729333599e-05,-8.143368502869161e-06,11
188,0.016287580924119194,6.127482835972114e-06,0.016293708406955165,-1.4247493106633868e-05,-8.120010270661754e-06,11
189,0.0162733732260405,6.110966691758582e-06,0.016279484192732258,-1.4207698078694264e-05,-8.096731386935682e-06,11
190,0.016259205157583168,6.094536386296564e-06,0.016265299693969466,-1.4168068457331984e-05,-8.07353207103542e-06,11
191,0.016245076553229598,6.078191517329052e-06,0.016251154744746928,-1.412860435356933e-05,-8.050412836240277e-06,11
192,0.016230987247716544,6.061931687497503e-06,0.01623704917940404,-1.4089305513054207e-05,-8.027373825556705e-06,11
193,0.01621693707570404,6.045756504651071e-06,0.01622298283220869,-1.4050172012503026e-05,-8.004415507851955e-06,11
194,0.016202925872125462,6.0296655820505585e-06,0.01620895553770751,-1.4011203578578879e-05,-7.98153799652832e-06,11
195,0.01618895347193905,6.013658536579503e-06,0.016194967130475628,-1.397240018641277e-05,-7.958741649833266e-06,11
196,0.016175019710239047,5.997734989880328e-06,0.016181017445228926,-1.3933761700002378e-05,-7.93602671012205e-06,11
197,0.01616112442225137,5.981894567499179e-06,0.01616710631681887,-1.3895287987675253e-05,-7.913393420176074e-06,11
198,0.016147267443337943,5.9661368990208595e-06,0.016153233580236962,-1.3856978913429074e-05,-7.890842014408214e-06,11
199,0.01613344860916255,5.950461617400723e-06,0.01613939907077995,-1.3818834175394201e-05,-7.868372557993478e-06,11
200,0.0161196677546539,5.934868359883368e-06,0.016125602623013782,-1.3780854508649298e-05,-7.84598614876593e-06,11
201,0.016105924716386277,5.919356767999788e-06,0.016111844073154278,-1.3743038267621799e-05,-7.82368149962201e-06,11
202,0.016092219329714053,5.903926483844018e-06,0.016098123256197895,-1.3705386672224762e-05,-7.801460188380744e-06,11
203,0.016078551430691368,5.8885771541133844e-06,0.01608444000784548,-1.3667899022684615e-05,-7.779321868571231e-06,11
204,0.016064920855857645,5.87330842951807e-06,0.016070794164287163,-1.3630574833722875e-05,-7.757266404204805e-06,11
205,0.01605132744131621,5.858119961351369e-06,0.01605718556127756,-1.3593414541435145e-05,-7.735294580083775e-06,11
206,0.016037771023655223,5.843011404961549e-06,0.016043614035060185,-1.355641766098703e-05,-7.71340625602548e-06,11
207,0.016024251439612724,5.8279824182042166e-06,0.01603007942203093,-1.3519584042498423e-05,-7.691601624294206e-06,11
208,0.016010768525914876,5.813032661206441e-06,0.016016581558576083,-1.3482913697848709e-05,-7.669881036642266e-06,11
209,0.01599732211997429,5.798161796331233e-06,0.01600312028177062,-1.3446405940586992e-05,-7.648244144255758e-06,11
210,0.015983912058920136,5.783369488350923e-06,0.015989695428408487,-1.341006105415321e-05,-7.6266915658022876e-06,11
211,0.01597053818020755,5.768655403857259e-06,0.015976306835611406,-1.3373878712585885e-05,-7.605223308728626e-06,11
212,0.01595720032164749,5.754019212037544e-06,0.01596295434085953,-1.3337858560058535e-05,-7.583839348020991e-06,11
213,0.01594389832109322,5.739460583115616e-06,0.015949637781676334,-1.3302000554271665e-05,-7.562539971156048e-06,11
214,0.015930632016709856,5.724979190227173e-06,0.015936356995900083,-1.3266304383363625e-05,-7.541325193136452e-06,11
215,0.015917401246806184,5.710574707201045e-06,0.015923111821513385,-1.3230769903671558e-05,-7.520195196470513e-06,11
216,0.015904205850081787,5.696246810112804e-06,0.0159099020968919,-1.3195396724396957e-05,-7.499149914284153e-06,11
217,0.015891045665408332,5.681995176699261e-06,0.01589672766058503,-1.3160184673455255e-05,-7.4781894967559945e-06,11
218,0.01587792053207504,5.667819486253953e-06,0.015883588351561295,-1.3125133333291572e-05,-7.457313847037619e-06,11
219,0.01586483028879837,5.653719417889941e-06,0.01587048400821626,-1.3090243276669966e-05,-7.436523858780025e-06,11
220,0.015851774775736516,5.639694655626794e-06,0.015857414470392142,-1.3055513061854818e-05,-7.415818406228023e-06,11
221,0.015838753832671748,5.625744881778774e-06,0.015844379577553528,-1.3020943064767643e-05,-7.395198182988869e-06,11
222,0.015825767299277094,5.611869780483319e-06,0.015831379169057577,-1.2986533394654387e-05,-7.374663614171068e-06,11
223,0.015812815016400417,5.598069038732097e-06,0.01581841308543915,-1.2952282876677046e-05,-7.354213837944949e-06,11
224,0.015799896824991277,5.584342342300742e-06,0.015805481167333577,-1.291819140913919e-05,-7.333849066838448e-06,11
225,0.015787012566361946,5.5706893796742615e-06,0.01579258325574162,-1.2884258629330958e-05,-7.3135692496566965e-06,11
226,0.01577416208142468,5.557109839884624e-06,0.015779719191264564,-1.2850484937265705e-05,-7.293375097381081e-06,11
227,0.015761345211502964,5.543603413167743e-06,0.01576688881491613,-1.2816869921716822e-05,-7.273266508549079e-06,11
228,0.0157485617991997,5.530169790699408e-06,0.0157540919689904,-1.2783412303263297e-05,-7.25324251256389e-06,11
229,0.015735811686325762,5.51680866424312e-06,0.015741328494990006,-1.2750112873938235e-05,-7.233304209695115e-06,11
230,0.015723094714718444,5.503519726663926e-06,0.01572859823444511,-1.2716971607318328e-05,-7.213451880654402e-06,11
231,0.015710410728910884,5.490302672424478e-06,0.01571590103158331,-1.2683985807560028e-05,-7.19368313513555e-06,11
232,0.015697759571380643,5.477157196025702e-06,0.01570323672857667,-1.2651157530241264e-05,-7.174000334215561e-06,11
233,0.015685141085704624,5.464082992512277e-06,0.015690605168697136,-1.2618485676019198e-05,-7.154402683506921e-06,11
234,0.015672555115826436,5.451079758506495e-06,0.015678006195584942,-1.2585969878187164e-05,-7.134890119680669e-06,11
235,0.015660001505377497,5.438147190859017e-06,0.015665439652568357,-1.2553610448939878e-05,-7.115463258080861e-06,11
236,0.01564748010027872,5.4252849874847775e-06,0.015652905385266206,-1.2521405098775418e-05,-7.09612011129064e-06,11
237,0.015634990744957777,5.412492846724715e-06,0.015640403237804502,-1.2489355320943751e-05,-7.076862474219036e-06,11
238,0.015622533284703977,5.3997704675735845e-06,0.01562793305517155,-1.245746025380079e-05,-7.057689786227205e-06,11
239,0.01561010756506942,5.387117549801419e-06,0.015615494682619222,-1.2425719634556742e-05,-7.038602084755323e-06,12
240,0.015597713432694227,5.374533793651058e-06,0.015603087966487877,-1.2394132375193045e-05,-7.019598581541987e-06,12
241,0.015585350733829939,5.362018900415511e-06,0.015590712752730355,-1.2362698864287758e-05,-7.000679963872247e-06,11
242,0.015573019315353154,5.349572571633197e-06,0.015578368887924786,-1.2331418476785316e-05,-6.981845905152119e-06,12
243,0.015560719024260372,5.3371945096769096e-06,0.015566056218770049,-1.2300291092781634e-05,-6.963096583104725e-06,11
244,0.015548449708845058,5.324884416993741e-06,0.015553774593262052,-1.2269315415314175e-05,-6.944430998320434e-06,11
245,0.015536211216844564,5.312641997294714e-06,0.015541523858841859,-1.223849200049365e-05,-6.925850003198937e-06,12
246,0.015524003396885755,5.300466954108542e-06,0.015529303863839864,-1.2207819958809374e-05,-6.907353004700832e-06,12
247,0.015511826097779013,5.288358991959343e-06,0.015517114456770972,-1.217729910674148e-05,-6.8889401147821365e-06,11
248,0.015499679168864855,5.27631781584747e-06,0.015504955486680702,-1.2146928914158472e-05,-6.870611098311003e-06,11
249,0.015487562459863158,5.2643431310426934e-06,0.0154928268029942,-1.2116709001697146e-05,-6.852365870654452e-06,11
250,0.015475475820957207,5.252434644250511e-06,0.015480728255601458,-1.2086638905950409e-05,-6.834204261699898e-06,11
251,0.015463419102808018,5.240592060728223e-06,0.015468659694868747,-1.2056718149189294e-05,-6.816126088461071e-06,11
252,0.015451392156406785,5.228815088281598e-06,0.015456620971495066,-1.2026946401233474e-05,-6.7981313129518756e-06,11
253,0.015439394833178466,5.217103434135636e-06,0.015444611936612602,-1.1997323228318812e-05,-6.780219794183176e-06,11
254,0.015427426985067605,5.205456806198818e-06,0.015432632441873803,-1.1967848110860935e-05,-6.762391304662117e-06,11
255,0.015415488464426197,5.193874912858069e-06,0.015420682339339055,-1.193852064140799e-05,-6.744645728549921e-06,11
256,0.015403579124025457,5.1823574631264714e-06,0.015408761481488583,-1.1909340400739765e-05,-6.726982937613294e-06,11
257,0.015391698817119548,5.170904166233891e-06,0.015396869721285782,-1.1880306905909244e-05,-6.7094027396753525e-06,11
258,0.015379847397560154,5.159514732124006e-06,0.015385006912292278,-1.1851419559394394e-05,-6.691904827270388e-06,11
259,0.015368024719398354,5.1481888709370384e-06,0.01537317290826929,-1.182267816179916e-05,-6.674489290862122e-06,12
260,0.015356230636996981,5.1369262935291155e-06,0.01536136756329051,-1.1794082401372918e-05,-6.657156107843803e-06,11
261,0.01534446500570874,5.1257267110095206e-06,0.01534959073241975,-1.1765631288240819e-05,-6.639904577231298e-06,12
262,0.015332727681065639,5.114589835112176e-06,0.01533784227090075,-1.1737324643101843e-05,-6.622734807989667e-06,12
263,0.015321018519123153,5.1035153781189505e-06,0.015326122034501273,-1.1709161942485835e-05,-6.6056465643668845e-06,11
264,0.015309337376229526,5.092503052400903e-06,0.015314429879281928,-1.1681142893626983e-05,-6.588639841226081e-06,11
265,0.015297684109549348,5.081552571527234e-06,0.015302765662120875,-1.1653266680178298e-05,-6.571714108651064e-06,14
266,0.015286058576720607,5.07066364864815e-06,0.015291129240369255,-1.1625532828740681e-05,-6.554869180092531e-06,14
267,0.015274460635174791,5.05983599748054e-06,0.015279520471172273,-1.1597941545815615e-05,-6.5381055483350756e-06,17
268,0.015262890143619368,5.049069332697565e-06,0.015267939212952065,-1.1570491555423779e-05,-6.521422222726213e-06,14
269,0.01525134696092112,5.038363369888772e-06,0.015256385324291008,-1.1543182698248167e-05,-6.504819328359395e-06,13
270,0.015239830946583877,5.027717823947564e-06,0.015244858664407824,-1.1516014337242808e-05,-6.488296513295244e-06,13
271,0.015228341960404013,5.017132410622671e-06,0.015233359092814635,-1.1488986179863936e-05,-6.471853769241265e-06,12
272,0.015216879862876898,5.0066068468080035e-06,0.015221886469723705,-1.1462097527115134e-05,-6.45549068030713e-06,12
273,0.0152054445148615,4.996140849098971e-06,0.015210440655710597,-1.1435348015398361e-05,-6.43920716629939e-06,11
274,0.015194035777752246,4.985734135037482e-06,0.015199021511887284,-1.1408737109253053e-05,-6.423002974215571e-06,12
275,0.015182653513693745,4.97538642222105e-06,0.015187628900115966,-1.1382264058501512e-05,-6.406877636280462e-06,11
276,0.015171297584108734,4.9650974290949134e-06,0.015176262681537829,-1.1355929585010749e-05,-6.3908321559158355e-06,11
277,0.015159967853297429,4.954866874371562e-06,0.015164922720171801,-1.1329730811304728e-05,-6.374863936933166e-06,11
278,0.015148664183915472,4.944694477941299e-06,0.015153608878393414,-1.1303669381956816e-05,-6.358974904015517e-06,12
279,0.015137386440086775,4.934579959255168e-06,0.015142321020046031,-1.1277743828697062e-05,-6.343163869441894e-06,12
280,0.015126134486059928,4.924523038591195e-06,0.01513105900909852,-1.1251954026847422e-05,-6.3274309882562266e-06,12
281,0.01511490818699801,4.914523437196265e-06,0.015119822710435207,-1.1226299061917189e-05,-6.311775624720924e-06,11
282,0.015103707408295364,4.904580876279132e-06,0.015108611989171643,-1.1200778702646907e-05,-6.296197826367775e-06,11
283,0.015092532015416604,4.894695077995441e-06,0.0150974267104946,-1.117539287875946e-05,-6.280697800764019e-06,11
284,0.015081381876036803,4.884865764589906e-06,0.015086266741801394,-1.1150139379800805e-05,-6.265273615210899e-06,11
285,0.015070256856578812,4.8750926593488775e-06,0.01507513194923816,-1.1125019457991492e-05,-6.249926798642614e-06,11
286,0.015059156824608788,4.865375485788375e-06,0.015064022200094576,-1.110003197002385e-05,-6.234656484235474e-06,11
287,0.015048081647459965,4.855713967913211e-06,0.015052937361427878,-1.1075177148822668e-05,-6.219463180909457e-06,11
288,0.015037031195288986,4.846107831078385e-06,0.015041877303120064,-1.1050452170979774e-05,-6.20434433990139e-06,11
289,0.015026005336436943,4.8365567995736896e-06,0.015030841893236516,-1.102585885204288e-05,-6.189302052469191e-06,12
290,0.01501500394054045,4.827060599714729e-06,0.015019831001140165,-1.1001395896492738e-05,-6.1743352967780095e-06,12
291,0.015004026877516452,4.8176189578233985e-06,0.015008844496474275,-1.0977063023998035e-05,-6.159444066174636e-06,12
292,0.014993074018696095,4.808231601181091e-06,0.014997882250297277,-1.0952858820356681e-05,-6.14462721917559e-06,12
293,0.014982145235163946,4.798898257006207e-06,0.014986944133420952,-1.0928783532149211e-05,-6.129885275143004e-06,11
294,0.014971240398185537,4.789618653583472e-06,0.01497603001683912,-1.0904836978409271e-05,-6.115218324825799e-06,11
295,0.014960359380728927,4.780392519940274e-06,0.014965139773248867,-1.0881017456609854e-05,-6.10062493666958e-06,11
296,0.01494950205524459,4.771219585091897e-06,0.014954273274829682,-1.0857325484336933e-05,-6.086105899245036e-06,12
297,0.014938668295278124,4.76209957912697e-06,0.01494343039485725,-1.0833759966466516e-05,-6.071660387339546e-06,11
298,0.014927857974705305,4.753032232705558e-06,0.014932611006938011,-1.0810320572818277e-05,-6.057288340112719e-06,10
299,0.014917070968227919,4.744017277177531e-06,0.014921814985505096,-1.0787006477386285e-05,-6.042989200208754e-06,10
300,0.014906307150298392,4.735054443485755e-06,0.014911042204741877,-1.0763817929526631e-05,-6.028763486040876e-06,10
301,0.014895566396773585,4.7261434656223905e-06,0.014900292540239208,-1.074075352480719e-05,-6.014610059184799e-06,10
302,0.014884848584416521,4.717284076115094e-06,0.014889565868492636,-1.0717812357063927e-05,-6.000528280948833e-06,11
303,0.014874153588677164,4.7084760084800145e-06,0.014878862064685644,-1.0694995739357616e-05,-5.986519730877601e-06,10
304,0.014863481286852442,4.699718997326036e-06,0.014868181005849768,-1.0672301824721231e-05,-5.972582827395195e-06,11
305,0.014852831557032875,4.691012777487032e-06,0.014857522569810362,-1.0649729819567355e-05,-5.958717042080323e-06,10
306,0.014842204277178195,4.682357085061922e-06,0.014846886634263257,-1.062727985468026e-05,-5.944922769618339e-06,10
307,0.014831599326171174,4.673751656193358e-06,0.014836273077827368,-1.0604951007020524e-05,-5.931199350827166e-06,10
308,0.014821016583346003,4.665196228141805e-06,0.014825681779574145,-1.0582742825171465e-05,-5.91754659702966e-06,11
309,0.014810455928480959,4.656690538692081e-06,0.014815112619019652,-1.0560654865043873e-05,-5.9039643263517915e-06,10
310,0.01479991724194929,4.648234326163237e-06,0.014804565476275454,-1.0538686531669228e-05,-5.890452205505991e-06,10
311,0.014789400404744302,4.6398273300483815e-06,0.01479404023207435,-1.0516837204987972e-05,-5.877009874939591e-06,10
312,0.014778905298309386,4.631469290015182e-06,0.0147835367675994,-1.049510643491569e-05,-5.863637144900509e-06,10
313,0.014768431804586646,4.623159946640828e-06,0.014773054964533287,-1.0473493722740201e-05,-5.850333776099373e-06,10
314,0.01475797980610416,4.614899041224243e-06,0.014762594705145383,-1.0451998482485791e-05,-5.837099441261548e-06,11
315,0.01474754918593657,4.6066863157013576e-06,0.014752155872252272,-1.0430620167589666e-05,-5.823933851888308e-06,10
316,0.014737139827816548,4.598521512657825e-06,0.014741738349329205,-1.0409358120022638e-05,-5.8108366073648135e-06,11
317,0.014726751615870004,4.590404376216858e-06,0.014731342020246221,-1.0388211946543713e-05,-5.797807570326855e-06,11
318,0.014716384434693586,4.582334649710077e-06,0.014720966769343296,-1.0367181176418327e-05,-5.7848465267082505e-06,12
319,0.014706038169566615,4.574312078301403e-06,0.014710612481644916,-1.0346265126970344e-05,-5.771953048668942e-06,11
320,0.014695712706244368,4.56633640766107e-06,0.01470027904265203,-1.0325463322247153e-05,-5.759126914586083e-06,11
321,0.014685407931065542,4.558407384417942e-06,0.01468996633844996,-1.0304775178826553e-05,-5.746367794408611e-06,11
322,0.014675123730655049,4.550524755431254e-06,0.01467967425541048,-1.028420041049305e-05,-5.7336756550617954e-06,11
323,0.014664859992852164,4.542688268931601e-06,0.014669402681121095,-1.0263737802884698e-05,-5.7210495339530975e-06,10
324,0.014654616605481063,4.534897673073582e-06,0.014659151503154137,-1.0243387371100532e-05,-5.70848969802695e-06,10
325,0.014644393456622717,4.527152717705412e-06,0.014648920609340423,-1.0223148858345965e-05,-5.695996140640553e-06,10
326,0.01463419043557701,4.5194531529441e-06,0.014638709888729954,-1.0203021045707139e-05,-5.683567892763039e-06,11
327,0.014624007431748187,4.511798729793824e-06,0.014628519230477982,-1.018300382882309e-05,-5.671205099029266e-06,11
328,0.01461384433491486,4.504189199891013e-06,0.014618348524114751,-1.0163096833326613e-05,-5.6589076334356e-06,10
329,0.014603701035854844,4.496624315937554e-06,0.01460819766017078,-1.0143299060016986e-05,-5.646674744079432e-06,10
330,0.014593577425808135,4.489103831139181e-06,0.014598066529639275,-1.0123610046708365e-05,-5.6345062155691835e-06,10
331,0.014583473396997393,4.481627499608122e-06,0.014587955024497001,-1.010402881074235e-05,-5.6224013111342276e-06,10
332,0.014573388841394808,4.474195076554206e-06,0.014577863036471362,-1.0084555602585255e-05,-5.610360526031049e-06,11
333,0.014563323651207938,4.466806316722896e-06,0.014567790457524661,-1.0065190186869799e-05,-5.598383870146903e-06,11
334,0.014553277719865365,4.459460977868059e-06,0.014557737180843234,-1.00459313425727e-05,-5.586470364704641e-06,11
335,0.014543250941175923,4.452158816642942e-06,0.014547703099992565,-1.0026778689442573e-05,-5.5746198727996305e-06,10
336,0.01453324320957139,4.444899591581037e-06,0.01453768810916297,-1.0007731604533276e-05,-5.5628320129522395e-06,11
337,0.014523254419878895,4.437683061444397e-06,0.014527692102940339,-9.988789692494393e-06,-5.551106631049996e-06,11
338,0.014513284467288168,4.430508985923752e-06,0.014517714976274092,-9.969952590727083e-06,-5.53944360480333e-06,11
339,0.0145033332477974,4.423377125893475e-06,0.014507756624923294,-9.951219490766938e-06,-5.5278423648734635e-06,10
340,0.0144934006577081,4.416287242527875e-06,0.014497816944950628,-9.93259008930103e-06,-5.516302846773155e-06,11
341,0.014483486594270678,4.409239098463775e-06,0.014487895833369142,-9.914063437421738e-06,-5.504824338957963e-06,10
342,0.014473590954709348,4.402232456374723e-06,0.014477993187165722,-9.895639561330327e-06,-5.493407104955604e-06,11
343,0.014463713636137632,4.395267080492953e-06,0.014468108903218124,-9.877318571716032e-06,-5.482051491223079e-06,11
344,0.01445385453852055,4.388342735006091e-06,0.014458242881255556,-9.859097617082035e-06,-5.470754882075945e-06,11
345,0.01444401356069247,4.381459186449028e-06,0.014448395019878919,-9.840977828079467e-06,-5.459518641630439e-06,10
346,0.014434190601853025,4.374616200833102e-06,0.014438565218053858,-9.82295883944495e-06,-5.448342638611849e-06,11
347,0.014424385561170538,4.3678135457815796e-06,0.01442875337471632,-9.805040682486776e-06,-5.437227136705197e-06,11
348,0.014414598341016327,4.361050989176488e-06,0.014418959392005503,-9.787220154211518e-06,-5.4261691650350296e-06,11
349,0.014404828841595885,4.354328299949637e-06,0.014409183169895834,-9.769499420442251e-06,-5.4151711204926146e-06,11
350,0.014395076964565878,4.347645248027436e-06,0.014399424609813905,-9.751877030006462e-06,-5.404231781979026e-06,11
351,0.01438534261202351,4.341001604479639e-06,0.01438968361362799,-9.734352542367652e-06,-5.393350937888013e-06,11
352,0.014375625686609772,4.334397140827377e-06,0.014379960083750599,-9.716925413738586e-06,-5.382528272911209e-06,10
353,0.01436592609147147,4.327831629334606e-06,0.014370253923100805,-9.699595138301653e-06,-5.3717635089670475e-06,11
354,0.01435624373003086,4.32130484357661e-06,0.014360565034874437,-9.68236144061052e-06,-5.36105659703391e-06,11
355,0.014346578506882812,4.314816557458739e-06,0.014350893323440271,-9.66522314804763e-06,-5.350406590588891e-06,11
356,0.014336930326508734,4.308366546506777e-06,0.014341238693055241,-9.648180374077775e-06,-5.339813827570998e-06,11
357,0.014327299094061163,4.301954586499696e-06,0.014331601048647663,-9.631232447571136e-06,-5.3292778610714405e-06,11
358,0.014317684715254853,4.295580454289334e-06,0.014321980295709143,-9.614378806310775e-06,-5.318798352021441e-06,11
359,0.014308087096231215,4.289243927614698e-06,0.01431237634015883,-9.597619023637982e-06,-5.308375096023284e-06,11
360,0.01429850614373529,4.282944785092174e-06,0.014302789088520382,-9.5809524959245e-06,-5.298007710832325e-06,10
361,0.014288941764882157,4.276682806198518e-06,0.014293218447688355,-9.564378853132993e-06,-5.287696046934475e-06,11
362,0.014279393867374646,4.270457771352514e-06,0.014283664325145998,-9.547897507511394e-06,-5.2774397361588795e-06,11
363,0.014269862359420293,4.264269461757949e-06,0.014274126628882052,-9.531507954352314e-06,-5.267238492594365e-06,11
364,0.014260347149193664,4.2581176596800384e-06,0.014264605266853345,-9.515210226629378e-06,-5.25709256694934e-06,11
365,0.014250848146802553,4.2520021479924545e-06,0.014255100148950546,-9.499002391111233e-06,-5.247000243118779e-06,10
366,0.014241365261197236,4.245922710526875e-06,0.014245611183907764,-9.482885605316405e-06,-5.23696289478953e-06,10
367,0.014231898403005538,4.239879132249062e-06,0.014236138282137788,-9.466858191697902e-06,-5.22697905944884e-06,11
368,0.014222447482657552,4.233871199435589e-06,0.014226681353856987,-9.450920347986447e-06,-5.217049148550858e-06,10
369,0.01421301241120676,4.227898698222183e-06,0.014217240309904983,-9.43507145079181e-06,-5.207172752569627e-06,10
370,0.014203593100329925,4.221961415932869e-06,0.014207815061745859,-9.419310876834786e-06,-5.197349460901917e-06,11
371,0.014194189462110263,4.216059141261329e-06,0.014198405521251524,-9.403638219662724e-06,-5.187579078401395e-06,10
372,0.014184801409128589,4.2101916634341585e-06,0.014189011600792023,-9.388052981673667e-06,-5.177861318239508e-06,10
373,0.014175428854446004,4.2043587726530445e-06,0.014179633213218657,-9.372554682585132e-06,-5.168195909932088e-06,10
374,0.01416607171162687,4.198560260080397e-06,0.014170270271886951,-9.357142819133024e-06,-5.158582559052627e-06,11
375,0.014156729894594933,4.192795917679632e-06,0.014160922690512612,-9.341817031938149e-06,-5.1490211142585165e-06,11
376,0.014147403318007457,4.1870655382090785e-06,0.014151590383545666,-9.326576587476154e-06,-5.139511049267076e-06,11
377,0.014138091896768623,4.181368915773562e-06,0.014142273265684397,-9.31142123883344e-06,-5.130052323059878e-06,11
378,0.014128795546127226,4.175705844300573e-06,0.014132971251971526,-9.296350641396778e-06,-5.120644797096205e-06,10
379,0.014119514182374004,4.170076120980304e-06,0.014123684258494985,-9.28136375322186e-06,-5.1112876322415565e-06,11
380,0.014110247721702884,4.164479540924381e-06,0.014114412201243808,-9.266460671120136e-06,-5.101981130195755e-06,10
381,0.01410099608097748,4.158915902060471e-06,0.014105154996879539,-9.251640725405075e-06,-5.092724823344604e-06,10
382,0.014091759177426555,4.1533850028080215e-06,0.014095912562429362,-9.236903550924325e-06,-5.083518548116303e-06,10
383,0.014082536929049039,4.1478866420497625e-06,0.014086684815691088,-9.222248377516173e-06,-5.074361735466411e-06,10
384,0.014073329253991518,4.142420620252482e-06,0.01407747167461177,-9.207675057520959e-06,-5.065254437268477e-06,10
385,0.014064136070362054,4.136986738365396e-06,0.014068273057100419,-9.19318362946342e-06,-5.0561968910980235e-06,10
386,0.014054957298584969,4.131584798230227e-06,0.014059088883383199,-9.17877177708526e-06,-5.047186978855033e-06,10
387,0.014045792857590667,4.126214602771734e-06,0.014049919072193438,-9.16444099430258e-06,-5.0382263915308466e-06,10
388,0.014036642667597188,4.120875955677733e-06,0.014040763543552865,-9.150189993478719e-06,-5.029314037800986e-06,10
389,0.014027506648580435,4.115568661690182e-06,0.014031622217242124,-9.136019016753316e-06,-5.0204503550631345e-06,10
390,0.014018384722591648,4.110292526276712e-06,0.014022495015117925,-9.121925988786472e-06,-5.011633462509761e-06,11
391,0.014009276810528437,4.1050473560416265e-06,0.014013381857884479,-9.107912063210932e-06,-5.002864707169306e-06,11
392,0.014000182834292496,4.099832958270412e-06,0.014004282667250767,-9.093976235940993e-06,-4.99414327767058e-06,11
393,0.013991102715603887,4.0946491412410995e-06,0.013995197364745127,-9.08011868860914e-06,-4.985469547368041e-06,11
394,0.013982036378751062,4.0894957143625274e-06,0.013986125874465424,-9.06633685282543e-06,-4.976841138462902e-06,11
395,0.013972983745947465,4.084372487118205e-06,0.013977068118434584,-9.052632803596694e-06,-4.968260316478489e-06,11
396,0.01396394474078766,4.079279270813507e-06,0.013968024020058473,-9.039005159805491e-06,-4.959725888991984e-06,11
397,0.01395491928789605,4.074215877512998e-06,0.013958993503773564,-9.025452891608943e-06,-4.951237014095945e-06,10
398,0.013945907311727734,4.069182119753226e-06,0.013949976493847488,-9.01197616831606e-06,-4.942794048562835e-06,11
399,0.013936908736489895,4.064177811327831e-06,0.013940972914301223,-8.998575237839646e-06,-4.934397426511815e-06,11
400,0.013927923488830207,4.059202766839195e-06,0.013931982691597046,-8.985247659687445e-06,-4.926044892848251e-06,11
