Values_03_17_59,Values_03_26_33,Values_03_35_07,Values_03_43_50,Values_03_53_09,Values_04_03_46,Values_04_29_11
-0.000879945,-0.000879945,-0.000879945,-0.000879945,-0.000879945,-0.000879945,0.001798058
0.003865511,0.001530015,-7.59E-05,-0.001285481,-0.002197171,-0.002877862,-0.002319413
0.009887328,0.005271128,0.002117832,-0.000242473,-0.002011997,-0.003328047,-0.003931502
0.017952518,0.011105287,0.00646032,0.003006214,0.000431527,-0.001475352,-0.003554368
0.028390656,0.019354306,0.013269056,0.008775526,0.005446744,0.002992522,-0.000657355
0.041463883,0.030272318,0.02279409,0.017313301,0.013280269,0.010321474,0.00498954
0.057508782,0.044188191,0.035360825,0.028943405,0.02425537,0.020834554,0.013673395
0.076878136,0.061447256,0.051311808,0.044007628,0.038713946,0.034874033,0.025732788
0.099924271,0.082394933,0.070990634,0.062849828,0.057000885,0.052785905,0.041514025
0.126969077,0.107347174,0.09471276,0.085787056,0.079435423,0.074891432,0.061355428
0.158277128,0.136564164,0.122739685,0.113084119,0.106286004,0.101462221,0.085557671
0.194029249,0.170224626,0.155253825,0.14492889,0.137745913,0.132696086,0.114360281
0.234298977,0.208403129,0.192336447,0.181410713,0.173912016,0.168696031,0.147918632
0.279032879,0.251051331,0.233949584,0.222502792,0.214767482,0.209453193,0.186285001
0.328035907,0.297984287,0.279922987,0.268049588,0.260169474,0.254834729,0.22939393
0.380962657,0.348872613,0.329946875,0.31775994,0.309842495,0.304577293,0.277052918
0.437315152,0.403241044,0.383570946,0.371206324,0.363377762,0.35828646,0.328938867
0.496447455,0.460473609,0.440209796,0.427830334,0.420238661,0.415442113,0.384600495
0.557577099,0.519825294,0.499154543,0.486954132,0.479771969,0.475409456,0.443466517
0.61980295,0.580439728,0.559590116,0.547797267,0.541224222,0.53745499,0.504859089
0.682128819,0.641372105,0.620617356,0.609497964,0.603762284,0.600766508,0.568011691
0.743491824,0.701616284,0.681278824,0.671137749,0.666496992,0.66447597,0.63209041
0.802794235,0.76013479,0.740587039,0.731768145,0.728508587,0.72768397,0.696217331
0.85893745,0.815890362,0.797553813,0.790438134,0.788872703,0.789484607,0.759495016
0.910856445,0.867877503,0.851219236,0.846221027,0.846685587,0.848989498,0.821030065
0.957553757,0.915153223,0.900679641,0.898240186,0.901088126,0.905350568,0.879957745
0.99812963,0.956863831,0.94511159,0.94569081,0.951286004,0.957779041,0.935456742
1.031814545,0.992274248,0.983798578,0.987864659,0.996573011,1.005567777,0.986788327
1.057975461,1.020771451,1.016132328,1.024149802,1.036329733,1.048089272,1.03324367
1.076198476,1.041945002,1.041691785,1.054108605,1.070100943,1.084872703,1.074383883
1.086233089,1.05553024,1.06018583,1.077420351,1.097538354,1.115546897,1.109342838
1.092622584,1.066038559,1.076083871,1.098512382,1.123032369,1.144472633,1.140012241
1.099618806,1.077689129,1.09356802,1.121531174,1.150698679,1.17574109,1.171538886
1.106950049,1.090185311,1.112316373,1.146130857,1.180170609,1.208968863,1.20557264
1.114720341,1.103603321,1.132377101,1.172333377,1.211447614,1.244137516,1.24151093
1.122900887,1.117885044,1.15366294,1.200024536,1.244392629,1.281091911,1.279401419
1.131494551,1.133002234,1.176115045,1.229117541,1.278895361,1.319703329,1.31904239
1.140491748,1.148912719,1.199659539,1.25950988,1.314829444,1.359826831,1.360305482
1.149882252,1.165572343,1.22421961,1.291095561,1.352064798,1.401313713,1.403029676
1.159652036,1.182932011,1.249712761,1.323762557,1.390465232,1.444009236,1.447056347
1.169784148,1.200938741,1.276052059,1.357394228,1.429890021,1.487754311,1.49221954
1.18025853,1.219535676,1.303146336,1.391869702,1.470194416,1.53238612,1.538350103
1.191052141,1.238662392,1.330900687,1.427064537,1.511230456,1.577739026,1.585275616
1.202139015,1.258255145,1.3592169,1.462851315,1.552847682,1.623645394,1.632821565
1.213490367,1.278247148,1.387993916,1.499100256,1.59489388,1.669936415,1.680812128
1.225074698,1.298568866,1.41712828,1.535679816,1.637215793,1.71644291,1.729071056
1.236857919,1.319148303,1.446514597,1.572457281,1.67965982,1.762996108,1.77742249
1.248803496,1.339911309,1.476045987,1.609299341,1.72207269,1.809428387,1.825691756
1.260872598,1.360781884,1.505614526,1.646072653,1.764302113,1.855573991,1.873706124
1.273024262,1.38168249,1.535111679,1.682644376,1.80619739,1.901269698,1.921295529
1.285215571,1.402534358,1.564428727,1.718882677,1.847609992,1.946355443,1.968293233
1.297401836,1.423257794,1.593457165,1.754657221,1.888394096,1.990674889,2.014536442
1.309536791,1.443772486,1.622089095,1.789839611,1.928407074,2.034075951,2.059866868
1.321572796,1.463997802,1.650217585,1.824303801,1.967509933,2.076411249,2.10413122
1.33346104,1.483853077,1.677737018,1.857926472,2.005567708,2.117538502,2.147181638
1.345151757,1.5032579,1.704543405,1.890587358,2.042449788,2.15732086,2.188876044
1.356594437,1.52213238,1.730534674,1.92216954,2.078030195,2.195627156,2.229078432
1.367738047,1.540397409,1.755610934,1.952559682,2.112187798,2.232332095,2.267659071
1.378531247,1.55797491,1.779674708,1.981648231,2.144806464,2.267316363,2.304494636
1.388922605,1.574788067,1.802631133,2.009329566,2.175775154,2.300466667,2.339468252
1.39886082,1.590761548,1.824388134,2.035502105,2.204987947,2.331675694,2.372469465
1.408294928,1.605821703,1.844856569,2.060068357,2.232344018,2.360842009,2.403394129
1.417174517,1.619896763,1.863950339,2.082934943,2.257747543,2.38786987,2.432144222
1.425449931,1.632917007,1.881586481,2.104012562,2.281107562,2.412668992,2.458627582
1.433072468,1.644814928,1.897685223,2.12321593,2.30233778,2.435154234,2.482757583
1.439994577,1.655525378,1.912170025,2.140463675,2.321356332,2.455245247,2.504452742
1.446170045,1.664985704,1.924967594,2.155678205,2.3380855,2.472866062,2.523636275
1.451554179,1.673135873,1.936007888,2.168785553,2.352451399,2.487944646,2.540235606
1.456103977,1.679918585,1.945224093,2.179715196,2.364383642,2.500412426,2.554181838
1.4597783,1.685279383,1.952552608,2.188399865,2.373814981,2.510203792,2.565409201
1.462538025,1.689166746,1.957933008,2.194775349,2.380680944,2.517255595,2.573854482
1.464346202,1.691532194,1.96130802,2.198780296,2.384919477,2.521506645,2.579456457
1.465168197,1.692330378,1.962623493,2.200356032,2.386470592,2.522897225,2.582155328
1.464971834,1.691519178,1.961828384,2.199446386,2.385276047,2.521368639,2.58189219
1.463727521,1.689059799,1.958874761,2.195997551,2.381279051,2.516862793,2.578608534
1.461408381,1.684916879,1.953717818,2.189957978,2.374424032,2.509321845,2.572245809
1.457990373,1.679058602,1.946315927,2.181278307,2.364656445,2.498687912,2.562745041
1.453452403,1.671456814,1.936630717,2.169911365,2.351922666,2.484902874,2.550046547
1.447776443,1.662087167,1.924627184,2.155812208,2.33616996,2.467908266,2.534089742
1.440947627,1.650929263,1.910273856,2.138938253,2.317346551,2.447645294,2.514813062
1.432954366,1.637966821,1.893542992,2.119249468,2.295401787,2.42405497,2.492154015
1.423788439,1.623187858,1.874410835,2.096708664,2.270286435,2.397078389,2.466049379
1.413445092,1.606584892,1.852857922,2.071281867,2.24195309,2.366657165,2.436435554
1.401923136,1.588155162,1.828869441,2.042938797,2.210356728,2.332734028,2.403249096
1.389225029,1.567900861,1.802435654,2.011653435,2.175455398,2.295253598,2.366427426
1.37535697,1.545829395,1.773552369,1.977404713,2.137211063,2.254163344,2.325909745
1.360328978,1.521953655,1.742221472,1.940177291,2.095590596,2.209414741,2.281638153
1.344154975,1.496292299,1.70845151,1.899962447,2.050566927,2.160964614,2.233558984
1.326852854,1.468870055,1.672258328,1.856759069,2.002120345,2.108776687,2.181624351
1.308444556,1.43971802,1.633665741,1.810574733,1.950239945,2.052823326,2.125793925
1.288956125,1.408873978,1.592706254,1.761426877,1.894925216,1.993087459,2.066036917
1.268417763,1.376382699,1.549421799,1.709344036,1.836187745,1.929564676,2.002334254
1.246863875,1.342296251,1.503864494,1.654367144,1.774053039,1.862265478,1.934680963
1.224333103,1.306674279,1.456097403,1.596550869,1.708562414,1.791217643,1.863088694
1.200868343,1.269584284,1.406195288,1.535964963,1.639774945,1.716468689,1.787588378
1.176516753,1.231101856,1.354245328,1.472695601,1.567769427,1.638088371,1.708232969
1.15132974,1.191310888,1.300347797,1.40684668,1.492646308,1.556171179,1.625100218
1.125362934,1.150303735,1.244616677,1.338541041,1.414529552,1.470838767,1.53829542
1.098676132,1.108181329,1.187180186,1.267921584,1.333568375,1.382242249,1.447954063
1.071333232,1.065053228,1.128181199,1.195152236,1.249938801,1.29056429,1.354244298
1.043402132,1.021037603,1.067777549,1.120418733,1.163844985,1.196020923,1.257369163
1.014954608,0.976261148,1.00614218,1.043929181,1.075520236,1.098863,1.157568454
0.986066167,0.930858903,0.943463138,0.965914362,0.985227687,0.999377219,1.055120166
0.956815865,0.884973998,0.879943379,0.886627742,0.893260568,0.89788664,0.950341425
0.927286097,0.838757299,0.815800389,0.806345163,0.799942019,0.794750627,0.843588816
0.897562363,0.792366952,0.751265593,0.725364189,0.705624414,0.690364174,0.735258052
0.867732991,0.745967843,0.686583554,0.644003093,0.61068817,0.585156559,0.625782931
0.837888841,0.699730941,0.622010956,0.562599473,0.515540018,0.479589318,0.515633528
0.808122968,0.65383256,0.557815376,0.481508501,0.420610742,0.374153528,0.405313635
0.778530262,0.608453511,0.494273839,0.40110081,0.326352399,0.269366427,0.295357437
0.749207055,0.563778176,0.431671183,0.321760049,0.233235049,0.165767407,0.18632547
0.720250704,0.51999349,0.370298242,0.243880128,0.141743053,0.063913449,0.078799923
0.69175915,0.477287852,0.310449866,0.167862186,0.052370977,-0.035625914,-0.026620631
0.663830444,0.435849974,0.252422804,0.094111351,-0.034380793,-0.132274005,-0.129326964
0.636562274,0.395867663,0.196513478,0.023033313,-0.118010666,-0.225452673,-0.228705262
0.61005145,0.357526578,0.143015677,-0.044969204,-0.198020589,-0.31458809,-0.324143394
0.584393403,0.321008948,0.092218206,-0.109500027,-0.273920833,-0.399116558,-0.415037237
0.559681652,0.286492277,0.044402512,-0.170173117,-0.34523472,-0.47849021,-0.500796921
0.536007281,0.254148049,-0.000159661,-0.226616087,-0.411503218,-0.552182475,-0.580852858
0.513458415,0.224140454,-0.041208582,-0.278473604,-0.472289326,-0.619693241,-0.654661446
0.49211969,0.196625126,-0.078498761,-0.325410628,-0.527182177,-0.680553604,-0.721710351
0.472071746,0.171747942,-0.111801073,-0.367115459,-0.57580082,-0.734330174,-0.781523282
0.45339072,0.149643856,-0.140904763,-0.403302538,-0.617797639,-0.780628895,-0.833664242
0.436147768,0.130435813,-0.165619298,-0.433715004,-0.652861398,-0.819098365,-0.877741213
0.420408602,0.114233733,-0.185776067,-0.458126982,-0.680719895,-0.84943267,-0.913409294
0.406233054,0.101133579,-0.201229905,-0.476345584,-0.701142248,-0.871373766,-0.940373324
0.393674676,0.091216525,-0.211860432,-0.488212651,-0.713940816,-0.884713424,-0.958390022
0.382780365,0.084548221,-0.217573208,-0.493606203,-0.718972783,-0.889294821,-0.967269719
0.37359003,0.081178167,-0.218300694,-0.492441641,-0.716141436,-0.885013783,-0.966877729
0.366136303,0.0811392,-0.214003014,-0.484672672,-0.705397153,-0.871819756,-0.957135415
0.360444284,0.084447095,-0.204668527,-0.470291994,-0.68673812,-0.849716523,-0.938021012
0.356531341,0.091100291,-0.190314189,-0.449331729,-0.660210797,-0.818762687,-0.909570226
0.354406948,0.101079735,-0.170985722,-0.421863596,-0.625910129,-0.779071928,-0.871876624
0.354072581,0.114348848,-0.146757577,-0.38799885,-0.583979493,-0.730813023,-0.825091821
0.355521656,0.130853623,-0.117732687,-0.34788794,-0.534610367,-0.674209583,-0.769425423
0.358739522,0.150522844,-0.084042016,-0.301719902,-0.478041693,-0.609539485,-0.705144681
0.363703508,0.173268429,-0.045843887,-0.249721462,-0.414558885,-0.537133915,-0.632573795
0.370383013,0.198985899,-0.003323099,-0.192155825,-0.344492462,-0.457375965,-0.552092779
0.378739655,0.227554971,0.043310173,-0.129321137,-0.268216251,-0.370698727,-0.464135822
0.388727464,0.258840266,0.093821713,-0.061548619,-0.186145125,-0.277582797,-0.369189038
0.400293129,0.292692137,0.147954799,0.010799668,-0.098732241,-0.178553151,-0.267787556
0.413376286,0.328947606,0.205431962,0.0873334,-0.00646578,-0.074175365,-0.160511872
0.427909857,0.367431402,0.265956956,0.16763692,0.090134848,0.03494886,-0.047983458
0.443820426,0.407957102,0.329216904,0.2512725,0.190523277,0.148186819,0.069140408
0.461028661,0.450328355,0.394884637,0.337783911,0.294130941,0.264880555,0.190172531
0.479449766,0.494340176,0.462621168,0.426700255,0.400372216,0.384353144,0.314402348
0.498993971,0.53978032,0.532078299,0.517540016,0.508649897,0.505915419,0.441103045
0.519567048,0.586430686,0.602901311,0.609815256,0.618360903,0.628872988,0.569539076
0.541070858,0.634068772,0.674731714,0.703035898,0.728902088,0.752533414,0.698973957
0.563403908,0.682469142,0.747209998,0.796714012,0.839676056,0.876213355,0.828678113
0.586461939,0.731404895,0.819978366,0.890368015,0.950096824,0.999245524,0.957936606
0.610138511,0.780649122,0.892683385,0.983526718,1.059595229,1.12098526,1.086056529
0.634325605,0.829976328,0.964978528,1.075733122,1.167623938,1.240816574,1.21237387
0.658914221,0.879163815,1.036526558,1.166547906,1.273661952,1.358157499,1.336259688
0.683794981,0.927992989,1.107001719,1.255552526,1.377218512,1.472464636,1.457125422
0.708858713,0.976250597,1.176091706,1.34235188,1.477836333,1.583236801,1.574427241
0.733997034,1.023729877,1.243499384,1.426576494,1.575094096,1.690017696,1.687669325
0.759102909,1.070231593,1.308944236,1.507884206,1.668608197,1.792397603,1.796406052
0.784071196,1.115564979,1.37216353,1.585961331,1.758033716,1.890014083,1.900243085
0.808799166,1.159548547,1.432913201,1.660523316,1.843064663,1.982551743,1.998837376
0.833186988,1.202010795,1.490968445,1.731314904,1.923433507,2.069741117,2.09189618
0.857138199,1.242790778,1.546124046,1.798109832,1.998910078,2.151356774,2.179175148
0.880560129,1.281738573,1.598194432,1.86071012,2.069299905,2.227214745,2.26047564
0.903364302,1.318715619,1.647013514,1.918944987,2.134442083,2.297169415,2.335641388
0.925466793,1.353594956,1.692434297,1.972669471,2.194206768,2.36110999,2.404554649
0.946788558,1.386261359,1.73432833,2.021762807,2.2484924,2.418956687,2.467132006
0.967255723,1.41661138,1.772585006,2.066126637,2.297222762,2.470656783,2.523319967
0.986799837,1.444553319,1.807110751,2.105683114,2.340343967,2.516180639,2.573090508
1.005358096,1.470007117,1.837828148,2.140372979,2.37782148,2.555517822,2.616436677
1.022873523,1.4929042,1.864675025,2.170153658,2.409637247,2.588673437,2.653368407
1.039295121,1.513187281,1.887603535,2.194997449,2.435787029,2.61566475,2.683908625
1.054577998,1.530810128,1.906579274,2.214889849,2.45627799,2.636518195,2.708089759
1.068683453,1.545737321,1.921580448,2.22982806,2.471126613,2.651266816,2.725950708
1.081579039,1.557944,1.932597136,2.239819722,2.480356977,2.659948208,2.737534348
1.093238603,1.567415611,1.939630641,2.244881887,2.483999433,2.662602976,2.742885602
1.103642295,1.574147674,1.942692971,2.245040271,2.482089702,2.659273745,2.742050116
1.112776562,1.578145565,1.941806452,2.240328783,2.474668407,2.650004723,2.735073534
1.120634109,1.579424318,1.937003468,2.23078934,2.461781026,2.634841811,2.722001394
1.12721386,1.578008462,1.928326345,2.216471967,2.44347827,2.613833246,2.702879611
1.132520878,1.573931884,1.915827372,2.197435154,2.419816853,2.587030735,2.67775553
1.136566291,1.567237719,1.899568944,2.173746475,2.390860623,2.55449105,2.646679493
1.13936718,1.557978268,1.879623816,2.145483418,2.356682021,2.516278034,2.609706899
1.140946474,1.546214939,1.856075462,2.112734403,2.317363808,2.472464943,2.566900663
1.141332809,1.532018204,1.829018509,2.075599958,2.273001012,2.423137066,2.518334015
1.140560388,1.51546757,1.798559219,2.034193989,2.223703034,2.368394542,2.464093571
1.138668816,1.496651547,1.764816015,1.988645124,2.169595832,2.308355294,2.404282562
1.135702927,1.475667616,1.727919994,1.939098052,2.110824139,2.243157988,2.339024162
1.13171259,1.452622175,1.68801543,1.885714833,2.047553607,2.172964922,2.268464778
1.126752501,1.42763047,1.645260216,1.828676113,1.979972842,2.097964773,2.19277724
1.120881961,1.40081648,1.599826226,1.76818219,1.908295222,2.018375081,2.112163759
1.114164626,1.372312764,1.551899572,1.704453903,1.832760454,1.934444411,2.026858582
1.106668255,1.342260257,1.501680731,1.637733271,1.753635792,1.846454094,1.937130224
1.098464423,1.310807995,1.449384514,1.568283868,1.671216863,1.754719473,1.843283214
1.089628227,1.278112784,1.395239863,1.49639088,1.585828046,1.659590596,1.745659258
1.080237963,1.244338782,1.339489463,1.422360833,1.49782237,1.561452308,1.644637767
1.070374789,1.209657007,1.282389148,1.346520953,1.4075809,1.460723682,1.540635696
1.060122367,1.174244768,1.224207106,1.269218174,1.315511585,1.357856795,1.434106653
1.049566483,1.138285001,1.165222875,1.190817756,1.222047582,1.253334823,1.325539269
1.038794653,1.101965529,1.10572613,1.111701563,1.127645057,1.147669478,1.215454835
1.027895704,1.065478242,1.046015275,1.032265972,1.032780484,1.041397816,1.104404219
1.016959345,1.029018195,0.98639585,0.95291948,0.937947484,0.935078456,0.992964112
1.006075722,0.992782638,0.927178773,0.874080007,0.84365326,0.829287292,0.88173267
0.995334956,0.956969982,0.868678425,0.796171962,0.750414676,0.724612753,0.77132462
0.984826672,0.921778707,0.811210622,0.719623102,0.658754057,0.621650718,0.662365934
0.974639526,0.887406229,0.755090482,0.644861239,0.56919479,0.520999183,0.555488165
0.964860716,0.854047726,0.700630229,0.572310847,0.48225679,0.423252772,0.451322575
0.955575497,0.821894947,0.648136956,0.502389631,0.39845193,0.328997211,0.350494152
0.946866698,0.791135007,0.597910377,0.435505102,0.31827951,0.23880386,0.253615649
0.938814241,0.761949185,0.550240604,0.372051213,0.242221825,0.153224404,0.16128175
0.931494667,0.734511738,0.505405969,0.312405109,0.17073993,0.072785784,0.074063458
0.924980677,0.708988736,0.463670931,0.256924029,0.104269635,-0.002014542,-0.007497183
0.919340688,0.685536945,0.42528407,0.205942407,0.043217799,-0.07071296,-0.082891977
0.914638405,0.664302754,0.390476218,0.159769195,-0.012041036,-0.132883621,-0.151651002
0.910932419,0.645421165,0.359458727,0.118685438,-0.061167654,-0.188141904,-0.213346539
0.908275829,0.629014861,0.332421896,0.082942125,-0.10386078,-0.236147377,-0.267596464
0.906715898,0.615193341,0.309533574,0.052758327,-0.139859299,-0.276606283,-0.314067107
0.906293736,0.604052161,0.290937939,0.028319624,-0.168944074,-0.309273523,-0.352475575
0.907044026,0.595672259,0.276754483,0.009776833,-0.190939376,-0.333954173,-0.382591547
0.908994779,0.590119387,0.267077177,-0.002754958,-0.205713915,-0.350504539,-0.404238574
0.91216714,0.58744365,0.26197385,-0.009197078,-0.213181511,-0.35883279,-0.417294908
0.916575228,0.587679159,0.261485767,-0.009507653,-0.213301397,-0.358899174,-0.421693879
0.92222603,0.590843792,0.265627401,-0.003681718,-0.206078186,-0.350715854,-0.417423867
0.92911933,0.596939077,0.274386422,0.008248954,-0.191561507,-0.334346385,-0.404527884
0.937247695,0.605950191,0.28772387,0.02621629,-0.169845321,-0.309904832,-0.383102783
0.946596498,0.617846073,0.305574532,0.050116613,-0.141066938,-0.277554572,-0.353298122
0.957143996,0.63257966,0.327847507,0.079811596,-0.105405733,-0.237506753,-0.31531469
0.96886145,0.650088227,0.354426962,0.115129457,-0.06308157,-0.190018442,-0.269402685
0.981713292,0.67029385,0.38517306,0.1558664,-0.014352945,-0.135390456,-0.21585958
0.995657333,0.693103967,0.419923072,0.20178828,0.040485154,-0.073964868,-0.155027637
1.010645021,0.718412042,0.458492644,0.252632495,0.101103651,-0.006122215,-0.087291097
1.026621724,0.746098335,0.500677228,0.308110094,0.167142062,0.067721619,-0.013073044
1.043527069,0.776030747,0.546253655,0.367908073,0.238211412,0.147118797,0.067168068
1.0612953,0.808065762,0.594981837,0.431691862,0.313897394,0.231593218,0.15294219
1.079855672,0.842049446,0.646606588,0.499107976,0.393763738,0.320644458,0.243731749
1.099132872,0.877818529,0.700859552,0.569786804,0.477355761,0.413751927,0.338995981
1.119047467,0.915201518,0.757461204,0.643345519,0.564204075,0.510379226,0.438175489
1.13951636,0.954019872,0.816122922,0.719391067,0.653828403,0.609978635,0.540696983
1.160453272,0.994089195,0.876549099,0.797523222,0.745741466,0.711995688,0.645978143
1.181769229,1.035220451,0.938439271,0.877337649,0.839452899,0.815873775,0.753432539
1.203373052,1.077221181,1.001490246,0.958428962,0.934473129,0.921058711,0.862474555
1.225171853,1.119896721,1.065398196,1.040393716,1.030317182,1.027003199,0.972524228
1.247071525,1.163051389,1.12986071,1.122833315,1.126508355,1.133171128,1.083011941
1.268977226,1.206489649,1.194578753,1.205356787,1.222581702,1.239041643,1.1933829
1.29079385,1.25001722,1.259258539,1.287583387,1.318087288,1.344112914,1.303101314
1.312426482,1.293442143,1.323613273,1.369145005,1.412593164,1.447905567,1.411654223
1.33378084,1.336575766,1.387364754,1.449688339,1.505688022,1.549965709,1.518554926
1.354763684,1.379233666,1.450244816,1.528876813,1.596983494,1.649867521,1.623345935
1.375283215,1.421236479,1.511996598,1.606392208,1.686116066,1.747215374,1.725601438
1.395249436,1.462410642,1.572375621,1.681935996,1.772748593,1.841645452,1.824929238
1.414574489,1.502589042,1.631150669,1.755230371,1.856571386,1.932826866,1.920972131
1.433172963,1.541611555,1.688104471,1.826018949,1.93730289,2.02046226,2.013408747
1.450962171,1.579325502,1.743034176,1.894067169,2.014689925,2.1042879,2.101953826
1.467862396,1.61558598,1.795751625,1.959162365,2.088507533,2.184073285,2.186357956
1.48379711,1.650256116,1.846083426,2.021113549,2.158558418,2.259620288,2.266406811
1.49869316,1.683207207,1.893870839,2.079750906,2.22467203,2.330761856,2.341919884
1.512480925,1.714318778,1.938969486,2.13492502,2.286703306,2.397360331,2.412748799
1.525094455,1.74347855,1.981248894,2.186505874,2.344531106,2.459305409,2.478775219
1.536471577,1.770582335,2.020591896,2.234381623,2.398056402,2.516511811,2.53990841
1.546553982,1.795533861,2.056893909,2.278457208,2.447200231,2.56891671,2.596082534
1.555287295,1.818244537,2.090062096,2.31865281,2.491901502,2.616476973,2.647253715
1.56262113,1.838633172,2.120014462,2.35490221,2.532114659,2.659166276,2.693396945
1.568509125,1.856625664,2.146678883,2.387151073,2.567807294,2.696972156,2.734502903
1.572908978,1.872154662,2.169992108,2.415355205,2.59895772,2.729893054,2.77057474
1.575782465,1.885159216,2.18989875,2.439478809,2.625552585,2.757935404,2.8016249
1.577095468,1.895584434,2.206350297,2.459492793,2.647584552,2.78111083,2.827672022
1.576817989,1.903381153,2.219304165,2.475373151,2.665050098,2.799433496,2.848738007
1.574924179,1.908505633,2.228722818,2.487099459,2.677947473,2.812917652,2.86484526
1.571392364,1.910919298,2.234572973,2.494653515,2.68627486,2.821575432,2.876014196
1.566205084,1.910588512,2.236824919,2.498018155,2.690028764,2.825414923,2.882261019
1.559349141,1.907484432,2.235451955,2.497176264,2.689202669,2.824438564,2.883595829
1.550815655,1.901582909,2.230429985,2.492110022,2.683785988,2.818641879,2.880021086
1.54060014,1.892864478,2.221737263,2.482800388,2.673763332,2.808012587,2.871530457
1.52870259,1.881314424,2.209354315,2.469226847,2.659114112,2.792530105,2.858108062
1.515127573,1.866922925,2.193264043,2.451367441,2.639812507,2.772165463,2.839728159
1.49988435,1.849685295,2.173452016,2.429199087,2.615827785,2.746881642,2.816355266
1.482986997,1.829602303,2.149906957,2.402698188,2.58712502,2.716634357,2.787944741
1.464454544,1.806680583,2.122621418,2.371841543,2.553666182,2.681373277,2.75444383
1.444311117,1.780933124,2.091592652,2.336607564,2.515411619,2.641043702,2.715793192
1.422586094,1.752379842,2.056823661,2.296977773,2.472321917,2.595588687,2.671928898
1.399314257,1.721048212,2.018324424,2.252938591,2.424360136,2.544951605,2.622784911
1.374535946,1.686973965,1.976113272,2.204483381,2.371494401,2.489079141,2.568296027
1.348297213,1.650201832,1.930218413,2.151614742,2.313700833,2.427924701,2.508401279
1.320649957,1.610786314,1.880679561,2.094347006,2.250966772,2.361452188,2.443047759
1.291652055,1.568792475,1.82754965,2.03270891,2.183294273,2.28964012,2.372194845
1.261367466,1.524296726,1.770896604,1.966746398,2.110703796,2.212486025,2.295818757
1.229866316,1.477387589,1.710805117,1.896525495,2.033238051,2.130011048,2.213917412
1.197224953,1.428166422,1.6473784,1.822135193,1.950965912,2.042264679,2.12651546
1.163525961,1.376748064,1.580739861,1.74369028,1.863986299,1.949329508,2.033669438
1.128858138,1.32326141,1.511034658,1.661334046,1.772431961,1.851325888,1.935472897
1.093316433,1.267849858,1.438431074,1.575240765,1.676473018,1.748416368,1.832061397
1.057001825,1.210671633,1.363121679,1.485617887,1.57632017,1.640809771,1.723617188
1.02002115,1.15189995,1.285324208,1.392707855,1.472227445,1.528764743,1.610373453
0.982486881,1.091723008,1.205282127,1.296789446,1.364494361,1.412592649,1.492617917
0.94451683,1.030343786,1.123264825,1.19817858,1.253467391,1.292659639,1.370695671
0.906233806,0.967979647,1.039567413,1.097228508,1.139540635,1.16938776,1.245011038
0.867765202,0.904861714,0.954510093,0.994329338,1.023155582,1.043254996,1.116028339
0.829242516,0.841234038,0.868437071,0.889906844,0.904799927,0.914794121,0.984271435
0.790800823,0.777352536,0.781715016,0.784420538,0.78500537,0.784590333,0.85032195
0.752578174,0.713483715,0.694731061,0.678361008,0.664344407,0.653277615,0.714816133
0.714714947,0.649903193,0.607890367,0.572246538,0.543426125,0.521533872,0.578440337
0.677353148,0.586894013,0.521613272,0.466619051,0.422891062,0.390074899,0.441925191
0.640635657,0.524744797,0.436332069,0.362039451,0.303405226,0.259647305,0.306038548
0.604705443,0.463747727,0.35248747,0.259082453,0.185653409,0.131020544,0.17157736
0.569704739,0.404196422,0.270524808,0.158330991,0.070331932,0.004978274,0.039358707
0.535774194,0.346383697,0.190890049,0.060370358,-0.041858975,-0.117690753,-0.089789811
0.503052007,0.290599271,0.114025696,-0.034217831,-0.150222996,-0.236202002,-0.215040027
0.471673054,0.237127443,0.040366649,-0.124861682,-0.254075534,-0.349784428,-0.335573248
0.441768009,0.186244758,-0.029663895,-0.211004969,-0.352751325,-0.457689458,-0.450590074
0.413462485,0.138217726,-0.095658429,-0.292112844,-0.445611675,-0.559199471,-0.55931978
0.38687618,0.093300597,-0.157228947,-0.367677213,-0.532051181,-0.65363557,-0.661028985
0.362122058,0.051733233,-0.21401053,-0.437221678,-0.6115038,-0.740364509,-0.755029455
0.339305567,0.013739113,-0.26566463,-0.50030598,-0.683448188,-0.818804675,-0.840684885
0.318523896,-0.020476525,-0.31188205,-0.556529904,-0.747412258,-0.888431068,-0.917416606
0.299865285,-0.050728373,-0.352385565,-0.605536602,-0.802976936,-0.948779285,-0.984708171
0.28340839,-0.076852552,-0.38693219,-0.647015351,-0.849779144,-0.99944854,-1.042108865
0.269221722,-0.098707927,-0.415315066,-0.680703754,-0.887514049,-1.04010382,-1.089236223
0.257363143,-0.116177211,-0.437364988,-0.706389408,-0.915936649,-1.07047727,-1.125777673
0.247879449,-0.129167863,-0.452951578,-0.723911093,-0.934862785,-1.090368931,-1.15149142
0.240806017,-0.137612778,-0.461984107,-0.733159522,-0.944169655,-1.099646969,-1.166206752
0.236166548,-0.141470757,-0.464411996,-0.734077697,-0.943795928,-1.098247514,-1.169823898
0.233972885,-0.140726782,-0.460225005,-0.72666092,-0.93374152,-1.086174205,-1.162313572
0.234224913,-0.135392066,-0.449453136,-0.710956497,-0.914067108,-1.063497536,-1.143716305
0.236910554,-0.125503919,-0.432166249,-0.687063146,-0.8848934,-1.03035404,-1.114141652
0.242005838,-0.111125404,-0.408473412,-0.655130154,-0.846400196,-0.986945334,-1.073767295
0.24947506,-0.092344804,-0.378521997,-0.615356249,-0.798825224,-0.933537009,-1.022838041
0.259271023,-0.069274906,-0.342496507,-0.567988208,-0.742462726,-0.870457308,-0.961664685
0.271335357,-0.042052101,-0.300617153,-0.513319165,-0.677661747,-0.798095532,-0.890622644
0.285598913,-0.010835311,-0.253138173,-0.451686604,-0.604824067,-0.716900072,-0.81015028
0.301982232,0.024195253,-0.200345886,-0.383470001,-0.524401727,-0.627375971,-0.720746781
0.320396088,0.062839488,-0.142556488,-0.309088098,-0.436894065,-0.530081922,-0.6229695
0.340742081,0.104878942,-0.080113586,-0.22899578,-0.342844219,-0.425626594,-0.517430606
0.362913298,0.150078499,-0.013385489,-0.143680545,-0.242835069,-0.314664251,-0.404792988
0.386795026,0.198188184,0.057237754,-0.05365857,-0.137484568,-0.197889586,-0.28576531
0.412265501,0.248945078,0.131347522,0.040529609,-0.02744051,-0.076031805,-0.161096213
0.439196704,0.302075316,0.208519991,0.138323778,0.086625262,0.050152034,-0.031567663
0.467455185,0.357296162,0.28831966,0.239149026,0.204023127,0.179884326,0.102012491
0.496902906,0.414318128,0.370302985,0.342420963,0.324052339,0.312374762,0.238818634
0.527398103,0.472847117,0.454022083,0.44755109,0.446007948,0.446828547,0.378016042
0.558796153,0.532586563,0.539028446,0.553952222,0.569187841,0.582454814,0.518769863
0.590950443,0.593239548,0.624876605,0.661043868,0.692899759,0.718475025,0.660254224
0.623713224,0.654510858,0.711127688,0.768257441,0.8164681,0.854131154,0.801661222
0.656936454,0.716108966,0.797352802,0.875041218,0.939240377,0.988693412,0.942209547
0.690472612,0.777747909,0.883136202,0.980864909,1.060593156,1.121467351,1.081152512
0.724175488,0.839149036,0.968078169,1.085223779,1.179937332,1.251800122,1.217785276
0.757900929,0.900042612,1.051797577,1.18764222,1.296722649,1.379085782,1.351451059
0.791507545,0.960169255,1.133934092,1.287676711,1.410441345,1.502769491,1.481546227
0.824857369,1.0192812,1.214149984,1.384918142,1.520630889,1.622350572,1.607524124
0.857816462,1.077143364,1.292131542,1.478993444,1.626875765,1.73738437,1.728897611
0.890255466,1.133534233,1.367590068,1.569566565,1.728808317,1.847482939,1.845240296
0.922050103,1.188246541,1.440262471,1.656338771,1.826108682,1.952314612,1.956186512
0.953081606,1.241087758,1.509911469,1.739048327,1.918503876,2.051602521,2.061430103
0.983237104,1.291880397,1.576325418,1.817469606,2.005766117,2.145122207,2.160722145
1.012409941,1.340462138,1.639317811,1.891411689,2.087710472,2.232698424,2.253867746
1.040499943,1.38668579,1.698726466,1.960716521,2.164191964,2.314201306,2.340722068
1.067413625,1.430419101,1.754412473,2.025256715,2.235102224,2.389542046,2.42118576
1.093064358,1.471544447,1.806258913,2.084933082,2.300365846,2.458668228,2.49519996
1.117372475,1.509958398,1.854169427,2.13967197,2.359936533,2.521558983,2.562741036
1.140265347,1.545571201,1.898066665,2.189422489,2.413793164,2.57822009,2.623815232
1.161677407,1.578306189,1.937890672,2.234153713,2.461935888,2.628679155,2.678453345
1.181550152,1.608099147,1.973597245,2.273851914,2.504382328,2.672980984,2.726705584
1.199832104,1.634897643,2.005156318,2.30851791,2.541163983,2.711183237,2.768636705
1.216478758,1.658660351,2.032550403,2.338164564,2.572322912,2.743352457,2.804321522
1.231452503,1.67935639,2.055773125,2.362814502,2.597908729,2.769560511,2.833840862
1.244722528,1.696964683,2.074827876,2.382498072,2.617975979,2.789881525,2.857278024
1.256264721,1.711473352,2.08972662,2.397251591,2.632581928,2.804389315,2.874715783
1.266061563,1.722879178,2.100488862,2.407115884,2.641784764,2.813155361,2.886233963
1.274102009,1.73118711,2.107140799,2.412135149,2.645642259,2.816247314,2.891907598
1.280381381,1.736409852,2.109714655,2.412356146,2.644210863,2.813728048,2.891805673
1.284901257,1.738567526,2.108248217,2.407827701,2.637545248,2.805655243,2.885990449
1.287669367,1.73768741,2.102784559,2.39860054,2.625698277,2.792081487,2.874517355
1.288699489,1.733803756,2.093371958,2.384727427,2.608721384,2.773054861,2.857435416
1.288011362,1.726957691,2.080063986,2.366263583,2.586665343,2.748619993,2.834788194
1.285630591,1.717197185,2.062919777,2.343267385,2.559581385,2.718819533,2.806615208
1.281588571,1.70457709,2.042004445,2.3158013,2.52752264,2.683696005,2.772953784
1.275922409,1.689159245,2.017389631,2.283933025,2.490545861,2.643294004,2.733841289
1.268674844,1.671012624,1.98915417,2.247736815,2.44871337,2.597662669,2.68931771
1.259894179,1.650213534,1.957384847,2.207294938,2.402095209,2.546858381,2.639428495
1.2496342,1.62684584,1.922177213,2.16269924,2.350771407,2.49094763,2.58422761
1.237954094,1.601001205,1.883636449,2.114052762,2.294834336,2.430009984,2.523780756
1.224918364,1.572779336,1.841878229,2.061471377,2.234391094,2.364141087,2.45816864
1.210596717,1.542288226,1.797029575,2.005085392,2.169565845,2.29345563,2.387490273
1.195063956,1.50964436,1.749229663,1.945041088,2.10050207,2.218090203,2.311866177
1.178399838,1.474972901,1.698630555,1.881502131,2.027364662,2.138205984,2.23144145
1.160688914,1.43840781,1.645397831,1.814650838,1.950341822,2.053991176,2.146388608
1.142020351,1.400091914,1.589711104,1.744689233,1.869646682,1.965663129,2.056910127
1.12248771,1.360176896,1.531764372,1.671839882,1.785518617,1.873470092,1.963240614
1.102188708,1.3188232,1.471766215,1.596346443,1.698224201,1.777692526,1.865648539
1.081224938,1.276199844,1.409939797,1.518473941,1.608057761,1.678643936,1.764437477
1.059701556,1.232484132,1.346522675,1.438508702,1.515341494,1.576671176,1.659946791
1.037726932,1.187861256,1.281766388,1.35675797,1.42042514,1.472154197,1.55255174
1.015412262,1.142523796,1.215935836,1.27354917,1.323685166,1.365505212,1.442662955
0.992871151,1.096671101,1.149308435,1.189228817,1.22552349,1.257167278,1.33072528
0.970219145,1.050508565,1.082173059,1.104161091,1.126365717,1.147612287,1.217215974
0.947573246,1.004246787,1.014828766,1.018726073,1.02665893,1.037338402,1.102642283
0.925051381,0.958100641,0.947583327,0.933317665,0.926869043,0.926866945,0.987538406
0.902771851,0.912288236,0.880751573,0.848341226,0.827477763,0.816738807,0.8724619
0.880852745,0.867029802,0.814653576,0.764210951,0.728979201,0.707510416,0.757989574
0.85941134,0.822546484,0.749612679,0.681347028,0.631876193,0.599749348,0.644712953
0.838563476,0.779059088,0.685953421,0.600172625,0.536676375,0.494029643,0.533233376
0.818422926,0.736786761,0.623999354,0.521110738,0.443888104,0.390926921,0.424156825
0.79910075,0.695945642,0.564070812,0.444580962,0.354016265,0.291013374,0.318088586
0.780704657,0.656747484,0.506482639,0.370996225,0.267558053,0.194852737,0.215627822
0.763338359,0.619398277,0.451541907,0.300759534,0.184998791,0.102995315,0.117362182
0.747100949,0.584096865,0.399545667,0.23426078,0.106807844,0.015973142,0.023862513
0.732086285,0.551033599,0.350778747,0.171873643,0.033434697,-0.065704636,-0.064322221
0.718382401,0.52038902,0.305511624,0.113952636,-0.03469476,-0.141556104,-0.146669741
0.706070943,0.492332591,0.263998398,0.06083032,-0.09718169,-0.211130591,-0.222688912
0.695226642,0.4670215,0.226474884,0.012814722,-0.153657479,-0.274012305,-0.291923808
0.685916826,0.44459953,0.193156845,-0.029813032,-0.203786593,-0.329823581,-0.353957349
0.678200971,0.425196025,0.164238372,-0.066800833,-0.247269106,-0.378227702,-0.408414488
0.67213031,0.408924944,0.139890433,-0.097927476,-0.28384289,-0.418931311,-0.454964936
0.667747484,0.395884024,0.120259594,-0.123004271,-0.313285468,-0.45168642,-0.493325447
0.66508626,0.386154058,0.105466918,-0.141876413,-0.335415542,-0.476292013,-0.523261658
0.664171296,0.379798284,0.095607053,-0.154424094,-0.350094194,-0.492595291,-0.544589524
0.665017982,0.3768619,0.090747507,-0.160563355,-0.357225794,-0.50049256,-0.557176376
0.667632331,0.377371711,0.090928113,-0.1602467,-0.356758601,-0.4999298,-0.560941614
0.672010942,0.381335895,0.096160684,-0.153463466,-0.348685098,-0.490902927,-0.555857091
0.678141027,0.38874391,0.106428861,-0.140239954,-0.333042053,-0.473457776,-0.541947181
0.6860005,0.399566528,0.121688154,-0.120639323,-0.309910317,-0.447689806,-0.519288581
0.695558133,0.413756,0.141866171,-0.094761255,-0.279414376,-0.413743537,-0.488009825
0.706773772,0.431246355,0.166863039,-0.062741382,-0.241721626,-0.371811716,-0.44829053
0.719598611,0.45195383,0.196552015,-0.024750479,-0.197041403,-0.322134204,-0.400360368
0.733975533,0.47577742,0.230780292,0.019006579,-0.145623723,-0.264996567,-0.344497736
0.74983949,0.502599556,0.269369983,0.068292113,-0.087757748,-0.200728353,-0.281028117
0.767117949,0.532286901,0.312119306,0.122837172,-0.023769956,-0.12970104,-0.210322102
0.785731373,0.56469126,0.358803935,0.182343319,0.045978002,-0.052325624,-0.132793043
0.805593748,0.599650588,0.409178547,0.246484671,0.121091751,0.030950147,-0.048894338
0.826613145,0.636990105,0.462978521,0.314910179,0.201146966,0.119644936,0.040883706
0.848692313,0.676523497,0.519921815,0.387246151,0.285692457,0.213247338,0.136017404
0.871729298,0.71805419,0.579710979,0.463099004,0.374253558,0.311219788,0.235953635
0.895618079,0.761376697,0.642035305,0.542058217,0.466335797,0.413002804,0.340114181
0.920249216,0.806278015,0.70657309,0.62369948,0.561428827,0.518019555,0.447900422
0.945510512,0.852539056,0.772993988,0.707587984,0.65901056,0.625680684,0.558698354
0.971287664,0.899936117,0.840961426,0.793281833,0.758551479,0.735389345,0.671883861
0.997464919,0.948242341,0.91013506,0.880335527,0.859519041,0.846546368,0.786828176
1.023925714,0.997229182,0.980173237,0.968303465,0.961382131,0.95855548,0.902903443
1.050553301,1.046667845,1.050735421,1.056743426,1.06361548,1.070828481,1.019488281
1.077231348,1.096330679,1.121484577,1.145219962,1.165703974,1.182790295,1.13597326
1.103844521,1.14599252,1.19208944,1.233307657,1.267146779,1.293883781,1.251766168
1.130279023,1.195431964,1.262226678,1.320594188,1.367461208,1.403574235,1.366296977
1.156423111,1.244432545,1.331582879,1.40668315,1.466186248,1.511353468,1.479022409
1.182167568,1.292783825,1.399856366,1.491196579,1.562885696,1.616743402,1.589430003
1.20740614,1.340282371,1.466758789,1.573777143,1.657150834,1.719299093,1.697041599
1.232035928,1.386732608,1.532016489,1.654089965,1.748602597,1.818611148,1.801416184
1.255957737,1.431947557,1.59537161,1.731824044,1.836893204,1.914307471,1.902152038
1.27907639,1.475749431,1.656582948,1.806693259,1.921707228,2.006054331,1.998888147
1.301300985,1.517970111,1.715426532,1.878436954,2.002762091,2.093556741,2.091304872
1.322545125,1.558451478,1.771695932,1.94682009,2.079807992,2.176558144,2.179123872
1.3427271,1.597045626,1.825202318,2.011632992,2.152627286,2.254839455,2.262107306
1.361770026,1.633614946,1.875774246,2.072690695,2.221033348,2.328217478,2.340056355
1.379601963,1.668032092,1.923257226,2.129831931,2.284868958,2.396542768,2.412809105
1.396155986,1.700179848,1.96751306,2.182917782,2.344004261,2.459696998,2.480237883
1.411370232,1.729950895,2.008419008,2.231830054,2.398334365,2.517589904,2.542246095
1.425187925,1.757247494,2.04586677,2.276469403,2.447776644,2.570155904,2.598764682
1.437557374,1.781981109,2.079761362,2.316753283,2.492267818,2.617350457,2.649748269
1.448431956,1.804071974,2.110019878,2.352613763,2.531760873,2.659146279,2.695171103
1.457770084,1.823448624,2.136570202,2.383995261,2.566221922,2.695529484,2.735022901
1.465535168,1.840047412,2.159349692,2.410852273,2.595627048,2.726495746,2.769304669
1.471695567,1.85381202,2.178303875,2.433147126,2.619959235,2.752046569,2.798024603
1.476224544,1.864692986,2.193385192,2.450847836,2.63920543,2.772185747,2.821194177
1.479100211,1.872647259,2.204551809,2.463926094,2.653353811,2.786916073,2.838824435
1.48030551,1.877637816,2.211766576,2.472355468,2.662391338,2.796236397,2.850922724
1.479828112,1.879633261,2.214996031,2.476109764,2.66630155,2.800139001,2.857489434
1.477660621,1.878607787,2.214209874,2.475161943,2.665063018,2.798607691,2.85851647
1.473799719,1.874540139,2.209379553,2.469482284,2.658647134,2.79161532,2.853981939
1.468249314,1.867416678,2.200481062,2.459040879,2.647020351,2.77912583,2.843859465
1.461008787,1.857219602,2.18748304,2.443795566,2.63013197,2.761081925,2.828082656
1.452116959,1.843971012,2.170390856,2.423736014,2.60795821,2.737449134,2.806653209
1.441488101,1.827568991,2.149082752,2.398719919,2.580338458,2.708052086,2.779314907
1.429419066,1.808295491,2.123818489,2.368982312,2.547485065,2.673084669,2.746467851
1.411707469,1.781933137,2.090355046,2.330250471,2.505097743,2.628224055,2.706228712
1.383894561,1.744038432,2.044246658,2.278065055,2.448699994,2.568977844,2.653218798
1.346356667,1.695056684,1.985979578,2.212930202,2.378800253,2.495852863,2.585525938
1.299676622,1.635672633,1.916304486,2.135632009,2.29620052,2.409657035,2.504252476
1.244690483,1.566852953,1.836276437,2.047277203,2.20203454,2.311537437,2.410263698
1.182394471,1.489746871,1.747151218,1.949186998,2.097660321,2.202872123,2.304871718
1.113927671,1.40566198,1.650356477,1.842865388,1.98462684,2.08523598,2.189557397
1.040528632,1.316013323,1.547435486,1.729939526,1.864612419,1.960337923,2.065984763
0.963495306,1.222275877,1.439994211,1.612103215,1.739366005,1.829960842,1.935919388
0.884142654,1.12593522,1.329646771,1.49105881,1.610646768,1.695899747,1.80117228
0.80376168,1.028440541,1.217963774,1.368462221,1.480166894,1.559903108,1.663536964
0.72358097,0.931161374,1.106425158,1.24587286,1.349539506,1.423619426,1.524733063
0.644732377,0.835349856,0.996379487,1.124710609,1.220233943,1.288551321,1.386355708
0.568222033,0.742109733,0.889011041,1.006221248,1.093539878,1.156018704,1.249833586
0.494907684,0.65237307,0.785315606,0.891451264,0.970541281,1.027132062,1.116396711
0.425483008,0.566885159,0.686085436,0.781232524,0.852100674,0.90277633,0.987054735
0.360469289,0.486197808,0.591903407,0.676176742,0.738853618,0.783605281,0.862586006
0.300214472,0.410670793,0.503146013,0.576679305,0.631212928,0.670045905,0.743537036
0.244899343,0.340480957,0.419994493,0.482931643,0.529381732,0.562311838,0.630231645
0.194550262,0.275638165,0.342453106,0.394940995,0.433374152,0.460424591,0.522788653
0.14905762,0.216007022,0.270373297,0.312556238,0.343042165,0.364241055,0.421146656
0.108199001,0.161333176,0.203482399,0.235498242,0.25810705,0.273485637,0.325094445
0.071665738,0.111272704,0.141415234,0.163393047,0.178193599,0.187785152,0.234304684
0.039091817,0.065423425,0.083747345,0.095806471,0.102865671,0.106704989,0.148371115
0.01008264,0.023355555,0.030027175,0.032277419,0.031660248,0.029783677,0.066840292
-0.015753728,-0.015355696,-0.020190236,-0.027647625,-0.035877498,-0.043431682,-0.010739023
-0.038789238,-0.051112087,-0.067324617,-0.08439551,-0.100174832,-0.113365842,-0.084835887
-0.059317462,-0.084233619,-0.111711466,-0.138307218,-0.161572119,-0.180355999,-0.15573589
-0.078614808,-0.116020531,-0.154664715,-0.19070107,-0.221386428,-0.245715688,-0.25680228
