Values,Values_03_03_16,Values_03_17_59,Values_03_26_33,Values_03_35_07,Values_03_43_50,Values_03_53_09,Values_04_03_46
-1.3877787807814457e-17,-1.3877787807814457e-17,-0.3482887506226622,-0.3191817318601994,-0.2430095243467798,-0.1639819186561374,-0.0948144456586825,-0.04057759586398553
0.0024071661282598,0.0030168765259505,-0.3456747399878719,-0.3166037686283924,-0.240530030365154,-0.1616201360248884,-0.0925670061926126,-0.038426275123259516
0.0067900387304643,0.0085098923314904,-0.3413077141922763,-0.3122600464418542,-0.2362810291289652,-0.1574882741464423,-0.0885500699152273,-0.03450636150363908
0.0136060474397553,0.0170523703664777,-0.3341572255968461,-0.3051164380045402,-0.2292258925546674,-0.1505478101745223,-0.08172365249359,-0.027776745824762562
0.0231273891770035,0.0289855340257884,-0.3237830795547255,-0.2947269573845323,-0.2189150062343535,-0.1403465978351958,-0.0716337879582481,-0.017782130906999042
0.0356881649678985,0.0447282770035271,-0.309835406667142,-0.2807355521260321,-0.2049886799019834,-0.1265225592824254,-0.0579167713460199,-0.004157664016002557
0.0516614466562708,0.0647484697640771,-0.2918637386636657,-0.2626855535683219,-0.1869868611589065,-0.1086135928876127,-0.0401092084043369,0.013560910900479973
0.0714327368179209,0.089529759534607,-0.269395208354501,-0.2400978152889045,-0.1644272814948855,-0.0861357499731798,-0.017726227568929,0.035859010291564644
0.0953710979795894,0.1195354615898854,-0.2419568845437906,-0.2124932219160961,-0.1368281250077731,-0.0586060392629291,0.0097156074931131,0.06322021672629735
0.1237993491055948,0.155171288526101,-0.2091160860178296,-0.1794332702668467,-0.1037488336489967,-0.0255834135194581,0.0426571709949775,0.09608504778888587
0.1569647863883212,0.1967487336521106,-0.1705166502510279,-0.140556732632361,-0.0648270759300024,0.0132940260153457,0.0814593940337289,0.134813446450239
0.195011878890194,0.244450911631832,-0.1259147661040994,-0.095615991636799,-0.0198154534048171,0.0582720450727077,0.1263660765417716,0.17964744705660698
0.2379583176622226,0.2983025651426312,-0.0752111607477421,-0.0445098214808389,0.0313852934978184,0.1094467612626842,0.1774701506767045,0.23067728226571174
0.2856756626391603,0.3581457755282209,-0.0184784078955816,0.0126886448706823,0.0886978618401966,0.1667358963741143,0.2346847060082862,0.28781225044685316
0.3378756406826922,0.4236226767422019,0.0440181634617441,0.0757103198703826,0.151846329504418,0.2298564016566357,0.2977203975208835,0.35075797574490547
0.394102908912993,0.4941661768007859,0.1118070820444079,0.1440761059814468,0.220341669191799,0.2983096855972146,0.366070484726935,0.4190013225167778
0.4537348203574859,0.5689993531855703,0.1842057127353147,0.2170912806635687,0.2934757743895981,0.3713754158625764,0.4390044953874412,0.49180397304762186
0.5159884260190666,0.6471438231426568,0.2603240877673504,0.2938488728169229,0.3703245949256027,0.4481145268818628,0.51557116935563,0.5682053408668576
0.5799346318879185,0.7274370119639353,0.3390777152325872,0.3732422230651955,0.4497606235763208,0.5273817098052894,0.5946109840131288,0.6470351382310557
0.6445191148714184,0.808557867014641,0.4192091202800314,0.4539865497487708,0.5304746031507284,0.6078472878776541,0.6747781875176714,0.7269355397836025
0.7085893017079479,0.889060206352598,0.4993175136648153,0.5346489735410441,0.611005947642806,0.6880279987954939,0.7545718801757669,0.8063924951553397
0.770926442647234,0.9674125607929728,0.5778956481254311,0.6136861029480193,0.6897810072721894,0.7663258315921884,0.8323753025087678,0.8837753558946233
0.8302815788651198,1.042043078403225,0.6533725962911622,0.6894879310746213,0.7651579357305965,0.8410736791286214,0.9065020910919068,0.9573835767267516
0.885414019477284,1.1113878207831445,0.7241609813520788,0.7604265586130007,0.8354766571015256,0.9105862873650322,0.9752479695391548,1.0254989476688843
0.9351308188694768,1.1739406004751796,0.7887067171688209,0.824907744967004,0.8991118874830403,0.9732144184241364,1.036945762305845,1.0864412229501437
0.9783256837770072,1.22830239732412,0.8455400870484224,0.8814240218049874,0.9545278685542614,1.0274008247790354,1.0900222839186129,1.1386256669939339
1.0140157454083871,1.2732283567895242,0.8933233834156059,0.9286044595532938,1.0003297987096649,1.071732940133265,1.1330519503763743,1.180617322153254
1.0413747053636315,1.3076704220791688,0.930903391624016,0.9652692120722676,1.0353199649561298,1.1050001992633407,1.1648149594700887,1.2111897987461648
1.059761002624359,1.3308137890903668,0.9573282296664448,0.9904481746031588,1.05851776837568,1.1262150711879426,1.184319045076132,1.2293475360074104
1.0687398469810094,1.3421055991862152,0.971970473370236,1.003505545016135,1.0692853479014706,1.134739458493754,1.1909264271076,1.2344531366592875
1.06961146419939,1.3431748740720588,0.97445607796734,1.004069539614721,1.067257773000173,1.1302151862596188,1.1842844829424346,1.2261581525625485
1.0695450374459547,1.3430234017398048,0.9710852641891352,0.9984535009741649,1.0587642300202718,1.118985210477589,1.1707469525111456,1.2108242782890604
1.069475180615632,1.3428242931685808,0.9677543928331336,0.9925659968879108,1.0497239870959796,1.106976639543686,1.1562464062720057,1.1943878218067665
1.069401981261109,1.3425771773986035,0.9640763262365636,0.9860255911815742,1.039756848014953,1.0938080054193864,1.140399273279182,1.1764631909655696
1.0693255326260858,1.3422817809604308,0.960191144420119,0.9789794931063032,1.0290126110499236,1.0796290423355943,1.1233542231620797,1.1571978778523884
1.0692459334759383,1.3419379285030208,0.956060042074346,0.9713966165640266,1.0174631560526943,1.0644119127406366,1.1050827075691774,1.1365624908273262
1.0691632879186923,1.3415455432381176,0.9516940049000574,0.9632966229052192,1.005131981437091,1.0481812286075236,1.0856093923825465,1.1145815053065837
1.0690777052166522,1.3411046471998418,0.9470925894957314,0.9546886497959208,0.9920329293596736,1.030952804680725,1.0649509488716298,1.0912720899409556
1.0689892995891173,1.3406153613185952,0.942260383610672,0.9455878458612844,0.978186859055616,1.0127504848706443,1.0431330158698473,1.066661175423764
1.0688981900065684,1.3400779053084644,0.9372026455137288,0.936011048489102,0.9636174198740024,0.9936020260956028,1.0201861826270755,1.0407815145108124
1.0688044999767867,1.3394925973675598,0.9319265176194568,0.9259780448191088,0.9483524139973464,0.9735405738745434,0.9961475621368876,1.0136733296906664
1.0687083573233152,1.3388598536908007,0.926440740537189,0.9155113272036434,0.932423643405632,0.9526046093873034,0.9710608229216712,0.9853844078469088
1.0686098939567512,1.3381801877949295,0.9207557623892104,0.9046362402610432,0.915867140427452,0.9308382692852702,0.9449765822113276,0.955970546194296
1.0685092456393086,1.3374542096556563,0.9148837348051522,0.8933810083711137,0.8987232678389602,0.908291521753494,0.9179526422200894,0.9254958299866816
1.068406551743153,1.3366826246571213,0.9088385309829567,0.8817767778906621,0.8810368215440235,0.8850203308872733,0.8900542009823742,0.8940328731362591
1.0683019550029698,1.335866232354022,0.90263574858398,0.869857635449963,0.8628570957340431,0.8610867681711611,0.8613539958361142,0.8616629794359966
1.0681956012632854,1.3350059250470856,0.8962927064507665,0.8576606101326177,0.8442379171787936,0.8365590769061715,0.8319323849439668,0.828476229552571
1.068087639221011,1.3341026861727625,0.8898284317333444,0.845225655039873,0.8252376431718526,0.8115116834797094,0.8018773604303757,0.7945714872397242
1.0679782201637429,1.3331575885084133,0.8832636373376134,0.8325956072228868,0.8059191213522532,0.7860251532745614,0.7712844907717249,0.7600563223911211
1.0678674977042937,1.3321717921944871,0.8766206887445289,0.8198161242582465,0.7863496091203173,0.7601860886974872,0.740256789905952,0.7250468484843844
1.0677556275119964,1.3311465425756466,0.8699235595304731,0.8069355961926856,0.7666006510210754,0.7340869676468154,0.7089045115101585,0.6896674730569263
1.067642767041256,1.330083167863083,0.8631977749173202,0.7940050317558222,0.7467479128407486,0.7078259212864689,0.6773448675839663,0.6540505606538476
1.0675290752578903,1.3289830766207458,0.8564703427781779,0.781077918015853,0.7268709716307251,0.6815064506323404,0.6457016712556449,0.618336008583475
1.0674147123637368,1.3278477550785748,0.8497696716183004,0.7682100529263081,0.7070530613313467,0.6552370820774752,0.6141049044893935,0.5826707366990627
1.0672998395200537,1.3266787642763211,0.8431254751669879,0.7554593505063654,0.6873807741374055,0.6291309626076563,0.582690212137576,0.5472080933166952
1.0671846185701972,1.3254777370419673,0.8365686633464423,0.7428856187016895,0.667943718216287,0.603305396075606,0.5515983245366749,0.5121071802625973
1.0670692117620852,1.324246374809288,0.830131219528182,0.7305503102856719,0.6488341328552399,0.5778813225057884,0.5209744115832846,0.4775321009072295
1.0669537814709176,1.322986444279527,0.8238460641439131,0.718516247477671,0.6301464625706933,0.5529827429853497,0.4909673719358291,0.44365113587319216
1.0668384899226608,1.321699773932744,0.817746904883967,0.7068473212720509,0.6119768921554599,0.5287360932533921,0.4617290616579402,0.4106358518826148
1.0667234989187393,1.3203882503948137,0.8118680738898103,0.6956081667852506,0.5944228450638426,0.5052695696227013,0.4334134672378434,0.3786601499185614
1.066608969562434,1.319053814666653,0.8062443525252536,0.6848638162344057,0.5775824479358794,0.4827124113482812,0.4061758284728219,0.3478992594959811
1.066495061987409,1.3176984582226758,0.8009107844909801,0.6746793314563697,0.5615539644356606,0.4611941439883314,0.3801717171865137,0.31852868635265646
1.0663819350888468,1.3163242189860584,0.7959024782261854,0.665119418157249,0.5464352019213518,0.4408437886796588,0.3555560781391281,0.29072312126399513
1.0662697462575943,1.3149331771887969,0.7912543997164707,0.6562480243464874,0.5323228947727575,0.4217890425654912,0.3324822387875065,0.2646553179441387
1.066158651117775,1.3135274511250938,0.7870011569960739,0.6481279256536698,0.5193120684738602,0.4041554358659848,0.3111008947476508,0.24049494811164024
1.0660488032682505,1.3121091928069877,0.7831767777921087,0.6408203004479671,0.5074953887810141,0.3880654712683872,0.2915590779039984,0.21840744176722537
1.0659403540283583,1.3106805835316018,0.7798144819064519,0.6343842978779687,0.4969625005020711,0.3736377514355931,0.27399911409899,0.19855282055689827
1.0658334521882873,1.3092438293697746,0.7769464500645767,0.6288766021218205,0.4877993605682262,0.3609861004915454,0.2585575772290544,0.18108453178512132
1.0657282437644888,1.307801156586183,0.7746035910782814,0.6243509962836202,0.4800875702008181,0.3502186853455684,0.2453642463799114,0.1661482902165442
1.0656248717604635,1.3063548070013948,0.7728153092684468,0.6208579294909339,0.4739037110623713,0.3414371426731735,0.2345410723699923,0.15388093428361652
1.0655234759332906,1.304907033306596,0.7716092741739056,0.6184440908409007,0.4693186903396795,0.3347357172899689,0.2262011597565891,0.14440930273198327
1.0654241925662102,1.3034600943419214,0.7710111946310586,0.6171519939083112,0.4663970997410977,0.3302004175506486,0.2204477700185152,0.13784913712084257
1.065327154247607,1.3020162503495951,0.77104459934596,0.6170195755698988,0.4651965934072944,0.3279081932929404,0.2173733512902501,0.13430401499308858
1.065232489656669,1.300577758213156,0.771730626094835,0.618079812915274,0.4657672897404599,0.3279261417433592,0.2170585997158475,0.13386431798411322
1.065140323356043,1.2991468666942183,0.7730878216806896,0.6203603620082588,0.4681512021588141,0.3303107467260673,0.2195715572491444,0.13660623869604005
1.065050775591739,1.2977258116782264,0.7751319547422013,0.623883222233509,0.4723817037874362,0.3351071564857756,0.2249667505824695,0.14259082987308183
1.0649639621005704,1.2963168114407058,0.777875843457267,0.6286644299139644,0.4784830311096068,0.3423485054681787,0.2332843758714968,0.15186309932047357
1.0648799939253537,1.2949220619454451,0.7813292001071334,0.6347137848148734,0.4864698316294169,0.3520552855117994,0.2445495340679395,0.16445115415647457
1.0647989772381337,1.2935437321860097,0.7854984943693945,0.6420346130611291,0.4963467606405283,0.3642347721066199,0.2587715220004161,0.18036539841271435
1.0647210131716245,1.292183959581788,0.7903868370891989,0.6506235698851539,0.5081081322580678,0.3788805116752031,0.2759431848755354,0.19959778873177583
1.0646461976591064,1.2908448454396897,0.7959938861394968,0.6604704854925223,0.5217376299500257,0.3959718762352154,0.2960403366183352,0.22212115397322493
1.0645746212829437,1.2895284504923106,0.8023157758232121,0.6715582571790862,0.5372080818957702,0.4154736923044401,0.3190212554347886,0.24788858593705662
1.0645063691319336,1.288236790523214,0.8093450710945899,0.6838627906544431,0.5544813065946376,0.4373359515004365,0.3448262631501336,0.2768329101401045
1.0644415206676288,1.2869718320896166,0.8170707476840204,0.6973529933176466,0.5735080342340105,0.4614936109469554,0.3733773982315022,0.3088662476108844
1.0643801495998153,1.2857354883525138,0.8254781990018922,0.7119908219876602,0.5942279093875644,0.4878664922996333,0.4045781939040083,0.34387968095741095
1.0643223237712645,1.2845296150238612,0.8345492704731893,0.7277313873070776,0.6165695806290218,0.5163592889048456,0.4383135743606936,0.38174304044323343
1.0642681050519138,1.2833560064401175,0.8442623217168331,0.7445231167066989,0.6404508825896659,0.5468616912583758,0.4744498836759002,0.4223048283879426
1.0642175492425725,1.2822163917709837,0.8545923167331583,0.7623079774333731,0.6657791158295479,0.5792486414741482,0.51283506356679,0.4653923027715219
1.0641707059882806,1.2811124313718136,0.8655109420006455,0.7810217606969769,0.6924514296005538,0.6133807278376565,0.5532989974988801,0.510811743322411
1.0641276187013975,1.280045713287671,0.8769867521101817,0.8005944274771237,0.7203553121191263,0.6491047306241029,0.5956540396695632,0.5583489254339356
1.0640883244945192,1.2790177499165971,0.8889853422833075,0.8209505159399357,0.7493691923019716,0.6862543301219807,0.6396957479847274,0.6077698287851029
1.06405285412328,1.2780299748391442,0.9014695468315131,0.8420096097446143,0.7793631560141807,0.724650987128047,0.6852038401101099,0.6588216083183859
1.06402123193912,1.277083739820791,0.9143996623188392,0.8636868657654392,0.810199778703649,0.7641050049790534,0.7319433908666672,0.7112338550118213
1.06399347585204,1.2761803119933288,0.9277336938917428,0.8858935989161361,0.8417350748208268,0.8044167803724874,0.779666287482291,0.7647201724296864
1.0639695973034144,1.2753208712208677,0.9414276229414984,0.9085379208431686,0.8738195626295062,0.8453782477274107,0.8281129563548216,0.8189800921041033
1.063949601248858,1.2745065076555633,0.9554356939679648,0.9315254282582008,0.9062994408929008,0.8867745185875298,0.8770143708861511,0.8737013461663222
1.0639334861511889,1.273738219487745,0.969710718223525,0.9547599356191204,0.9390178714746172,0.9283857135376858,0.9260943445115356,0.9285625091279596
1.0639212439834704,1.2730169108945586,0.984204391436076,0.978144245758832,0.9718163591462852,0.9699889792887916,0.9750721062155716,0.9832360121845167
1.0639128602421517,1.2723433901908467,0.9988676226453824,1.001580950923217,1.0045362168825187,1.0113606780226236,1.0236651476047756,1.0373915228368606
1.06390831397026,1.271718368185413,1.0136508709425391,1.024973255540067,1.0370201017087644,1.0522787298601028,1.071592321080999,1.0906996700684812
1.0639075777906506,1.2711424567454406,1.028504486684062,1.0482258109318954,1.0691136028308446,1.0925250825616954,1.118577158007774,1.1428360809771305
1.063910617949246,1.2706161675712913,1.043379053565701,1.0712455511434251,1.100666860419532,1.131888275477858,1.164351364260746,1.1934856789869908
1.063917394368242,1.270139911183522,1.0582257277932705,1.0939425181203764,1.1315361901736762,1.1701660575892252,1.208658438588591,1.2423471770717505
1.0639278607091958,1.2697139961234505,1.0729965704845408,1.1162306636932595,1.1615856857826683,1.2071680125104087,1.2512573472699513,1.2891376824708263
1.0639419644459482,1.269338628368219,1.0876448693841887,1.1380286152337364,1.1906887688087804,1.2427181369227334,1.291926177216864,1.3335973130019698
1.0639596469472763,1.2690139109608236,1.10212544597857,1.1592603915062023,1.218729653474099,1.2766573134254957,1.3304656795993277,1.3754937102066926
1.0639808435692042,1.2687398438551982,1.1163949441641594,1.179856055176335,1.2456046925279225,1.3088456146429273,1.3667026079455933,1.4146263222323288
1.0640054837568422,1.268516323975993,1.1304120967572322,1.1997522886990335,1.271223569941321,1.3391643729770224,1.4004927492072197,1.4508303205972461
1.064033491155664,1.268343145492319,1.144137966336239,1.2188928809215045,1.2955103067609888,1.3675179500050598,1.4317235441213034,1.4839800107913246
1.0640647837320645,1.2682200003042865,1.1575361571839993,1.2372291127245625,1.3184040481601926,1.3938351414759176,1.4603161949130807,1.5139915978863334
1.0640992739030886,1.2681464787408234,1.1705729954450013,1.254720031397028,1.3398596026191234,1.418070158367677,1.4862271643712222,1.5408251756084808
1.0641368686751425,1.268122070466822,1.183217675031751,1.271332605191089,1.359847708272217,1.4402031316283652,1.5094489808113285,1.5644858210043537
1.064177469791558,1.2681461655973394,1.1954423673002226,1.2870417516235295,1.3783550067457988,1.4602400980032069,1.530010278403686,1.585023696907014
1.064220973888797,1.2682180560161305,1.207222293061741,1.3018302355356175,1.3953837111889291,1.4782124365882143,1.5479750215061567,1.6025330904864812
1.0642672726611375,1.2683369368955075,1.2185357561000354,1.3156884356558312,1.4109509625305905,1.4941757401338334,1.563440884478795,1.6171503474592517
1.064316253033604,1.268501908414048,1.229364138006878,1.3286139813609352,1.4250878760786756,1.508208121211313,1.5765367841826,1.6290506968740441
1.0643677973429593,1.2687119776684224,1.2396918548268352,1.3406112644277015,1.437838289166105,1.520407970591611,1.5874195899919734,1.6384439993177342
1.0644217835264915,1.2689660607751403,1.2495062766964222,1.3516908337219995,1.4492572293609058,1.5308912029222748,1.5962700645312558,1.6455694902039357
1.0644780853183882,1.2692629851577542,1.258797612361328,1.3618686838906775,1.4594091314808353,1.5397880423183117,1.6032881162475636,1.650689627717998
1.0645365724534046,1.2696014920146037,1.2675587611400172,1.371165452104531,1.4683658399646118,1.5472394170839392,1.6086874711079844,1.6540831902050783
1.0645971108775878,1.2699802389619426,1.2757851355571632,1.379605539648884,1.476204440732046,1.553393047752863,1.6126898939803038,1.656037798646154
1.0646595629657425,1.2703978028468232,1.2834744584776865,1.3872161775741922,1.4830049732111836,1.5583993253326356,1.6155191095789974,1.6568420649504656
1.0647237877453664,1.2708526827238644,1.2906265391162066,1.394026457614188,1.488848078453374,1.5624070865168138,1.6173945873862727,1.6567775850064625
1.064789641126718,1.2713433029896186,1.297243032760324,1.4000663510736933,1.4938126429714154,1.5655593992586752,1.618525364081136,1.656111006054491
1.0648569761387163,1.271868016667968,1.3033271894161589,1.4053657393189365,1.497973499952386,1.5679894751933487,1.619104080377629,1.6550864006447858
1.0649256431703062,1.2724251088395957,1.308883596847191,1.4099534798209,1.5013992497055528,1.569816824806593,1.6193014066939957,1.6539181742714535
1.0649954902169665,1.2730128002083203,1.3139179236239067,1.4138565313795155,1.5041502595640182,1.5711437669802282,1.619261023899473,1.652784721110521
1.0650663631319637,1.2736292507967,1.3184366678233377,1.4170991611830313,1.5062768999858802,1.5720523967312,1.6190953118740348,1.651823022789027
1.065138105882006,1.2742725637630623,1.3224469169115398,1.4197022547457083,1.507818068380985,1.5726021038608722,1.6188818803006264,1.6511243596233436
1.0652105608068725,1.274940789331795,1.3259561241060174,1.4216827475487532,1.5088000453616246,1.572827721198253,1.6186610536431438,1.650731273258041
1.065283568882648,1.2756319288284763,1.3289719061532523,1.4230531944364684,1.5092357198718356,1.572738364593303,1.618434396387055,1.650635885142057
1.0653569699881156,1.2763439388111308,1.3315018669732002,1.4238214895593548,1.509124210222094,1.5723170082881437,1.618164336117602,1.6507796378305863
1.0654306031739131,1.277074735288702,1.33355345102916,1.423990745993848,1.508450897713287,1.5715208193038774,1.6177749116918692,1.651054486713446
1.0655043069339856,1.2778221980175584,1.3351338295885078,1.4235593401997024,1.5071878785675237,1.5702822535910028,1.6171536424358233,1.6513055294206078
1.0655779194789148,1.278584174866691,1.3362498222647596,1.4225211223092422,1.5052948286064234,1.5685108954831426,1.616154482777494,1.651335019795913
1.0656512790106425,1.2793584862420475,1.336907855390557,1.4208657889894278,1.5027202638487789,1.5660960010504414,1.6146017958183143,1.6509076738995978
1.065724223998148,1.2801429295603295,1.3371139578859883,1.4185794113965116,1.49940316926302,1.562909685856388,1.6122952498561824,1.6497571379531735
1.06579659345358,1.2809352837624235,1.3368737943770403,1.4156451066693996,1.4952749576214004,1.558810678954088,1.6090155146152776,1.6475934534573475
1.0658682272083904,1.2817333138565776,1.3361927344088629,1.4120438375970816,1.4902617110672605,1.5536485482745006,1.604530609719607,1.6441113239147036
1.065938966188951,1.2825347754813177,1.3350759557087544,1.4077553216533778,1.4842866499053118,1.5472682883871354,1.598602737563935,1.6389989617164724
1.0660086526911945,1.2833374194781335,1.3335285786083986,1.402759027618088,1.477272766512531,1.5395151504391336,1.5909954169469402,1.6319472738456031
1.0660771306537504,1.2841389964638976,1.331555827953217,1.3970352355810003,1.4691455573575376,1.5302395863203002,1.581480723321433,1.6226591320808585
1.0661442459291066,1.2849372613930694,1.329163218130316,1.3905661343254214,1.4598357830797548,1.5193021750962683,1.5698464368562937,1.6108584682030538
1.0662098465522627,1.2857299780997478,1.326356756251026,1.3833369289615876,1.4492821855285818,1.5065783997239146,1.555902901095365,1.5962989379274297
1.0662737830064029,1.286514923809811,1.3231431580461903,1.3753369312616963,1.437434091650733,1.4919631461083247,1.5394894030265562,1.5787719092365644
1.0663359084850568,1.2872898936134294,1.3195300706822168,1.366560605447284,1.4242538371234923,1.4753748046212845,1.5204798997619395,1.5581135514016486
1.0663960791502705,1.2880527048884922,1.3155262964936405,1.3570085431878849,1.4097189475775804,1.4567588660596815,1.4987879374095012,1.5342108297577326
1.0664541543862638,1.288801201665618,1.3111420115566763,1.346688343253918,1.393824021976385,1.4360909192906923,1.474370633414416,1.50700624727733
1.066509997048105,1.2895332589257138,1.306388973100933,1.3356153735756149,1.3765822709942774,1.4133789759655455,1.4472316236988096,1.4765012157624453
1.066563473704881,1.2902467868212515,1.3012807099684531,1.3238133963196892,1.3580266727780528,1.3886650679979948,1.4174229091121762,1.442757985255637
1.066614454876914,1.290939734812774,1.29583269067637,1.311315039919592,1.3382107189484511,1.3620260852043415,1.3850455706093925,1.4059001079833624
1.0666628152665083,1.2916100957124117,1.2900624641099137,1.2981621056789925,1.3172087347307708,1.3335738427238897,1.3502493576764762,1.3661114605637164
1.0667084339818014,1.292255909626573,1.283989768455406,1.2844057005012934,1.295115768308106,1.303454389699092,1.3132311882920216,1.3236338931167437
1.066751194753219,1.2928752677902826,1.277636604660842,1.270106191360484,1.2720470554773755,1.2718465913366557,1.2742326296952708,1.2787636142500873
1.0667909861421307,1.293466316286072,1.2710272714687103,1.255332981203349,1.2481370760898456,1.2389600351203045,1.23353645616622,1.2318464549107198
1.0668277017412344,1.294027259640652,1.2641883598806534,1.2401641099424645,1.2235382282401617,1.2050323279489004,1.191462401905805,1.183272180477353
1.066861240366284,1.29455636429307,1.25714870576776,1.2246856879575083,1.198419154452638,1.1703258638376808,1.1483622432568257,1.1334680384143505
1.066891506238729,1.295051961928386,1.2499393002110224,1.20899117297139,1.172962760983527,1.1351241512319024,1.10461435460157,1.0828917380562424
1.0669184091589057,1.2955124526713857,1.2425931580247065,1.1931805042280803,1.1473639766711126,1.0997277948210085,1.0606178863411613,1.0320240599164965
1.0669418646693858,1.2959363081351924,1.2351451457595817,1.1773591105055263,1.1218273014522082,1.0644502290709257,1.016786711762672,0.9813612850617762
1.066961794208161,1.2963220743201138,1.2276317712859597,1.161636810606416,1.0965641967310789,1.029613299747507,0.9735432829745924,0.9314076216956997
1.0669781252513024,1.296668374358397,1.2200909377997704,1.1461266265550123,1.0717903703073708,0.9955427858589964,0.9313125252916664,0.8826677875521666
1.0669907914448202,1.296973911101028,1.21256166576558,1.1309435307851974,1.0477230076773492,0.9625639481823384,0.8905158854686026,0.8356398845517534
1.066999732725407,1.2972374695430224,1.205083786894298,1.116203149143053,1.0245779993947997,0.9309971824036186,0.8515656330662797,0.7908086779888782
1.0670048954298308,1.2974579190840991,1.197697614742802,1.1020204415759742,1.0025672110278907,0.9011538454742906,0.8148594970190923,0.7486393677729397
1.0670062323927096,1.2976342156219012,1.1904435969089575,1.088508381977816,0.9818958383038292,0.8733323136263693,0.7807757021109685,0.709571915247936
1.0670037030324844,1.29776540347535,1.1833619540766294,1.0757766578584371,0.962759885530338,0.8478143201283397,0.749668453389171,0.6740159669367983
1.0669972734253723,1.2978506171359432,1.1764923113378565,1.063930409361503,0.9453438005452716,0.8248616107559283,0.721863901213358,0.6423463970016575
1.066986916367165,1.297889082845202,1.1698733272866848,1.053069025729537,0.9298182944815624,0.8047129454754941,0.6976566061428762,0.6148994738093909
1.0669726114227118,1.2978801199966563,1.163542326342682,1.0432850156694973,0.9163383697209152,0.7875814662725882,0.6773065115139536,0.5919696430030713
1.0669543449630032,1.2978231423610975,1.1575349396294774,1.034662966267203,0.9050415746944253,0.7736524435930369,0.661036422490542,0.5738069099311317
1.0669321101897469,1.2977176591339978,1.1518847595099009,1.0272786031877172,0.896046499779067,0.7630814075911397,0.6490299835724785,0.5606147980001911
1.0669059071474147,1.297563275804282,1.1466230125751553,1.0211979629327492,0.8894515245115029,0.755992665313004,0.6414301418753475,0.5525488561667717
1.066875742722699,1.297359694843777,1.1417782555083331,1.0164766859448218,0.8853338227306082,0.7524782010200951,0.6383380807174917,0.5497156879243088
1.0668416306314177,1.29710671621691,1.137376097804938,1.013159437387614,0.8837486290760352,0.7525969539632786,0.6398126068554265,0.5521724752680597
1.0668035913928633,1.2968042377103688,1.1334389548433703,1.0112794605165276,0.8847287674889969,0.7563744658882975,0.645869974746126,0.5599269736895586
1.0667616522916892,1.296452255082621,1.12998583426959,1.0108582657037792,0.8882844399424039,0.7638028892029582,0.656484132114975,0.5729379577265905
1.0667158473273826,1.2960508620333333,1.1270321581005762,1.0119054564075542,0.8944032715093143,0.7748413458584754,0.6715873725002792,0.5911161004573395
1.066666217151474,1.2956002499929171,1.1245896223738032,1.01441869168349,0.9030506059947316,0.7894166263889983,0.6910713819800733,0.6143252741093971
1.066612808992591,1.2951007077325325,1.1226660955817664,1.0183837832276752,0.9141700446300706,0.8074242180139541,0.7147886686414671,0.6423842622376038
1.066555676569551,1.2945526207950908,1.1212655565437903,1.023774923414562,0.9276842186923394,0.8287296500595215,0.7425543642488504,0.6750688763596828
1.06649487999266,1.2939564707479054,1.120388071787986,1.0305550393448626,0.9434957852923862,0.853170144039651,0.7741483877694507,0.7121144712393798
1.0664304856534623,1.2933128342578426,1.120029811954838,1.0386762665462954,0.9614886339242272,0.8805565544296686,0.8093179597433602,0.753218852961548
1.0663625661031564,1.2926223819899727,1.120183106195476,1.0480805346692486,0.981529289635629,0.9106755843728152,0.8477804548114963,0.7980455724071751
1.0662911999199691,1.2918858773309356,1.1208365330315195,1.0587002562917105,1.0034684968444785,0.9432922582303884,0.8892265769712863,0.8462275936380307
1.0662164715657552,1.2911041749383985,1.121975045672842,1.0704591087930253,1.027142965875004,0.9781526300023315,0.9333238383015248,0.897371322034957
1.0661384712321538,1.2902782191182514,1.1235801293631045,1.083272898182842,1.0523772622363314,1.0149867032365218,0.9797203170344464,0.9510609708706258
1.0660572946766147,1.2894090420313662,1.125629987942503,1.0970504927868214,1.078985816540424,1.053511534175512,1.0280486650564802,1.0068632374703317
1.0659730430486678,1.288497761732054,1.128099756489968,1.1116948138106992,1.106775030809278,1.093434485668911,1.077930328355509,1.0643322514324214
1.0658858227067818,1.287545580040575,1.1309617366341238,1.127103869043314,1.1355454548157833,1.1344565949487022,1.1289799368171145,1.123014747815089
1.0657957450262303,1.2865537802523987,1.1341856509095367,1.1431718153402313,1.16509400412347,1.1762760139043176,1.1808098123794608,1.1824554080936827
1.0657029261983388,1.2855237246871816,1.1377389123818868,1.159790035071766,1.1952161897278064,1.2185914762068868,1.233034537200957,1.2422023014537784
1.0656074870215648,1.2844568520807964,1.1415869056773382,1.1768482114486931,1.225708327760018,1.2611057417479772,1.2852755165362488,1.301812349073691
1.0655095526848142,1.2833546748240572,1.145693275525837,1.194235387575942,1.256369696695425,1.3035289656145037,1.3371654648366005,1.360856724967905
1.0654092525434713,1.282218776052193,1.1500202189683737,1.2118409942531885,1.2870046090173095,1.3455819364634252,1.3883527385914625,1.4189260992471586
1.0653067198885708,1.281050806589447,1.1545287774809232,1.2295558319572484,1.3174243644170258,1.3869991279182483,1.4385054360022658,1.4756356238422241
1.0652020917096108,1.2798524817536197,1.159179125434192,1.2472729931211315,1.347449052445962,1.4275315066980738,1.4873151821019497,1.5306295573654654
1.0650955084514522,1.2786255780257196,1.1639308515326705,1.2648887117737515,1.3769091741354245,1.4669490427828829,1.5345005187294365,1.583585425325114
1.0649871137658198,1.2773719295903374,1.1687432301582714,1.2823031288266622,1.405647054508833,1.5050428701475267,1.579809822099667,1.6342176147666962
1.0648770542578674,1.2760934247526996,1.1735754798750464,1.2994209627797235,1.4335180211342462,1.5416270515271255,1.623023676743485,1.6822803088819476
1.0647654792283283,1.2747920022388366,1.17838700672926,1.3161520773538422,1.4603913278868408,1.5765399073115431,1.6639566433909303,1.7275696773492446
1.064652540411725,1.2734696473856084,1.1831376303934076,1.332411939518109,1.4861508078527532,1.6096448769262968,1.7024583698675184,1.7699252521266642
1.0645383917111615,1.2721283882278018,1.187787791648499,1.3481219635304296,1.5106952447226245,1.640830890789757,1.7384140080692465,1.8092304359035658
1.0644231889301827,1.270770291489819,1.1922987401645342,1.3632097389103193,1.5339384579715805,1.6700122419052763,1.7717439162383533,1.8454121110207298
1.0643070895022166,1.2693974584898788,1.196632702017267,1.3776091426631445,1.5558091034548174,1.6971279580500531,1.8024026436148384,1.8784393397987627
1.064190252218086,1.2680120209649686,1.2007530268577995,1.3912603385189308,1.5762501975878602,1.7221406879916008,1.8303772135054588,1.908321172097316
1.064072836952103,1.266616136825114,1.2046243151217002,1.4041096683778864,1.5952183798375272,1.745035127787763,1.8556847402248415,1.9351036016552627
1.063955004387225,1.2652119858458026,1.208212526113613,1.416109443504202,1.612682934619121,1.7658160255654762,1.8783694344931,1.9588657383254795
1.0638369157397771,1.2638017653076925,1.2114850682232117,1.4272176452183345,1.6286245996747015,1.7845058147820416,1.8984990699749045,1.9797152876698414
1.06371873248421,1.2623876855929228,1.2144108729068173,1.4373975468419928,1.6430341933963866,1.8011419364161647,1.91616099998568,1.9977834514859394
1.0636006160783886,1.2609719657475942,1.216960454398778,1.44661727039401,1.655911098177261,1.8157739194206968,1.9314578273037997,2.0132193817431054
1.06348272768986,1.2595568290200827,1.2191059573874812,1.454849292965253,1.6672616405589218,1.828460295751652,1.9445028409362244,2.026184335285695
1.0633652279235906,1.2581444983850578,1.220821195097499,1.4620699187750046,1.6770974115718569,1.839265431102172,1.955415341141387,2.036845686872834
1.0632482765515936,1.2567371920630774,1.2220816803544798,1.4682587335936916,1.685433572136787,1.848256354928662,1.9643159777130836,2.045370963231981
1.0631320322449234,1.2553371190457685,1.2228646522708195,1.47339805848597,1.6922871886588708,1.855499673367332,1.971322226331795,2.0519220606092317
1.06301665230844,1.2539464746365407,1.2231491011741873,1.4774724196706626,1.6976756429864812,1.861058646201516,1.976544123713836,2.0566498028355418
1.0629022924187936,1.2525674360168244,1.222915794309015,1.480468050712139,1.701615158750729,1.8649905042456063,1.9800803745109323,2.0596889864542045
1.0627891063660149,1.2512021578477028,1.2221473046736184,1.4823724422629363,1.7041194828155657,1.867344076534181,1.9820149317486755,2.0611540444279095
1.0626772457991356,1.249852767916774,1.2208280451176816,1.4831739531956645,1.705198756254137,1.8681577877947049,1.9824141384779927,2.061135440987411
1.0625668599761997,1.248521362839878,1.2189443095210686,1.4828614952281869,1.7048586040570004,1.8674580761467643,1.9813245017775916,2.0596968880471063
1.06245809551907,1.247210003827241,1.2164843225139184,1.481424301106405,1.7030994668313315,1.8652582691657404,1.9787711518823696,2.056873449128957
1.0623510961733604,1.2459207125233105,1.2134382987876364,1.4788517841164797,1.6999161912441738,1.8615579437571568,1.9747570196546245,2.052670570780409
1.062246002573873,1.244655466929411,1.209798512598504,1.475133494214988,1.69529788908892,1.8563427821101333,1.969262745506077,2.0470640549258086
1.062142952015845,1.243416197418021,1.2055593775903384,1.4702591734553123,1.6892280678081988,1.849584922732442,1.9622473128502549,2.040000959307422
1.0620420782323607,1.2422047828472742,1.200717536573761,1.4642189107212962,1.6816850282861853,1.8412437926037368,1.9536493798173344,2.0314013879529385
1.061943511178201,1.2410230467839165,1.195271960408485,1.4570033931223116,1.6726425189181255,1.831267394178876,1.943389264847153,2.021161110176665
1.0618473768204613,1.2398727538426937,1.1892240546560198,1.4486042488268902,1.662070628555044,1.81959400966034,1.9313715253811183,2.0091549256196757
1.0617537969361854,1.2387556061497624,1.182577772214542,1.4390144736781505,1.649936895068131,1.8061542749233968,1.9174880546158428,1.9952406747938827
1.061662888917315,1.2376732399374046,1.1753397297288444,1.4282289317049286,1.6362076011237507,1.7908735669607645,1.901621609498822,1.9792637799438348
1.0615747655831775,1.2366272222769252,1.1675193251960914,1.416244917669885,1.620849224423277,1.773674641900514,1.8836496740892437,1.9610621900855998
1.0614895350007856,1.2356190479562918,1.1591288538738622,1.4030627681271226,1.6038300062354018,1.7544804556741416,1.8634485562383296,1.940471597014937
1.0614073003131417,1.2346501365086224,1.1501836193477706,1.3886865061327842,1.5851215995951071,1.733217096343413,1.840897612332811,1.9173307859606907
1.0613281595757968,1.233721829397329,1.140702036439851,1.373124503790978,1.5647007570993017,1.709816755951481,1.81588349457272,1.8914869853374017
1.0612522056018332,1.2328353873632492,1.1307057225395902,1.3563901462405288,1.5425510177997226,1.6842206705042129,1.7883043178110536,1.8628010845439087
1.061179525815484,1.2319919879387766,1.1202195739209178,1.3385024805029342,1.518664353258175,1.6563819592183229,1.7580736481762964,1.8311525966708955
1.0611102021145464,1.231192723133557,1.1092718236704575,1.3194868328139902,1.493042734338056,1.626268298349527,1.7251242232613755,1.796444253924904
1.0610443107417695,1.2304385972959684,1.0978940779946156,1.2993753786379847,1.4656995826877892,1.5938643705513844,1.6894113232633317,1.7586061370693402
1.0609819221653496,1.2297305251541748,1.0861213278915174,1.2782076504903783,1.4366610740313384,1.5591740375911949,1.650915723713897,1.7175992556769832
1.0609231009686888,1.229069330040197,1.0739919334641814,1.2560309699416043,1.4059672642073642,1.5222221921159829,1.6096461729360048,1.673418512895516
1.060867905749527,1.2284557423000224,1.061547578506014,1.232900791701592,1.373673013265774,1.483056252752721,1.5656413506593003,1.626095006141373
1.06081638902858,1.2278903978924414,1.0488331934012496,1.208880949447529,1.3398486877042053,1.4417472758704513,1.5189712778950597,1.5756976330635846
1.0607685971677678,1.2273738371788825,1.0358968448411263,1.1840437950062712,1.304580625967091,1.3983906665565944,1.4697381617884204,1.5223339896971415
1.0607245702981452,1.226906503906192,1.0227895913516525,1.1584702245856653,1.267971357496939,1.3531064805069268,1.4180766723481315,1.4661505644518842
1.0606843422575936,1.2264887443839028,1.0095653041490085,1.1322495879114565,1.2301395707845983,1.306039317358804,1.3641536603589042,1.4073322470279241
1.0606479405383682,1.2261208068572158,0.9962804533734284,1.1054794783154036,1.1912198308849735,1.2573578142978323,1.3081673371224036,1.3461011851687261
1.0606153862445309,1.2258028410765327,0.9829938602894864,1.0782654039827502,1.1513620516290088,1.2072537563574226,1.250345946721553,1.2827150341043239
1.0605866940593442,1.2255348980640617,0.9697664165702192,1.0507203426556204,1.1107307321701032,1.1559408265634945,1.1909459700954834,1.2174646534387858
1.0605618722226402,1.2253169300776383,0.9566607722927422,1.0229641840573611,1.0695039714654933,1.1036530248420222,1.1302499072437255,1.150671314019627
1.0605409225182056,1.2251487907715908,0.943740994755772,0.9951230661138596,1.0278722777435874,1.050642789334131,1.0685636893034711,1.0826834829935188
1.0605238402711852,1.2250302355541274,0.931072200675075,0.9673286126675018,0.9860371928951628,0.9971788574127988,1.006213776066304,1.013873258864068
1.060510614355524,1.224960922140382,0.9187201647151996,0.9397170817832122,0.9442097540199844,0.9435439062635091,0.943543996770677,0.9446325300386864
1.0605012272114192,1.2249404112999194,0.9067509076682448,0.9124284349148774,0.9026088160469568,0.8900320144021456,0.8809121928079822,0.8753689302338455
1.060495654872791,1.224968167797182,0.8952302678895164,0.8856053381247476,0.8614592604310795,0.8369459860079773,0.8186867204269938,0.8065016623789868
1.0604938670047164,1.2250435615229816,0.8842234598419415,0.8593921072238639,0.8209901154339099,0.7845945795187027,0.7572428697470386,0.7384572595108769
1.0604958269508136,1.2251658688148623,0.8737946237858665,0.833933609133296,0.7814326134521236,0.7332896806582356,0.6969592535440134,0.6716653467834425
1.0605014917904998,1.225334273963752,0.8640063707775001,0.8093741319635815,0.7430182103176068,0.6833434580483283,0.638214215512575,0.6065544633345099
1.060510812406089,1.2255478709040557,0.8549193272101594,0.7858562362904505,0.7059765905107421,0.6350655369055903,0.5813823031963512,0.543547996551713
1.0605237335596267,1.2258056650839193,0.8465916831494867,0.7635195998896448,0.6705336808714015,0.588760223165401,0.5268308456813262,0.48306027446258776
1.0605401939794117,1.2261065755121403,0.8390787486813126,0.7424998678085478,0.6369096937317438,0.5447238068275019,0.4749166706314502,0.42549285473241744
1.0605601264560685,1.226449436977757,0.832432522412506,0.7229275191255279,0.60531721850612,0.503241969509707,0.4259829894740736,0.3712310412777758
1.0605834579481086,1.226833002438097,0.8267012761467445,0.7049267611107083,0.5759593787337658,0.4645873172508829,0.3803564736773874,0.32064065198038133
1.0606101096968148,1.227255945570637,0.821929159603084,0.6886144607850645,0.5490280694553784,0.4290170556430883,0.3383445392588769,0.27406505359650596
1.060639997350358,1.2277168634837463,0.8181558288618809,0.6740991231106317,0.5247022876904586,0.3967708205131826,0.3002328510748029,0.23182247288000707
1.0606730310969676,1.2282142795809663,0.8154161020142624,0.6614799242623366,0.5031465667379502,0.3680686737257478,0.266283053208907,0.19420358634228418
1.060709115807029,1.228746646573209,0.813739645263893,0.6508458076605551,0.4845095231141104,0.3431092703447259,0.2367307270394458,0.16146938512356898
1.0607481511839107,1.2293123496328475,0.8131506924868083,0.6422746497069294,0.4689225232258114,0.3220682004622522,0.2117835744404296,0.13384930629793157
1.060790031923366,1.2299097096833762,0.8136678010011108,0.6358325014862172,0.4564984754051623,0.3050965065611227,0.1916198201767375,0.11153961771743476
1.0608346478812845,1.230536986817951,0.8153036460354836,0.6315729120895103,0.4473307517416416,0.2923193753887735,0.1763868249778123,0.09470204033834341
1.060881884249617,1.231192383839835,0.8180648561167656,0.6295363386914717,0.4414922432714257,0.283835002039195,0.1661998990989177,0.08346258996476211
1.0609316217402174,1.2318740499173948,0.8219518913223631,0.6297496480808934,0.4390345515370394,0.2797136232998123,0.1611413054580264,0.07791061956698767
1.0609837367763972,1.2325800843460608,0.8269589660641795,0.632225714000723,0.4399873193202903,0.2799967173422046,0.1612594417053858,0.07809804383303351
1.0610381016919157,1.2333085404093018,0.8330740177853994,0.6369631143933369,0.4443577034684551,0.2846963675155846,0.1665681918490924,0.08403872940948984
1.0610945849371665,1.234057429330444,0.8402787226590107,0.6439459324575009,0.4521299931566397,0.2937947893177892,0.1770464403052783,0.09570803736831501
1.0611530512922605,1.2348247243068475,0.8485485590744447,0.6531436652856574,0.4632653776203679,0.3072440215226823,0.1926377444151123,0.11304250874727019
1.061213362086735,1.235608364617776,0.8578529193838349,0.6645112437399143,0.4777018683003745,0.324965784864333,0.2132501654900893,0.1359396894629031
1.0612753754255635,1.2364062597970085,0.8681552700483065,0.6779891671118501,0.4953543813983704,0.3468515145184719,0.2387562631919149,0.16425809735072977
1.0613389464211702,1.2372162938611122,0.8794133599746743,0.6935037559608384,0.5161149879663786,0.3727625757551449,0.2689932633654432,0.1978173413652928
1.0614039274310876,1.2380363295840655,0.8915794764600385,0.710967526299162,0.5398533397458047,0.4025306754081619,0.3037634151214005,0.23639841083766194
1.0614701683009462,1.2388642128088387,0.9046007477637642,0.7302796879491741,0.5664172799262005,0.435958485034044,0.3428345587657624,0.2797441608490729
1.061537516612399,1.2396977767863655,0.9184194909006438,0.7513267693958515,0.595633648686272,0.4728204946041873,0.3859409318043126,0.327560027885789
1.061605817935645,1.2405348465323278,0.9329736027949466,0.7739833707564528,0.6273092936823579,0.5128641180531626,0.4327842453803626,0.3795150175809095
1.0616749160861287,1.2413732431920532,0.9481969924523328,0.7981130455485886,0.6612322954284513,0.5558110737354837,0.4830350677543399,0.4352430130511073
1.061744653385058,1.242210788403889,0.9640200512976538,0.8235693107263886,0.6971734166355597,0.6013590635527326,0.5363345543966527,0.49434445757447276
1.0618148709232873,1.2430453086513624,0.9803701582943803,0.8501967829450437,0.7348877829214149,0.6491837739264609,0.5922965655049542,0.556388468557675
1.061885408828188,1.2438746395945517,0.9971722159123294,0.8778324371925049,0.7741167997562138,0.6989412196445925,0.6505102108336333,0.6209154403099061
1.0619561065330294,1.2446966303711464,1.014349212451514,0.9063069817904004,0.8145903069906416,0.7502704476585537,0.7105428582106738,0.6874401904792183
1.0620268030484696,1.245509147857826,1.0318228056722645,0.9354463413285165,0.85602896776913,0.8027966119601785,0.7719436356346974,0.7554556985529917
1.0620973372356648,1.246310080882711,1.0495139221366967,0.9650732363887714,0.8981468830568434,0.8561344225927191,0.8342474470909705,0.8244374740980411
1.062167548080567,1.2470973443798887,1.067343366149393,0.9950088459871496,0.9406544164514128,0.9098919616127596,0.896979509018261,0.893848577074522
1.0622372749689108,1.2478688834771765,1.0852324317109796,1.0250745355858653,0.9832612065189722,0.9636748464972672,0.9596603976790308,0.9631452924553219
1.0623063579614391,1.2486226775086078,1.1031035104856477,1.0550936303959428,1.025679335768387,1.017090707298644,1.021811577720458,1.0317834366359175
1.0623746380688552,1.2493567439433546,1.1208806884501104,1.0848932106126554,1.0676266168079322,1.0697539281591113,1.0829613593912186,1.0992252441655048
1.062441957526036,1.2500691422231562,1.1384903236566255,1.1143059023321324,1.1088299475387144,1.1212905871377248,1.142651206898879,1.1649467509776312
1.0625081600649873,1.2507579775006297,1.155861597423989,1.1431716353270045,1.1490286788156825,1.171343511372389,1.200442294234488,1.228445555753321
1.062573091186067,1.2514214042712246,1.1729270312859903,1.1713393367625904,1.1879779302925824,1.2195773482379908,1.255922178706914,1.2892488059174432
1.0626365984269452,1.2520576298919317,1.1896229621905072,1.1986685284610554,1.2254517836364285,1.265683538326728,1.308711437901913,1.3469212210105115
1.0626985316288315,1.2526649179802771,1.2058899687678482,1.2250307946143846,1.2612462774389506,1.3093850637982551,1.3584700944620205,1.4010729360328307
1.0627587431994312,1.25324159168751,1.2216732419808236,1.2503110870337115,1.295182125434169,1.3504408369612213,1.4049036366903631,1.4513669232077102
1.0628170883721593,1.2537860368403386,1.2369228941370922,1.2744088362084736,1.327107079473154,1.3886495898304154,1.447768433183293,1.4975257348177935
1.0628734254610852,1.2542967049459484,1.251594201083239,1.2972388387030027,1.3568978614409195,1.4238531266830707,1.4868763379653518,1.5393373044674468
1.062927616111134,1.2547721160555054,1.2656477734048253,1.3187318947736182,1.384461594145523,1.455938808921883,1.5220982900738358,1.5766595510141184
1.0629795255430294,1.2552108614817163,1.279049653612384,1.338835174528802,1.409736670236729,1.484841155147785,1.5533667288793809,1.609423549544447
1.0630290227925143,1.2556116063664895,1.2917713375827864,1.3575122964152806,1.4326930103310436,1.510542459209168,1.5806766737131932,1.6376350673878615
1.0630759809433472,1.2559730920950938,1.3037897199218689,1.374743108175498,1.4533316764634605,1.5330723546929803,1.6040853530240649,1.661374309574381
1.0631202773536264,1.2562941385536617,1.3150869643891825,1.3905231675230092,1.47168382431655,1.552506285037169,1.623710313067802,1.6807937757148035
1.063161793874959,1.2565736462272363,1.3256503020423758,1.4048629274096724,1.487808996796042,1.568962872990717,1.6397259871722782,1.6961141964743953
1.063200417064045,1.2568105981359523,1.335471761280029,1.417786638666747,1.5017927817028698,1.5826002200495923,1.652358761546692,1.707618589354733
1.0632360383862245,1.2570040616072882,1.3445478354448943,1.4293309907162306,1.5137438766735565,1.5936112040667298,1.6618806296814466,1.715644546617343
1.0632685544105764,1.257153189882683,1.3528790950534997,1.4395435186832115,1.5237906243590371,1.6022178796900832,1.6686015817321806,1.720574938898542
1.0632978669961477,1.257257223557095,1.3604697529993843,1.4484808123055368,1.5320770991234205,1.608665119864743,1.672860925074421,1.7228272825093576
1.0633238834689405,1.2573154918504337,1.3673271921971344,1.4562065682612635,1.538758842563287,1.6132136657289282,1.6750177749070196,1.7228420731447696
1.0633465167892575,1.257327413710021,1.3734614660543962,1.462789532668152,1.5439983581679024,1.6161327754707664,1.6754409872780316,1.721070430979876
1.0633656857090803,1.2572924987435503,1.3788847828487494,1.4683013843463413,1.5479604848973705,1.6176926790592558,1.674498829704705,1.717961430017214
1.0633813149191125,1.257210347982212,1.3836109855182277,1.4728146118134278,1.5508077749504394,1.6181570545642334,1.672548695820283,1.7139494971375817
1.0633933351852043,1.2570806544739128,1.387655038531038,1.47640043779771,1.5526960023143734,1.6177757427883606,1.6699271700451772,1.7094422636243205
1.0634016834738405,1.256903203706696,1.3910325333695988,1.479126844263544,1.5537699258074047,1.616777910285405,1.6669407366136375,1.704809234862884
1.0634063030664385,1.2566778738626991,1.393759223745547,1.4810567485598052,1.5541594233922815,1.6153658570209066,1.66385740538884,1.7003716140482494
1.063407143662196,1.2564046359031087,1.3958506009608287,1.482246377399807,1.5539761038643976,1.6137096447113766,1.6608994961645909,1.6963935751295678
1.063404161469285,1.2560835534848154,1.3973215188623411,1.4827438800883874,1.5533104880442754,1.6119426962389116,1.6582377852365269,1.6930752312224555
1.0633973192841697,1.25571478270955,1.3981858766253192,1.4825882159011312,1.5522298348737176,1.6101584865906473,1.6559871746960306,1.6905474897158792
1.0633865865589054,1.2552985717065166,1.398456366176448,1.4818083430070297,1.5507766689449916,1.608408412692766,1.654203997919894,1.6888689265768209
1.0633719394562462,1.254835260049606,1.3981442894671974,1.4804227280496944,1.5489680456371733,1.6067008944699852,1.6528850257593155,1.6880247519612095
1.0633533608924706,1.2543252780105012,1.3972594490753218,1.478439186727469,1.5467955688648705,1.6050017235948688,1.6519681884809456,1.6879278789337682
1.063330840567806,1.2537691456490572,1.3958101137927963,1.4758550567098898,1.5442261551217786,1.6032356407514274,1.651334979905744,1.6884220483400016
1.063304374984417,1.2531674717425614,1.393803059002459,1.472657695272195,1.5412035166624445,1.6012890877947783,1.65081446358464,1.689286906859203
1.0632739674518965,1.25252095255557,1.3912436798011207,1.4688252853842236,1.5376503169037457,1.5990140488192377,1.6501887572499403,1.6902448829990369
1.0632396280802716,1.2518303704522422,1.3881361730452182,1.4643279259076172,1.5334709329919352,1.5962328646471318,1.6491998320933552,1.6909696581632663
1.06320137376053,1.2510965923532122,1.3844837828210133,1.4591289742614095,1.528554744458569,1.5927438793327942,1.647557428476396,1.6910959877859972
1.0631592281327262,1.250320568039265,1.3802891023204666,1.4531866036126562,1.5227798534065342,1.588327755584536,1.6449478602717078,1.6902305917556668
1.0631132215417276,1.2495033283042474,1.3755544237724375,1.446455531499954,1.516017131078088,1.5827542791054872,1.6410434569233372,1.6879638048667192
1.0630633909807246,1.2486459829598795,1.3702821269716554,1.438888872934548,1.508134478238457,1.5757894602239912,1.6355123762189208,1.6838816577882658
1.063009780022605,1.2477497186953188,1.364475096088236,1.430440068532137,1.499001182748295,1.5672027351973497,1.6280285123217275,1.6775780479511726
1.0629524387393827,1.2468157967946043,1.358137153848813,1.4210648371557693,1.488492257092867,1.5567740694737136,1.6182812233190824,1.6686666586444991
1.062891423609824,1.2458455507153083,1.351273501864704,1.4107231028952898,1.4764926414740698,1.5443007710628596,1.6059846107017814,1.6567922940681161
1.062826797415518,1.244840383532032,1.3438911558471054,1.399380847930746,1.462901164237494,1.529603833887222,1.5908860998224874,1.6416413183598195
1.0627586291255815,1.243801765248591,1.3359993646864816,1.3870118458383451,1.4476341606684526,1.512533648228759,1.5727740951742473,1.622950917493703
1.0626869937702967,1.2427312299830866,1.3276100028717177,1.373599234075053,1.4306286632102947,1.4929749375996,1.551484516591067,1.6005169436905644
1.062611972303914,1.2416303730302634,1.318737926462054,1.3591368895590896,1.411845090490649,1.4708508077584077,1.526906061109835,1.5742001512700392
1.062533651456964,1.2405008478059418,1.3094012837772369,1.343630577261077,1.3912693786578565,1.446125823182168,1.4989840787860451,1.5439306888333963
1.0624521235783633,1.239344362678507,1.2996217731049895,1.327098848320101,1.368914515829469,1.418808057924948,1.4677229974450408,1.509710772935166
1.0623674864676818,1.2381626776928392,1.289424841007048,1.309573671177017,1.3448214582985565,1.3889501001856477,1.4331872791806275,1.471615530276868
1.0622798431979106,1.2369576011922794,1.2788398161951982,1.2911007863405064,1.3190594248754892,1.3566490217532738,1.3955009382852055,1.429792056058583
1.0621893019291293,1.235730986344591,1.2678999754101217,1.2717397824450585,1.2917255827309353,1.3220453535275585,1.3548456941560214,1.384456792615825
1.0620959757134434,1.2344847275781068,1.256642539226556,1.2515638980077644,1.2629441537639292,1.285321135357751,1.3114578716924123,1.3358913822539236
1.0619999822916275,1.233220756934592,1.2451085971925393,1.230659559552183,1.2328649843454216,1.2466971315212905,1.265624194213232,1.2844371891170552
1.0619014438818712,1.2319410403455635,1.2333429631499009,1.209125672375218,1.201661632878961,1.2064293215272646,1.217676638822396,1.2304887154281714
1.061800486961091,1.2306475738391194,1.2213939629474104,1.187072685058434,1.1695290386974628,1.1648047891073567,1.1679865407561736,1.1744861566374747
1.061697242039232,1.2293423796845175,1.209313158016385,1.164621452772441,1.1366808422238848,1.1221371400666995,1.1169581413794014,1.1169073477676232
1.0615918434270415,1.2280275024820273,1.1971550094093777,1.141901927439023,1.1033464300429774,1.078761582216102,1.0650217744700972,1.0582593500860584
1.0614844289977603,1.226705005205703,1.184976487885326,1.119051704882526,1.0697677796581866,1.035029798259476,1.0126268779822254,0.9990699143125449
1.061375139943227,1.2253769652069917,1.1728366364479512,1.0962144602412764,1.0361961774499902,0.9913047358504964,0.9602350046935004,0.9398790355021484
1.061264120524858,1.224045470187164,1.1607960923986334,1.0735383031723231,1.0028888800008715,0.947955428804426,0.9083129863576708,0.881230787459738
1.0611515178200124,1.2227126141467566,1.1489165764497482,1.0511740838500605,0.9701057838662814,0.9053519505036308,0.8573263836507355,0.8236655931206699
1.061037481464207,1.2213804933202532,1.1372603567596666,1.0292736795300708,0.93810616244314,0.8638605857537105,0.8077333298072834,0.7677130538355073
1.0609221633897024,1.2200512021043772,1.125889695904994,1.0079882896416656,0.9071455212286108,0.823839291604604,0.7599788507945222,0.7138854268415639
1.060805717560928,1.2187268289883424,1.1148662888070144,0.987466765107406,0.8774726148688206,0.785633501750273,0.7144897204164189,0.6626718080471965
1.0606882997072684,1.21740945249451,1.1042506994927497,0.9678539949923698,0.8493266613426067,0.7495723137663487,0.6716698859225766,0.6145330479320222
1.0605700670536773,1.2161011371378108,1.094101804310018,0.9492893707801277,0.8229347807346576,0.715965084210618,0.6318964793150911,0.569897402850669
1.060451178049641,1.2148039294123376,1.0844762488484787,0.9319053456700233,0.7985096785993279,0.6850984439311708,0.5955164121521748,0.529156902933627
1.0603317920969506,1.21351985381338,1.0754279253606946,0.9158261033902768,0.7762475871121565,0.6572337350907013,0.5628435375457986,0.4926644013812046
1.0602120692767976,1.2122509089031488,1.067007476947644,0.901166348210166,0.7563264712028032,0.6326048625790847,0.5341563523322861,0.46073125822937666
1.0600921700766444,1.2109990634282637,1.059261834186914,0.8880302251785187,0.738904501749598,0.611416545680999,0.5096962049613775,0.43362560437072595
1.0599722551173711,1.209766252497007,1.0522337892564382,0.8765103771676016,0.7241187937296871,0.5938429510229079,0.4896659702590103,0.41157112830421844
1.0598524848811408,1.2085543738241245,1.045961611954731,0.8666871430932236,0.7120844039456621,0.5800266847904557,0.4742291505197881,0.39474632820368977
1.0597330194404655,1.207365284050823,1.0404787113541758,0.8586278997328219,0.7028935805387252,0.5700781207728789,0.4635093629583312,0.38328417481029625
1.0596140181889036,1.2062007951473783,1.0358133461563046,0.8523865478751758,0.6966152548649013,0.56407504070228,0.4575901759376818,0.37727213571649565
1.059495639573849,1.2050626709055874,1.0319883861573302,0.8480031421006097,0.6932947653499703,0.5620625643414435,0.4565152601364292,0.3767525181819461
1.0593780408318274,1.203952623528017,1.0290211265837796,0.8455036622880774,0.6929538025286777,0.5640533485546972,0.4602888254652802,0.38172309510586006
1.05926137772674,1.20287231032081,1.026923156428615,0.8448999239501025,0.6955905644889829,0.5700280369035496,0.4688763196845707,0.39213798663875266
1.059145804291443,1.201823330496493,1.02570028130954,0.8461896236737995,0.7011801122528971,0.5799359438874095,0.482205369932178,0.4079087776782621
1.059031472573091,1.2008072220930108,1.0253525007869664,0.8493565152622057,0.7096749151104886,0.5936959605721367,0.5001669534247752,0.42890585876559933
1.0589185323825996,1.1998254590148838,1.0258740395189585,0.8543707115866502,0.7210055764670943,0.6111976708136465,0.5226167881717305,0.4549599843594202
1.0588071310486384,1.1988794482021488,1.0272534310961094,0.8611891066435933,0.735081731265109,0.6323026694222972,0.5493769384226375,0.4858640478646283
1.058697413176482,1.19797052693239,1.0294736528891124,0.8697559118234048,0.7517931064115899,0.6568460752877038,0.5802376325860756,0.5213750769497636
1.0585895204121054,1.197099960260935,1.032512309756991,0.880003299916136,0.771010735811268,0.6846382335892612,0.6149592933885274,0.561216455475401
1.0584835912118291,1.1962689386039245,1.0363418640028834,0.8918521498745747,0.7925883215149735,0.7154666016793308,0.6532747810083064,0.6050803797038679
1.0583797606178695,1.195478575468718,1.0409299085286683,0.9052128848108348,0.8163637321101314,0.7490978130010435,0.6948918497823604,0.652630556343302
1.0582781600400752,1.1947299053357383,1.0462394797288486,0.9199863951060152,0.8421606287812937,0.785279912473287,0.7394958178391655,0.7035051484093681
1.0581789170441835,1.1940238816956148,1.052229406281349,0.9360650378599226,0.8697902084538948,0.8237447551547359,0.7867524466905131,0.7573199719181185
1.058082155146847,1.1933613752451036,1.0588546896386868,0.9533337031996472,0.8990530521155963,0.864210557720826,0.8363110244769719,0.8136719421338465
1.0579879936177323,1.192743172245043,1.066066911702838,0.9716709372133276,0.9297410648193064,0.9063845894155694,0.88780764229802,0.8721427626014756
1.0578965472889323,1.192169973043221,1.0738146648832936,0.9909501104926712,0.9616394920536894,0.9499659857555516,0.9408686479830716,0.9323028436336259
1.057807926371947,1.1916423907647915,1.082043999497187,1.0110406204788935,0.99452899518253,0.9946486644740796,0.9951142559202372,0.9937154294710584
1.0577222362824603,1.1911609501725329,1.0906988832769844,1.0318091150377595,1.0281877665743029,1.0401243191234484,1.0501622853243662,1.0559409051901678
1.0576395774731435,1.190726086698978,1.0997216676128956,1.053120723974492,1.0623936629531152,1.0860854615494944,1.105631992793466,1.1185412458259778
1.0575600452746767,1.1903381456521047,1.109053555078586,1.074840284572737,1.0969263334926034,1.1322284802747975,1.1611479583927955,1.181084561374512
1.057483729745207,1.1899973815960427,1.118635062777884,1.0968335467434347,1.1315693173461765,1.1782566778523282,1.216343978065595,1.2431496826310533
1.057410715528398,1.189703957907876,1.1284064761110777,1.118968343036397,1.166112083760808,1.223883246663429,1.2708669091611438,1.3043307245333489
1.0573410817202709,1.189457946511416,1.138308287698769,1.1411157086394037,1.2003519867619363,1.2688341396253144,1.3243804105764123,1.3642415561646974
1.0572749017449663,1.1892593277884254,1.1482816164213874,1.1631509366005162,1.2340961057213764,1.3128507900321484,1.3765685147128346,1.4225201002008963
1.0572122432396065,1.1891079906675883,1.158268601837129,1.184954553891628,1.2671629430213598,1.3556926334639454,1.4271389654429196,1.4788323797402985
1.0571531679483528,1.1890037328910998,1.1682127696295554,1.206413204608746,1.2993839505840383,1.3971393845249378,1.4758262548350012,1.5328762275140637
1.0570977316258283,1.1889462614585813,1.178059364208018,1.2274204275960634,1.330604858311807,1.4369930222617688,1.5223942917477296,1.58438457179193
1.05704598394997,1.188935193247599,1.187755645134443,1.247877317093516,1.3606867795210469,1.4750794405707983,1.566638637784225,1.633128215189587
1.0569979684444537,1.18897005580987,1.1972511446737313,1.267693056640859,1.3895070712706723,1.5112497238023648,1.6083882506399831,1.6789180272960282
1.056953722410746,1.1890502883418383,1.2064978844521423,1.2867853184110851,1.4169599310775742,1.545381013125923,1.6475066816648836,1.7216064797296993
1.056913276869894,1.1891752428280775,1.2154505499486032,1.3050805223691742,1.4429567158374166,1.577376935997463,1.6838926834803576,1.7610884629468049
1.0568766565140884,1.189344185355581,1.2240666223230956,1.322513952121226,1.467425973761888,1.6071675791708595,1.7174801946409013,1.7973013377749927
1.056843879668086,1.1895562975967593,1.232306467889961,1.33902972698835,1.490313185705895,1.6347089949600144,1.748237681397787,1.8302241909998265
1.056814958260514,1.1898106784585627,1.2401333863536452,1.35458063265047,1.5115802182625069,1.659982240668242,1.7761668312988572,1.8598762830054372
1.0567898978051136,1.190106345894908,1.2475136197227017,1.369127815592774,1.5312044972996064,1.6829919619824687,1.8013006092340749,1.8863146959380745
1.056768697391922,1.1904422388791625,1.2544163245846671,1.3826403494778847,1.5491779170270117,1.7037645423611738,1.823700703117826,1.9096312124633232
1.0567513496884346,1.1908172195331992,1.260813511141142,1.3950946843835728,1.5655055060308265,1.7223458516733583,1.8434544031291464,1.9299484771660087
1.056737840950725,1.191230075409118,1.2666799530493469,1.4064739925086935,1.5802038777977343,1.7387986381963405,1.8606709747117751,1.94741551416934
1.0567281510445388,1.1916795219194602,1.271993072676559,1.4167674263813053,1.593299498882384,1.7531996181769207,1.875477600760131,1.9622026947779418
1.0567222534763168,1.1921642049113477,1.2767328068300885,1.4259693077267444,1.6048268128582015,1.7656363261398331,1.8880149819968168,1.9744962670521469
1.0567201154341492,1.1926827033796812,1.2808814583649957,1.4340782669021994,1.6148262623654108,1.7762037966585174,1.898432695946451,1.984492574443716
1.0567216978385898,1.1932335323141705,1.2844235392823171,1.4410963541172208,1.6233422547795164,1.7850011541001314,1.9068844236714,1.9923921023237656
1.0567269554033036,1.1938151456746484,1.2873456110057089,1.447028144489643,1.6304211191494913,1.7921281906943958,1.9135231592025388,1.9983934989193108
1.0567358367054656,1.1944259394887806,1.2896361274583683,1.4518798592966282,1.6361091030082648,1.797682014995927,1.9184965191339003,2.002687720523247
1.0567482842658558,1.1950642550659725,1.2912852863561408,1.4556585255519896,1.6404504573893623,1.8017538523313965,1.9219422690447412,2.00545244971895
1.0567642346385429,1.195728382320939,1.2922848937885778,1.4583711952662526,1.6434856568776044,1.804426076137907,1.9239841792811985,2.0068469298105382
1.0567836185100832,1.196416563200124,1.292628246686674,1.460024244437358,1.6452497988053596,1.8057695442770405,1.924728315311972,2.007007348894278
1.0568063608080993,1.1971269952038304,1.2923100371833334,1.4606227700010648,1.6457712218383302,1.805841307584349,1.9242598576123304,2.006042893412383
1.056832380819143,1.197857834996674,1.2913262821766749,1.4601701006834,1.6450703792729249,1.8046827492844013,1.922640533166056,2.004032574088734
1.056861592315684,1.198607202098679,1.2896742806230268,1.4586674349947613,1.6431589965138511,1.8023182037113263,1.919906725611219,2.001022907433464
1.056893903692098,1.1993731826491156,1.2873526002375646,1.4561136165538044,1.6400395355668933,1.7987540913103277,1.9160683142502053,1.997026514155778
1.0569292181094745,1.2001538332349189,1.2843610943864523,1.45250505360276,1.6357049821358556,1.7939785944675526,1.9111082740818035,1.9920216725014714
1.0569674336490962,1.200947184775378,1.2807009490402426,1.4478357860590314,1.630138963240187,1.787961885654764,1.904983050192504,1.9859528403977877
1.057008443474374,1.201751246454528,1.2763747587458727,1.442097699826964,1.623316195362223,1.7806569060157345,1.8976237007585723,1.9787321359868681
1.0570521360010685,1.2025640096926071,1.271386629690012,1.435280884461781,1.6152032551900093,1.772000679200537,1.888937784043379,1.9702417422771252
1.057098395075556,1.203383452147741,1.265742307090394,1.427374126723736,1.6057596572379895,1.7619161322968762,1.87881194658294,1.9603371788132495
1.0571471001609445,1.204207541738974,1.259449323387565,1.418365529175641,1.594939215197228,1.7503143834297552,1.8671151526707104,1.9488513619961816
1.0571981265307582,1.2050342406816588,1.2525171630347702,1.408243239843888,1.582691656970003,1.7370974442947489,1.8537024796788024,1.93559935646127
1.057251345469984,1.205861509526218,1.2449574391167388,1.3969962761613666,1.5689644571517976,1.722161275829644,1.83841939005447,1.9203837031911293
1.0573066244831633,1.2066873111912426,1.2367840765809504,1.3846154240078363,1.5537048453878015,1.7053991266562163,1.821106379332335,1.9030001961910785
1.0573638275092871,1.2075096149819748,1.2280134965492395,1.3710941907197964,1.5368619446855982,1.6867050770528893,1.8016038904892464,1.8832439689311835
1.0574228151431653,1.208326400585233,1.2186647959983072,1.3564297895026909,1.5183889905180432,1.665977706223681,1.7797573786705492,1.8609157446348075
1.0574834448629875,1.2091356620319784,1.208759917058929,1.3406241317784242,1.4982455794851175,1.643123797644546,1.755422406910078,1.8358281010748327
1.0575455712637234,1.209935411618808,1.1983238002829797,1.3236848036586664,1.4763998954728357,1.6180619963802174,1.7284696530583987,1.8078116009424534
1.0576090462960497,1.2107236837798707,1.1873845164614187,1.3056260029549722,1.4528308616748695,1.5907263335087318,1.6987897107592356,1.7767206431017528
1.0576737195104284,1.211498538900835,1.1759733719354457,1.2864694139088269,1.4275301685159776,1.5610695361433695,1.666297572922061,1.7424388980471444
1.0577394383059942,1.2122580670668217,1.1641249828175642,1.2662449981247703,1.4005041303924346,1.5290660469229718,1.630936694593911,1.7048842024378248
1.0578060481838447,1.2130003917364076,1.1518773141134813,1.2449916819768867,1.371775328142279,1.4947146841068006,1.5926825432062326,1.6640128023697551
1.0578733930043742,1.2137236733341406,1.1392716803954563,1.222757922983283,1.34138399916797,1.458040882359895,1.55154555754945,1.619822852626419
1.0579413152482136,1.2144261127542513,1.126352705403057,1.199602140239088,1.3093891430113438,1.419098464689018,1.5075734521093922,1.5723570989820428
1.0580096562803916,1.2151059547686254,1.1131682387215316,1.1755929968953742,1.275869316759259,1.3779709074836477,1.4608528201202509,1.5217046920898418
1.058078256617263,1.2157614913323964,1.0997692284896308,1.150809525786934,1.2409231017458018,1.334772072883101,1.4115100063245165,1.468002103881147
1.0581469561957924,1.216391064780928,1.08620954990064,1.1253410925634966,1.2046692304100606,1.2896463953590935,1.3597112384276064,1.4114331400069213
1.0582155946447138,1.2169930709122754,1.0725457900617172,1.0992871939778217,1.16724636965178,1.2427685220845417,1.3056620240234504,1.352228063940572
1.058284011557146,1.2175659619496664,1.058836990552101,1.0727570922466851,1.1288125643890274,1.194342418972734,1.2496058367942808,1.290661869233826
1.0583520467641574,1.218108249378865,1.0451443497522193,1.0458692895427804,1.0895443520540036,1.1445999658480657,1.1918221315314554,1.2270517554331395
1.0584195406088426,1.218618506655762,1.0315308876914075,1.0187508496234454,1.049635565276485,1.0937990747190232,1.1326237415252225,1.1617538797712024
1.0584863342203965,1.2190953717798514,1.0180610767679656,0.9915365762868696,1.0092958458286867,1.0422213742772937,1.0723537237436016,1.0951594704995056
1.0585522697877268,1.2195375497297387,1.0048004422244703,0.9643680607138616,0.9687488979028208,0.9901695113162842,1.01138172667354,1.02769039830427
1.0586171908320887,1.219943814757155,0.9918151367049975,0.937392611757736,0.9282305128549688,0.937964125582056,0.9500999625380776,0.9597943094594248
1.058680942478262,1.220313012536392,0.9791714935768072,0.9107620848575204,0.8879864006080593,0.8859405585483201,0.8889188697478743,0.8919394281649062
1.0587433717237549,1.2206440621664223,0.9669355639639556,0.8846316264527255,0.8482698649298163,0.8344453587215457,0.8282625529119749,0.8246091359712475
1.0588043277055503,1.220935958023378,0.955172642616589,0.8591583515699811,0.809339360796114,0.7838326463818948,0.7685640866402358,0.7582964334988268
1.0588636619638714,1.2211877714613733,0.9439467878285536,0.8344999726420298,0.7714559720571557,0.7344603992612978,0.7102607659228637,0.6934983841192767
1.0589212287024845,1.2213986523600584,0.9333203406242164,0.8108133976324888,0.734880846720099,0.6866867177220942,0.6537893803534937,0.6307106312629269
1.058976885045014,1.2215678305175683,0.9233534483673976,0.788253315206854,0.6998726254481806,0.6408661237410462,0.5995815822078371,0.5704220709942688
1.0590304912868034,1.2216946168878928,0.914103597810453,0.7669707840553909,0.6666848964802489,0.5973459426758807,0.5480594097822509,0.5131097499486127
1.0590819111417895,1.2217784046619422,0.9056251624078936,0.7471118425852494,0.6355637072372102,0.5564628106670708,0.4996310178387237,0.4592340461560846
1.0591310119839417,1.221818670191911,0.897968968470855,0.7288161541061171,0.6067451595503747,0.5185393438858555,0.454686656901514,0.40923417720101596
1.059177665082745,1.2218149737587525,0.8911818844683306,0.7122157014144415,0.5804531118993707,0.4838809989873284,0.4135949329317514,0.36352406709277324
1.059221745832291,1.22176696018287,0.8853064374061601,0.6974335432998534,0.5568970083457961,0.4527731472469964,0.3766993688601585,0.3224885905304384
1.0592631339734793,1.221674359278311,0.8803804600886229,0.6845826443524929,0.5362698504840143,0.4254783785513829,0.3443152802808479,0.2864802016956236
1.0593017138089016,1.2215369861509984,0.8764367719063096,0.6737647872978045,0.5187463245414148,0.4022340446121726,0.3167269683155682,0.255815943378878
1.0593373744099466,1.2213547413417007,0.8735028984278932,0.6650695787972036,0.5044810956945948,0.3832500485103931,0.2941852283472951,0.23077482628463453
1.059370009815716,1.2211276108146472,0.8716008235051559,0.6585735472486816,0.4936072677952698,0.3687068720798708,0.2769051561695002,0.2115955499766385
1.0593995192233183,1.220855665792839,0.8707468090171369,0.65433937185467,0.4862350463541224,0.3587538711148458,0.2650642705644623,0.19847457362020354
1.059425807169166,1.22053906244131,0.8709511610861101,0.6524151252867624,0.4824504849395333,0.3535077100280623,0.2588008124848287,0.19156438551443666
1.0594487837008664,1.2201780413996717,0.8722184030813376,0.652833993534711,0.4823147762616349,0.3530513887434252,0.2582126623483546,0.1909724019502933
1.059468364539376,1.2197729271655129,0.8745461442239321,0.6556127642648988,0.4858623767940643,0.3574321425555777,0.2633551455142782,0.19675875510559046
1.0594844712310432,1.2193241273302755,0.8779290338830666,0.6607554768828502,0.4931043564069058,0.3666645993892836,0.2742441008518889,0.20893933551031568
1.0594970312892449,1.2188321316694333,0.8823439601646068,0.6682383971671016,0.504013137602911,0.38071535631399,0.2908403688577218,0.22747023961857124
1.0595059783252885,1.2182975110888912,0.8878054583348504,0.6780652670074506,0.5185775559878874,0.3995578870410323,0.3131045927901451,0.2523025007162339
1.0595112521683288,1.2177209164296985,0.8941593544519504,0.6900609680051896,0.5365964918776949,0.4229661207873211,0.3407907397871645,0.2831755571527584
1.0585871973330887,1.216039802950582,0.9017204969725402,0.7045088762829955,0.5583158082496575,0.4511509858328194,0.3740823051968079,0.3202531840101836
1.049633751693757,1.205105607864085,0.9051191018683772,0.7159987141826941,0.5782775068513721,0.4786105247253789,0.4074430590099164,0.3579746366089252
1.031365016028699,1.1834647524737891,0.8986039276358638,0.7187060414621056,0.5905779552446487,0.4993711563745551,0.4348458012201229,0.39027452490947384
1.0042135445500944,1.1516406246237092,0.8824188898361969,0.7127511902113403,0.5952115339991662,0.5133192064595322,0.4560949204503355,0.41689897224131
0.9688164378779104,1.1103909368431066,0.8570036857280128,0.6984186928761915,0.5923072132477699,0.520451026498927,0.471086257476249,0.43767221605073825
0.9259934390822432,1.0606807616290546,0.8230648185569746,0.6762344783291337,0.5822116526603012,0.5209609351159764,0.4798985908047591,0.45259054360408674
0.8767189781181568,1.003648817540997,0.781471755847989,0.6468700788454365,0.5654010154736433,0.5151592576493625,0.4827162580070834,0.46174810689709533
0.822089311510998,0.9405684819364746,0.7332499385386495,0.6111440803798055,0.5424903934457594,0.5034883018542774,0.4798499828877324,0.4653611539743337
0.7632860982366897,0.872805184034581,0.6795416663303205,0.5699916818835079,0.514211532771551,0.4865068028767977,0.4717263217949843,0.4637610060172607
0.7015378877662821,0.8017719288309765,0.6215708735566975,0.5244376217782853,0.4813934230952141,0.4648768359245663,0.4588793117101239,0.45738907066975765
0.6380810669340072,0.7288847213656936,0.5606038381123447,0.4755640386538438,0.4449368712481048,0.4393439502467108,0.4419347969428942,0.4467841707956595
0.5741218163353523,0.6555196084944349,0.4979098012620243,0.4244768459865913,0.4057862702646428,0.4107134291758127,0.421590106708159,0.43256469274004083
0.5108005649813387,0.5829729398834657,0.434722365460695,0.3722712613567239,0.3648989944783253,0.3798229301328482,0.3985891988146061,0.4154055658890789
0.4491603073112817,0.5124262801130993,0.3722033723394177,0.3199981160539952,0.3232139784406067,0.3475130013604105,0.3736947132597458,0.3960114739238887
0.390119965310005,0.4449171879023164,0.3114106509161126,0.2686323985428487,0.2816209960342,0.3145970387805959,0.3476585269800379,0.3750879030180112
0.3344537485347914,0.3813168244651769,0.2532709311437709,0.2190454998198107,0.2409322733778557,0.2818324489547381,0.3211926684091671,0.35331194638445496
0.2827771963741953,0.3223150686146285,0.1985589811974931,0.1719824681143637,0.2018579794947608,0.2498947540345358,0.2949424664670039,0.3313048344259209
0.2355402913955021,0.2684135095393478,0.1478837565396522,0.1280453520266813,0.1649869489145068,0.219356217653534,0.2694636779621318,0.3096080491441269
0.193027722838581,0.2199263681848464,0.1016820324619614,0.0876834067498861,0.1307736959200954,0.190670285378065,0.2452050605130468,0.28866461191952486
0.1553660684458359,0.1769890751071497,0.0602196512570193,0.0511905853298014,0.0995324147325801,0.164162758049413,0.2224974767644256,0.2688067492923209
0.1225373642394095,0.1395739180599074,0.0236001690421666,0.0187103614785416,0.0714382557046863,0.1400301887461043,0.2015501715541111,0.25025068638485976
0.0943982584705069,0.1075118789398497,-0.0082196606006065,-0.009752457329483,0.046535741261038,0.1183455361156692,0.1824543826329333,0.23309882072317956
0.0707037096567263,0.0805195199488564,-0.0354084112645104,-0.0343135952318713,0.0247538146506836,0.0990707005390893,0.165194012881785,0.217349078103729
0.0511339997210204,0.0582295653838583,-0.0582337537558347,-0.0551859585354282,0.0059265330808463,0.0820750521017536,0.1496625475555026,0.20291068864685718
0.0353237000380375,0.0402236694055335,-0.0770324863927887,-0.0726520015056844,-0.0101814493207351,0.0671591578602972,0.1356854719633608,0.1896256739917526
0.0228911565280838,0.0260657702384529,-0.0921796465339074,-0.0870345805396324,-0.0238473411833448,0.054081008997587,0.123045516040516,0.17729339166813443
0.0134670529344877,0.0153344132289377,-0.1040534496348823,-0.0986630472881751,-0.0353573734721722,0.0425879849890396,0.1115139596385956,0.16570136901810642
0.0067206693103361,0.0076524811395984,-0.1130157958221643,-0.1078542996385568,-0.0449883642654078,0.0324348586156702,0.1008683090448356,0.15464274228359998
0.0023825728518658,0.002712898239597,-0.1193422362261914,-0.1148429038623475,-0.0529379997566113,0.0234533727036635,0.0909617591585261,0.14398563300606673
-1.3877787807814457e-17,-1.3877787807814457e-17,-0.1245067723579325,-0.1210651009714117,-0.0606081645403623,0.0142694303360279,0.0804407565042907,0.13239096982471676
