Values,Values_04_48_08,Values_04_58_14,Values_05_08_46,Values_05_19_08
0.0092399927506812,0.0092399927506812,0.0092399927506812,0.0092399927506812,0.009239992750681224
-0.0003888282385482,-0.0021349490593669,-0.0055114413809181,-0.0080513505702758,-0.009740915819108895
-0.0029148872446483,-0.0063517634291956,-0.0129513943758596,-0.017926808157972,-0.02123367280895412
-0.0033079114017932,-0.008376481495804,-0.0180376015437889,-0.0253382457491584,-0.030186385600258193
-0.0014984919244359,-0.0081409255963473,-0.020704145955935,-0.0302215236094765,-0.03653610703680816
0.0029869655295384,-0.0051736561023826,-0.0204836271622271,-0.0321124178473324,-0.03982070914147473
0.0103465627119327,0.0007214970935365,-0.0171833081943349,-0.030821069649968,-0.03985223198294321
0.0209139187303774,0.0098766558619246,-0.0104735000856268,-0.0260201009854659,-0.0363048198762125
0.0350320773706171,0.0226338958960325,-1.3406415585456444e-05,-0.0173703701252644,-0.028840411851206723
0.0530478143644785,0.0393397534180387,0.0145437165371977,-0.0045259169968391,-0.017113540603116605
0.0752851135570998,0.0603189775978101,0.0335247526538853,0.0128405196961041,-0.0007966545211834197
0.1020180674507166,0.0858477799939308,0.0572104942803535,0.0350116163933661,0.020394227354983568
0.1334480480232298,0.1161314361709697,0.0858138351695973,0.0622040571124643,0.04667837362107784
0.169682227912108,0.1512833126622873,0.119459424737839,0.0945486167704164,0.07819070877922794
0.2107167912443687,0.1913086542905488,0.1581680880470857,0.1320750205541762,0.11496696419300895
0.2564247840037913,0.2360930685183694,0.2018459055698432,0.1747014455423115,0.1569334599198754
0.3065496187667654,0.285396701165092,0.2502788987447671,0.222229578995866,0.2039024112650963
0.3607044551509369,0.338854293219109,0.3031334545069674,0.2743453291022401,0.255572831299654
0.4183775020611952,0.3959811204875989,0.3599624273949425,0.3306250846074259,0.3115368978419047
0.4789428785471349,0.4561843943982676,0.4202164297554038,0.3905469880198095,0.37129121890822075
0.5416763518118655,0.5187793700303877,0.4832594876331348,0.4535063529433926,0.4342520953659209
0.6057750771516157,0.5830092020218972,0.5483880397209169,0.5188341585135623,0.4997736833277874
0.670379951144338,0.6480670689375423,0.6148517499264194,0.5858170549927317,0.567167464876905
0.7346000832735261,0.71311998206251,0.6818755222197881,0.6537182470468521,0.6357223775550321
0.7975357306797903,0.777330547387159,0.7486789935173527,0.7217955303129785,0.704721876831653
0.8583062002534102,0.8398831338240764,0.8145000048918951,0.7893230085853158,0.7734644757542052
0.9160588007593222,0.8999905281480343,0.8785982427699472,0.8555927509338059,0.8412640657535897
0.970026284225766,0.9569485389144884,0.9403066317202324,0.9199640508209004,0.9074977337618951
1.019439760162112,1.010045727415123,0.9989379856981904,0.9817679951697724,0.9715089200333925
1.0638127389845151,1.0588438187736815,1.0540623213299918,1.0405826897607229,1.032881221898164
1.102348592037509,1.1025821781519491,1.1049096416641957,1.0956347815000151,1.0908390526338705
1.1351042084196965,1.1413371278517763,1.151526229161815,1.1469537756562451,1.1454006013012674
1.1661727381100404,1.1792044094231384,1.1979594730761984,1.1985580829111786,1.2005646929697893
1.1994466188523445,1.2200790007118247,1.2480587133281975,1.2542684164648803,1.2601326919354345
1.2349589869107531,1.2640047362613522,1.301832268406999,1.3140697266933632,1.3240737445493678
1.2723457140390344,1.3106247114068423,1.3588831278826454,1.3775383738215476,1.391946152856382
1.3116177051763196,1.3599512208318874,1.4191767121566077,1.4446085392003227,1.4636628486703798
1.3525628303500126,1.4117691604865368,1.4824463508272123,1.5149789170997934,1.5388988828900312
1.3950571965598777,1.4659457594648333,1.5485018706614837,1.588420585214206,1.6173987828372143
1.438932973543568,1.5222985677137169,1.617098309121878,1.6646461409327862,1.6988459491225014
1.4840309269689576,1.5806474074872856,1.687987877355485,1.7433616678084978,1.7829146010397645
1.53018248598426,1.640796239591155,1.7609022727634818,1.82424933554918,1.8692525534894255
1.577217200003974,1.7025403548966114,1.83556030334293,1.9069753262667997,1.9574893379407026
1.6249614113509243,1.765664912301247,1.9116670251642929,1.9911894029741688,2.047236064011631
1.673239856492903,1.8299464841651607,1.9889159959681684,2.0765276908559565,2.13808857259104
1.7218762908996466,1.8951537429445944,2.06699080163461,2.1626148444730355,2.229630066817
1.77069440158804,1.9610485576826784,2.145567113599611,2.249066852984821,2.3214344701346294
1.8195185896116568,2.027387096577787,2.224314867841419,2.335494069130013,2.413070094032939
1.8681747527989727,2.093921073094516,2.302900688362892,2.421504572106496,2.504103715793378
1.9164910265764272,2.160399098199256,2.3809904981264816,2.506707788795345,2.594104975538477
1.964298478639511,2.2265681345973483,2.458252287187493,2.5907183178978523,2.6826510159434163
2.0114317510379043,2.292175041639068,2.5343589944306,2.67315988195651,2.7693312626881936
2.05772965833652,2.356968209216281,2.60899146344942,2.7536693309219022,2.853752237537812
2.103035720542811,2.420699243351411,2.681841393036368,2.8319005767813525,2.9355422482701523
2.147198635841181,2.4831246866045285,2.752614220079005,2.9075283538225483,3.0143558130163366
2.1900726833928266,2.544007736265868,2.8210318515339825,2.980251678195005,3.089877656350758
2.231518055399888,2.6031199273628145,2.886835167494976,3.0497968886629403,3.1618261259498754
2.271401117063278,2.6602427428107767,2.9497862164414475,3.115920155208728,3.229955889283096
2.3095945861879965,2.715169103429617,3.009670020658618,3.178409347566732,3.294059783604286
2.345977634099946,2.767704699258119,3.0662959275624577,3.237085184420317,3.353969731541182
2.380435905786611,2.817669120113262,3.1194984502865903,3.291801604224521,3.409556666406615
2.41286146120144,2.8648967495652897,3.169137559916966,3.342445331205945,3.460729455925868
2.443152637948556,2.9092373887548786,3.215098407705819,3.388934639501484,3.507432853806796
2.471213836399172,2.950556582993461,3.257290475841081,3.431217350969043,3.5496445508292527
2.496955232977751,2.9887356357977204,3.2956461798810404,3.4692681369189478,3.5873714390116747
2.5202924274082363,3.023671303342818,3.330118965407253,3.5030852207273213,3.6206452332016292
2.54114602566848,3.055275167197362,3.3606809548794883,3.5326865954843507,3.649517612289923
2.55944117295158,3.0834727049385053,3.3873202278533987,3.5581058980539946,3.674055066788874
2.5751070395241986,3.108202075638663,3.4100378170874883,3.579388076731502,3.694333629685113
2.5880762741363346,3.1294126572987664,3.428844521651212,3.5965850015970986,3.7104336714976025
2.598284433106646,3.14706337383275,3.443757633848683,3.609751153248557,3.722434917745742
2.605669399079137,3.161120860635168,3.4547976805579426,3.618939518741004,3.7304118304151515
2.610170800007761,3.171557518399282,3.4619852704344725,3.624197803217151,3.7344294653629992
2.611729443092233,3.178349511305173,3.4653381337049467,3.625565050149592,3.734539893962617
2.6102867795420552,3.181474767407372,3.464868431272149,3.623068743432988,3.730779251308529
2.6057844163551778,3.180911038405074,3.4605803977415843,3.616722444521724,3.723165449053718
2.598163683204537,3.1766340657386776,3.4524683621658454,3.606523991120695,3.7116965621625844
2.587365274593723,3.1686159087206485,3.440515189936053,3.5924542798596,3.6963498945958366
2.573328987815584,3.156823486884278,3.42469117832175,3.574476642721668,3.6770817175902906
2.555993563930651,3.141217371085588,3.404953414976992,3.552536803722885,3.653827653200433
2.535296652545264,3.1217508670553045,3.3812456141187126,3.52656340876888,3.626503684853154
2.5111749164608392,3.0983694259936247,3.353498433800875,3.4964691120011357,3.595007769531958
2.4835642876812103,3.071010408039797,3.3216302680139225,3.4621521939963995,3.559222020075434
2.4524003961349914,3.039603230384385,3.2855485132111646,3.4234986944252346,3.5190154341194524
2.417619179823454,3.004069915380562,3.24515129292986,3.38038502653521,3.474247130596973
2.379157688615825,2.9643260538979592,3.2003296247040613,3.332681041166044,3.424770053479168
2.3369550993595225,2.92028220092094,3.150970015888175,3.2802535094177143,3.3704351013010494
2.290953946064514,2.871845702661324,3.096957457776195,3.222969974159276,3.3110956188565677
2.2411015665380587,2.8189229479439795,3.038178781264034,3.1607029123796133,3.2466121758360704
2.187351777879148,2.761422043157502,2.974526344335763,3.093334155517598,3.176857559261612
2.1296667802418985,2.6992558922125425,2.9059020043330386,3.020759496125602,3.1017218855216537
2.0680192571757567,2.632345626623993,2.832221292880098,2.942893373825985,3.021117701554532
2.002394689213001,2.560624373887112,2.7534177565319573,2.8596735798994763,2.9349849919855378
1.932793846290097,2.4840412959213216,2.669447372793584,2.7710658691741084,2.8432959610277537
1.8592354180330144,2.4025658178862552,2.5802929442879567,2.677068365803359,2.7460594605769244
1.7817587625398772,2.316191985143535,2.485968397296044,2.577715679512468,2.643324972308932
1.7004267147262475,2.2249428434552025,2.386522875427111,2.473082621397653,2.535186031731351
1.615328400285832,2.1288747408441075,2.28204453097237,2.363287429216482,2.4217830113955197
1.5265819896865809,2.0280814380492416,2.172663914271395,2.248494419377194,2.3033051962154913
1.434337311399946,1.922697901333681,2.0585568576909647,2.1289159882526763,2.1799920970440954
1.3387782530940575,1.8129036650813168,1.939946773622809,2.004813916395962,2.0521339860901904
1.240124861199899,1.6989256393996617,1.817106281725399,1.876499931451003,1.9200716445636967
1.138635040589894,1.5810402372983456,1.6903580864137666,1.7443354955063348,1.7841953252465181
1.034605781970748,1.459574731461743,1.5600750652323958,1.6087308238093097,1.6449429737896593
0.9283738237323458,1.3349077403620295,1.426679519925384,1.4701431316554103,1.5027977399683
0.8203156703118374,1.2074687700790894,1.2906415672961185,1.3290741276203526,1.358284826936326
0.7108469187843751,1.077736779112387,1.1524766835942404,1.1860668016105174,1.2119677505879198
0.6004208315777169,0.946237730343252,1.012742406112639,1.0417015379244725,1.0644440554773003
0.48952613942935,0.8135411501141178,0.8720342423561775,0.8965916207149766,0.9163405630473719
0.3786840763287968,0.6802557399368683,0.7309808519430279,0.7513782039839974,0.7683082248283949
0.2684446585328399,0.5470241025712282,0.5902385710266637,0.6067248129607655,0.6210166407666777
0.1593822678300026,0.4145166958902496,0.4504853890475148,0.4633114746247345,0.47514832759273723
0.0520906109298189,0.2834251408729104,0.3124144896463408,0.3218285694093306,0.3313928116274608
-0.0528228436753321,0.1544550381946384,0.1767274861937336,0.1829705087307285,0.19044062978127124
-0.1547428341637674,0.0283184603457053,0.0441274874297443,0.0474293440546204,0.052977321931280213
-0.2530525477521194,-0.0942737049980126,-0.0846878675190839,-0.0841115849024981,-0.08032250038797531
-0.3471399903733827,-0.2126193766176564,-0.2090332599463802,-0.2109838496092021,-0.20880091722733837
-0.4364043427043294,-0.3260326962258149,-0.3282422967207667,-0.3325398779298792,-0.3318222127107748
-0.5202621634165636,-0.4338510804085556,-0.4416737466636724,-0.4481585482118234,-0.448778055986945
-0.5981533140989852,-0.5354417712773112,-0.5487173031403503,-0.5572503489617805,-0.55909227992524
-0.6695465053707516,-0.6302077827475767,-0.6487987955221671,-0.6592620433012825,-0.6622252055742767
-0.7339443648558632,-0.7175931488978456,-0.741384774918768,-0.7536807747249252,-0.7576774541053641
-0.7908879805536021,-0.7970874409088852,-0.825986452441505,-0.8400375982369093,-0.8449932321668128
-0.839960890691961,-0.8682295427656277,-0.9021629850222596,-0.9179104328485328,-0.9237630856012266
-0.8807925026531157,-0.9306106924850678,-0.969524114247192,-0.98692643771069,-0.9936261204577972
-0.9130609754032186,-0.9838768509437918,-1.0277322138361231,-1.0467638610097558,-1.0542717353617945
-0.9364955922004818,-1.0277304551026798,-1.0765037923714584,-1.0971533993699163,-1.1054408968015128
-0.9508786808904908,-1.0619316441104063,-1.1156105272685726,-1.1378791334843297,-1.146927016309414
-0.9560471474467662,-1.086299055035667,-1.1448799133810907,-1.1687791125849356,-1.1785764953226638
-0.95189366946615,-1.1007102650617036,-1.164195590244428,-1.189745641283357,-1.2002889847691107
-0.938367615671962,-1.1051019743985104,-1.173497431061094,-1.2007253424158844,-1.2120174271914839
-0.91547573335572,-1.0994699975355988,-1.1727814525560163,-1.2017190471268784,-1.2137679277548539
-0.8832826168478467,-1.083869098480338,-1.1620995761636856,-1.1927815367563888,-1.2055994749388204
-0.8419109735931064,-1.0584127055809571,-1.1415592746588863,-1.1740211670331986,-1.1876235389172323
-0.7915416699984504,-1.0232725033439272,-1.1113231039501106,-1.1455993731222829,-1.1600035450362758
-0.7324135105758348,-0.9786778660745268,-1.0716080907872547,-1.1077300275702835,-1.1229541947047086
-0.664822702322656,-0.9249150926631012,-1.0226849448219029,-1.0606786232405994,-1.0767406074682886
-0.589121923604711,-0.8623263652217805,-0.9648770293455168,-1.0047612213377632,-1.0216772274011219
-0.5057189244448487,-0.7913083582181687,-0.8985590306677582,-0.9403431120417636,-0.958126445610237
-0.4150745680387996,-0.7123104041955092,-0.8241552462516307,-0.8678371167506284,-0.8864968731860188
-0.3177002357877218,-0.6258321313410917,-0.742137420475497,-0.7877014704228351,-0.8072412092143808
-0.2141545307370474,-0.5324204978176669,-0.653022064998689,-0.7004372307037107,-0.7208536571105775
-0.1050392389778302,-0.4326661697999835,-0.5573672200431818,-0.6065851792137363,-0.6278668612652963
0.0090054723065378,-0.3271992068153811,-0.4557686257079472,-0.5067221917431222,-0.528848346909074
0.1273066128345374,-0.2166840444695847,-0.3488552940967226,-0.4014570735581172,-0.42439646459791436
0.249164612932339,-0.1018138257011074,-0.2372845284469011,-0.2914259084880823,-0.31513589169091455
0.3738601891445967,0.0166958765403205,-0.1217364209783655,-0.1772869524194114,-0.20171272315512653
0.500661690925298,0.1381138266587579,-0.0029079304116028,-0.0597151670318032,-0.08478924683715723
0.6288327860082843,0.2617002648412351,0.1184933657528604,0.0606035205386625,0.034961514530181904
0.757640308591202,0.3867142646006758,0.2417557217268197,0.1829781232763069,0.15686139201073204
0.8863620660978104,0.5124211289947836,0.366169730281962,0.3067185362223924,0.28023267001020025
1.0142944179934383,0.6380996618265413,0.4910347592884417,0.4311414088970967,0.4044036023963632
1.140759409387918,0.7630491173041108,0.6156651594736346,0.5555758127953615,0.5287137234161291
1.2651112909008484,0.8865956771888492,0.7393961293512341,0.6793686140453344,0.6525188785229737
1.3867422497694049,1.0080982934803555,0.8615891087762012,0.8018894464813434,0.7751958859496595
1.5050872185803326,1.1269537704607355,0.981636602577187,0.9225352085613382,0.8961467676788784
1.6196276632485074,1.242600988528629,1.0989663564986674,1.0407340250549362,1.0148025046388034
1.7298942778801505,1.3545241909426695,1.2130448169100834,1.155948619040654,1.1306262733149686
1.835468582420883,1.4622553152698032,1.3233798559169452,1.2676790842493666,1.2431161624076652
1.935983420828059,1.5653753457943893,1.4295227271014703,1.3754650249749116,1.3518073416461556
2.031122423476688,1.66351472245013,1.531069265921441,1.4788870728470749,1.4562736928309612
2.120618515879051,1.75635285476819,1.6276603523158584,1.5775677866931304,1.556128905851655
2.2042515771465383,1.84361680681932,1.7189816628330288,1.671171945454301,1.6510270420450792
2.281845392819443,1.9250792583491296,1.8047627733006009,1.7594062727709558,1.7406625921959802
2.35326403247522,2.000555833134153,1.884775655879657,1.842018610909916,1.8247700324884828
2.418407804462203,2.0699019095310947,1.958832637873169,1.9187965829664024,1.90312290076307
2.477208942354706,2.133009034313915,2.026783897906593,1.9895657898696384,1.9755324217981145
2.52962717385241,2.1898010624017856,2.088514580939908,2.05418759546712,2.041845716856936
2.5756452978507043,2.240230126727253,2.143941601431853,2.112556543191304,2.101943623751853
2.6152649050979457,2.2842725595511566,2.19301022851696,2.164597475877826,2.155738183385807
2.648502359880489,2.321924876402703,2.2356905452658067,2.2102624329652776,2.203169853776464
2.675385132925716,2.3531999144200024,2.271973863283613,2.249527393478565,2.2442045096272007
2.69594856866818,2.378123217347279,2.3018691827591966,2.2823889472389456,2.2788303027159595
2.7102331550073373,2.396729751462109,2.3253997879705524,2.308860981762295,2.3070544666445416
2.718282343510324,2.409061022724403,2.342600061264373,2.3289714700610578,2.3289001503477658
2.720140954723279,2.4151626574413965,2.353512596557968,2.3427594468266704,2.3444033698517566
2.7158541829189207,2.4150824926328536,2.358185682251104,2.3502722528938547,2.353610162629948
2.705467207488345,2.408869218264865,2.356671223312554,2.351563130684655,2.356574033701948
2.6890254053545752,2.3965716025723505,2.3490231641983264,2.3466892474719496,2.3533537783118788
2.666575136897875,2.378238310454456,2.335296454895741,2.3357102055918,2.344011749457479
2.6381650663223604,2.35391831270174,2.315546591057833,2.318687088492035,2.3286126290748914
2.603847981187144,2.323661885672501,2.289829761038584,2.29568209396447,2.307222764630214
2.5636830553021084,2.2875221773652665,2.258203608085138,2.266758781562481,2.2799101087925724
2.5177384693391764,2.24555728158205,2.22072857981082,2.2319829248285576,2.2467447635370497
2.466094339008148,2.1978327918575915,2.177469864178802,2.191423985369509,2.207800156295179
2.408845849875631,2.144424749687917,2.128499850309552,2.1451571637982827,2.163154813448826
2.3461065199646973,2.0854229164815203,2.073901062504662,2.0932659909874607,2.1128947043334967
2.278011489968076,2.02093426971024,2.0137694812270914,2.0358453862268906,2.057116091238677
2.2047207424714017,1.9510866175349848,1.948218152173864,1.9730050935546708,1.9959288044568995
2.1264221567231587,1.8760322236394544,1.877380975025381,1.904873394676001,1.929459847092692
2.0433342958542817,1.795951317225795,1.801416539473878,1.8316009691751924,1.8578572048216933
1.9557088340776567,1.7110553674102862,1.7205118732961977,1.7533647658107032,1.7812937267312166
1.8638325308691728,1.6215899955223816,1.634885954869154,1.670371732080919,1.699970924369108
1.7680286760975414,1.5278374120053086,1.544792850008872,1.5828622525860767,1.6141225369252605
1.6686579271393462,1.430118259517825,1.450524323429065,1.4911131332683634,1.5240176944519073
1.5661184907939032,1.3287927752586968,1.3524118036693171,1.39543999391685,1.4299635339254544
1.4608455979812949,1.2242611821724805,1.2508275759012186,1.296198924429553,1.3323071139591582
1.3533102462842226,1.1169632490240236,1.1461851081200083,1.1937872899277882,1.2314365019198554
1.244017211234351,1.0073769901347098,1.038938449758881,1.0886436030368751,1.127780939410405
1.1335023328876648,0.8960164875720921,0.92958065811653,0.981246398792869,1.0218100088656548
1.0223291062571072,0.7834288480781153,0.8186412432436481,0.8721120847852951,0.9140317615200172
0.9110846371679632,0.6701903481864517,0.7066826698900488,0.7617917899853907,0.8049898189182003
0.8003750266768443,0.5569018309325241,0.5942959723629838,0.6508672565694396,0.6952594826737142
0.690820271221981,0.4441834497006636,0.4820955776006596,0.53994586257282,0.5854429328482339
0.5830487754183309,0.3326688718820769,0.3707134557497448,0.4296548914360322,0.4761636259985914
0.4776915911422022,0.2229990779210839,0.2607927464127861,0.320635197509343,0.36806003952943805
0.3753764956369512,0.1158158950722676,0.1529810171907139,0.2135344287301076,0.26177892362945493
0.2767220209782555,0.0117554077065657,0.0479233169336776,0.1089999765411326,0.15796823318359812
0.182331560267384,-0.088558599932497,-0.0537447980913975,0.0076718412067488,0.05726993203814402
0.0927876427706066,-0.1845210465440409,-0.151404120607251,-0.089824431583237,-0.03968716884332265
0.0086464880839549,-0.2755516646998998,-0.2444583724369698,-0.1828845719858922,-0.13229436192687646
-0.0695670785741118,-0.3611007141219101,-0.3323403833533341,-0.2709320284058438,-0.2199696386139228
-0.1413642869782299,-0.4406542153737903,-0.4145177705611079,-0.3534239219660828,-0.3021638136772973
-0.2062966025100268,-0.513738634234987,-0.4904980363822783,-0.4298564209851107,-0.37836608000924843
-0.2639593898748265,-0.5799249713985575,-0.5598330297516697,-0.4997694730585205,-0.44810892541334424
-0.313995040543915,-0.6388322346810736,-0.6221227432062568,-0.5627508601912881,-0.5109723719042522
-0.3560955687127989,-0.6901302995435212,-0.6770184488479486,-0.618439575981548,-0.5665875325007326
-0.3900046733519639,-0.7335421601957135,-0.7242251759418925,-0.6665285246640932,-0.6146394822645371
-0.4155192887694884,-0.7688456010803998,-0.7635035624355316,-0.7067665728406366,-0.6548694722414045
-0.4324906555152356,-0.7958743296647791,-0.7946711253072639,-0.738959998455048,-0.6870765294365021
-0.4408249277920247,-0.8145185964979024,-0.8176029805501599,-0.7629733682512199,-0.7111184732052183
-0.4404833532208277,-0.8247253480327645,-0.832232063470757,-0.7787298952867582,-0.7269123991439748
-0.4314820587694153,-0.8264979547553808,-0.8385488968802681,-0.7862113251253612,-0.7344346787815551
-0.4138914532407028,-0.8198955321795923,-0.8366009292220689,-0.7854573736710401,-0.7337204976866539
-0.3878352709935641,-0.8050318845938303,-0.8264914761944222,-0.7765647507777391,-0.7248629655877614
-0.3534892785547172,-0.7820740962872532,-0.8083782932973107,-0.7596857971387743,-0.7080118251596932
-0.3110796328424541,-0.7512407597647228,-0.7824717704288137,-0.7350267250622948,-0.6833717488518954
-0.2608809122786895,-0.7127998609702352,-0.7490327691441719,-0.7028454826333128,-0.6512002416382991
-0.2032138159544666,-0.6670663137464015,-0.7083700945120003,-0.6634492315697034,-0.6118051380452605
-0.1384425179881735,-0.6143991265151075,-0.6608375835628487,-0.6171914187765647,-0.5655416713084627
-0.0669717014489229,-0.5551982209569045,-0.6068308287581555,-0.5644684579124581,-0.5128091288034362
0.0107567459792474,-0.4899008805919666,-0.5467835130127646,-0.5057159955466307,-0.454047066382731
0.0942673585647808,-0.4189778421694974,-0.4811633681628632,-0.4414047723262527,-0.38973109058553845
0.1830550192414668,-0.3429290509588765,-0.4104677777575741,-0.3720360993858819,-0.3203682282676225
0.2765891708651687,-0.2622790974022176,-0.3352190425560285,-0.2981369688670184,-0.2464919028642889
0.374318272841747,-0.1775723796225381,-0.2559593555751103,-0.2202548472670288,-0.1686565675935232
0.4756744649944702,-0.0893680391155147,-0.17324553800119,-0.1389522063671335,-0.08743205332060586
0.5800783880241852,0.0017652665879568,-0.087643605429259,-0.0548008662611521,-0.003397710009330436
0.6869440938806245,0.0952546708263941,0.0002767448484686,0.0316237521832079,0.08286355513214821
0.7956839902379551,0.190528408709405,0.0899476413521261,0.119748373321102,0.17077124372502306
0.9057137460916228,0.2870210372787894,0.1808084364881023,0.2090074979769007,0.2597531154074591
1.0164570794610377,0.3841784634417726,0.2723108838212342,0.2988487990183138,0.34925079076601173
1.1273503667593583,0.4814626975848705,0.3639240028398621,0.3887381799380562,0.4387249981280278
1.2378469937819854,0.5783562335530835,0.4551385232094135,0.4781643793196967,0.5276603388863527
1.3474213774531405,0.6743659687778868,0.5454708151754966,0.5666430197756044,0.6155694625664929
1.4555726134321902,0.7690266096105103,0.6344662462060584,0.6537200349287184,0.7019965790928425
1.5618276822608106,0.8619034909117738,0.721701890574367,0.7389743965988612,0.7865202259283449
1.665744166675226,0.9525947660054324,0.8067885485450021,0.8220200965917,0.8687552418987026
1.766912463907414,1.0407329617227663,0.8893720734770738,0.9025073815874756,0.948353945670342
1.8649574467647947,1.1259858705151564,0.9691339853818672,0.9801232223233524,1.0250065016471948
1.959539574042792,1.2080568048981593,1.0457914054100856,1.0545910565283834,1.0984405163255941
2.050355449714511,1.2866842439928008,1.1190963525363036,1.125669853956392,1.1684199188555389
2.1371378207269505,1.3616408964950215,1.1888344399868211,1.1931525498635307,1.234743179093055
2.219655060792472,1.4327322644301783,1.2548230700128875,1.2568639555948218,1.297240979916862
2.2977101450786463,1.4997947503332052,1.316909184273355,1.316658214387667,1.3557734207998324
2.3711391592275093,1.5626933879724278,1.3749666642528025,1.372415907932328,1.4102268674114309
2.439809399800125,1.6213192875251703,1.428893485923595,1.4240409287652664,1.46051057149376
2.5036170932576485,1.675586851750599,1.4786086969478418,1.4714571969668628,1.5065531482005343
2.562484810489657,1.7254308639519893,1.5240493269661524,1.5146053408120483,1.5482990384882922
2.616358633105349,1.770803521009338,1.565167311638022,1.553439429738202,1.5857050518094225
2.665205123023845,1.8116714726956644,1.6019264964328974,1.5879238316909017,1.6187370667897247
2.7090081713097174,1.8480129453457976,1.634299800412835,1.618030279410497,1.6473669787060286
2.7477657862569003,1.8798150044784785,1.6622665941905284,1.6437352023735736,1.671569953305777
2.7814868846118697,1.9070710076621515,1.685810340457737,1.6650173735354843,1.691322037518353
2.8101881390155885,1.9297782817481568,1.7049165261728831,1.681855899095418,1.7065981553662648
2.8338909532813905,1.947936071525872,1.7195709265122214,1.6942285890208229,1.7173705256766452
2.8526186067434693,1.961543771981541,1.7297582042887254,1.702110708391461,1.7236074994616153
2.866393617870396,1.970599461991096,1.735460853064361,1.7054741131183413,1.72527281746709
2.875235380988722,1.9750987586881108,1.736658492783042,1.704286773380497,1.722325287483189
2.879158099896649,1.975033980534364,1.733327495051966,1.698512655829865,1.7147188481964144
2.8781690675228715,1.9703936324644469,1.7254409404223905,1.6881119605022863,1.7024030109294404
2.8722673163744443,1.9611622029134632,1.7129688865821424,1.6730416847879923,1.6853236468591255
2.861442657836393,1.94732025747082,1.695878921628709,1.6532564820872404,1.6634240825336726
2.845675141848292,1.928844829610525,1.674136992756196,1.6287097990742505,1.6366464828588507
2.8249349559303423,1.9057100993392648,1.6477084917867493,1.5993552669235347,1.604933492357471
2.799182769177578,1.8778883405790536,1.6165595697084785,1.5651483129810757,1.568230096890733
2.76837053989042,1.845351134819197,1.5806586698547826,1.5260479772427704,1.5264856861742866
2.7324427959329465,1.808070843233012,1.5399782650240768,1.482018914263868,1.479656294086508
2.691338389236751,1.7660223262950578,1.4944967816746138,1.433033559549242,1.4277069925890118
2.6449927288969635,1.7191849078613275,1.4442007033059807,1.3790744490580262,1.3706144250633214
2.5933404839390697,1.6675445726723102,1.389086838348845,1.3201366743609415,1.3083694592274777
2.5363187500184488,1.611096395156827,1.3291647480656477,1.2562304668465225,1.2409799510796231
2.473870656357917,1.5498471855885776,1.264459319515752,1.1873838946142738,1.1684736019723414
2.4059493870464035,1.483818343903397,1.195013474364245,1.113645662094447,1.09090089770116
2.332522569679904,1.4130488969640074,1.120890991303762,1.0350879900285834,1.008338106377457
2.253576982217954,1.337598699584487,1.0421794259597044,0.9518095600997336,0.9208903187329267
2.169123502957162,1.2575517600439277,0.9589930941117238,0.8639384908896881,0.8286944969825988
2.0792022130041268,1.1730196411645195,0.8714760758904657,0.7716353039510061,0.7319224904373188
1.9838875494152448,1.0841448817876636,0.779805193750818,0.6750958340820605,0.6307839711962236
1.8832933838754773,0.9911043639281404,0.6841928986354031,0.5745540194647398,0.5255292245000643
1.7775778824633122,0.8941125337777284,0.5848899825337994,0.4702844908798826,0.4164517114200309
1.6669479928563735,0.7934243758092181,0.4821880273866083,0.3626048706584204,0.30389031253440973
1.551663402188325,0.6893380342412241,0.3764214955910426,0.2518776869067128,0.18823115563199685
1.4320397854894291,0.5821969488117107,0.2679693399907006,0.1385117806910163,0.06990890219184089
1.308451186833428,0.472391387692758,0.157256026753205,0.0229630990109676,-0.05059261768218721
1.1813313697721952,0.3603592463575275,0.044751849866559,-0.0942652484588915,-0.1727405469353131
1.0511740062595534,0.2465860036390168,-0.0690275625074998,-0.2126237693291862,-0.29595402289346123
0.9185315890053498,0.1316037304012512,-0.1835226464746855,-0.3315183020864167,-0.41960617679972523
0.7840130012893232,0.0159890828635596,-0.2981322668294272,-0.4503127238808452,-0.543027172220629
0.6482797058999002,-0.0996397723185627,-0.4122170947772157,-0.5683326979043543,-0.6655083258165194
0.512040580494354,-0.2146273004735796,-0.5251039938087538,-0.6848704515798004,-0.7863072973920171
0.3760454831127924,-0.3282857626300632,-0.6360913642309564,-0.7991905303994302,-0.9046542870423885
0.2410776532947717,-0.4399013417253549,-0.7444553853528038,-0.9105364586238326,-1.0197591608659409
0.107945148914995,-0.5487410847964489,-0.849457007721953,-1.0181381494390322,-1.1308193356112357
-0.0225284679623521,-0.6540605057572763,-0.950349540095114,-1.12121989786027,-1.2370282414141187
-0.1495139434587036,-0.7551116556390652,-1.0463866394179109,-1.2190087523044932,-1.3375841433372715
-0.272186367317769,-0.8511514438649991,-1.1368304903231978,-1.3107430389325003,-1.4316990806322563
-0.389735141505927,-0.9414499756834344,-1.220959943913953,-1.3956807971557632,-1.518607668259016
-0.5013736217480289,-1.0252986952413368,-1.298078411899874,-1.4731079130634392,-1.5975755360495794
-0.6063481841196874,-1.102018128626599,-1.3675213189621094,-1.5423457474443245,-1.6679071944929047
-0.7039464953348817,-1.170965039238825,-1.428662936134675,-1.6027580788257134,-1.7289531443005037
-0.7935048362957844,-1.2315388695636025,-1.4809224812757964,-1.6537572494674522,-1.7801161192433559
-0.8744143710056306,-1.2831873765124318,-1.5237694068097547,-1.6948094405387215,-1.820856394716791
-0.9461263131802082,-1.3254114186909238,-1.556727846431564,-1.7254390578813867,-1.85069615367087
-1.008155984571735,-1.3577688870215994,-1.5793802249002464,-1.7452322449153148,-1.869222939570264
-1.060085835102651,-1.3798778389264073,-1.5913701023438644,-1.7538396079822451,-1.8760922961649436
-1.10156752881736,-1.391418923874164,-1.5924043497211549,-1.7509782646460037,-1.871029718805838
-1.1323232072311842,-1.3921371908118834,-1.5822547517944263,-1.7364333237329304,-1.8538320384122613
-1.1521460833715729,-1.3818434063359015,-1.560759168980419,-1.7100589382184808,-1.8243683882500805
-1.1609005277876197,-1.36041501834124,-1.5278223920079828,-1.6717790710223013,-1.7825808983934381
-1.158521775105187,-1.3277968663548607,-1.4834167868800083,-1.6215880732706025,-1.7284852175430223
-1.1450153714425966,-1.2840017317376913,-1.4275828174883562,-1.5595511603866026,-1.6621709430885345
-1.120456459515828,-1.2291107985128895,-1.360429509696847,-1.4858048442671532,-1.5838020092460765
-1.08498895673523,-1.163274055232125,-1.2821348802480794,-1.4005573365479274,-1.493617036892669
-1.038824630382746,-1.0867106188083866,-1.1929463054336429,-1.3040888878372974,-1.3919295969649417
-0.9822420604619464,-0.9997089487844376,-1.093180793712037,-1.196752016339125,-1.279128327500911
-0.9155854216490422,-0.902626861796034,-0.9832250698279116,-1.0789715228685304,-1.155676788874439
-0.8392629958499377,-0.7958912359907171,-0.8635353600619717,-0.9512441722865488,-1.022112926690197
-0.7537453051948977,-0.6799972717283382,-0.7346367459850496,-0.8141379002823546,-0.8790479931462806
-0.6595627504050265,-0.5555071679031257,-0.5971219474012825,-0.6682903990430827,-0.7271647750874202
-0.5573026241266585,-0.4230480543899622,-0.4516493749769197,-0.5144069161313579,-0.5672149604844318
-0.4476053965657076,-0.2833090450060389,-0.2989403140797523,-0.3532571225862682,-0.40001549936135167
-0.3311601919241892,-0.1370372928917388,-0.1397751146709513,-0.1856709200453908,-0.2264438314249324
-0.208699395706779,0.0149670515288523,0.0250117249282532,-0.0125330700855537,-0.04743186842692473
-0.0809923964397605,0.1718570179104373,0.1945376360557474,0.165223413582933,0.13604132063421695
0.0511615149152809,0.3327461460741017,0.3678792594532963,0.3466251518725,0.3229581526661386
0.1869409903395958,0.4967169080336974,0.5440808916221708,0.5306675295537807,0.5122724510428599
0.3255110948002963,0.6628301307822156,0.7221640328765125,0.7163249958246897,0.7029205533048491
0.4660322200173649,0.8301352556260521,0.9011378964333674,0.9025623827313668,0.8938334281209762
0.6076692291929184,0.9976812217002818,1.080010683507742,1.0883470257062795,1.0839495559908117
0.7496006158660304,1.1645277369471587,1.2578013953516574,1.27266142793501,1.2722282807872778
0.8910274193302906,1.32975663559524,1.4335518763477906,1.4545161252618086,1.4576632508655971
1.0311816542095598,1.4924830118266526,1.6063387588649458,1.6329623785377996,1.6392955378022525
1.1693340351709094,1.6518658184010782,1.7752849653778149,1.8071043016049408,1.8162260045235477
1.30480077809181,1.80711759765802,1.9395703892776035,1.9761099995760167,1.987626467299366
1.436949316887574,1.957513053879751,2.098441408038829,2.1392213296852884,2.152749243906789
1.5652028104697011,2.102396201964003,2.2512189036732813,2.295761928478941,2.310934725408618
1.689043353995845,2.241185866813579,2.39730450580382,2.4451432041043955,2.461616680045623
1.808013866450276,2.373379375442345,2.5361848470288417,2.5868680844747503,2.6043251066928823
1.921718676002431,2.498554352946124,2.6674337013916176,2.720532412201774,2.738686571426516
2.0298228631735875,2.616368600991797,2.7907119602920742,2.8458239788773234,2.8644220755963685
2.1320504526537687,2.726558104302871,2.905765485153628,2.962519291437945,2.981342612668117
2.228181599875396,2.8289333062098896,3.01242098988588,3.0704782874369383,3.0893426983400745
2.3180489125613115,2.923373830204639,3.1105801582956225,3.1696372725307347,3.1883922120905233
2.401533079497835,3.00982189579598,3.2002122853424595,3.260000435080125,3.2785269613807073
2.478557986958333,3.0882747189921536,3.281345780563082,3.341630333951424,3.359838407744784
2.5490854848206377,3.158776195599218,3.354058882122347,3.4146377526439777,3.4324629747527893
2.613109981220581,3.2214081988494776,3.418469960530275,3.4791713271719837,3.496571354562462
2.670653009703764,3.2762817942526685,3.474727755678133,3.5354073023205617,3.5523581599885934
2.72175791256673,3.323528670931894,3.5230018781167787,3.583539741653309,3.6000322249937624
2.766484767349964,3.363293059877773,3.5634738666100025,3.6237714637819463,3.639807792246118
2.80490565178667,3.395724359005185,3.5963290339514944,3.6563059071150352,3.6718967487599827
2.8371003353280724,3.420970654211122,3.621749294650017,3.681340080957531,3.6965020231062025
2.863152459548241,3.4391732737681058,3.639907110952423,3.699058701945515,3.7138121993847437
2.8831462601242834,3.450462477136448,3.650960654704466,3.709629577699874,3.7239973696963027
2.897163860211005,3.454954330664682,3.655050233505127,3.713200255099028,3.7272062081301103
2.905283157829781,3.45274879157252,3.6522959997109634,3.7098959268219,3.723564232460511
2.90757630965696,3.443928979933109,3.6427969210707554,3.699818556711706,3.7131731938819517
2.9041088065725016,3.428561592332019,3.6266309675656254,3.683047166644848,3.696111524148177
2.8949391361374333,3.4066983939252906,3.6038564531074258,3.659639217095621,3.6724357651838226
2.8801190022453684,3.378378686001817,3.5745144309345624,3.629632978073563,3.642182876107854
2.8596940726918354,3.343632633567589,3.5386320275047614,3.593050776347604,3.605373306533679
2.8337052262504154,3.302485326897204,3.496226586601442,3.5499029943937552,3.5620147188043747
2.8021902543269643,3.254961424870653,3.4473104662158813,3.5001926697796257,3.5121062192802324
2.765185964172733,3.201090212462212,3.391896312455695,3.443920528146209,3.4556429476239376
2.7227306450079145,3.14091091467629,3.3300026426747684,3.381090294360392,3.3926208891775413
2.674866831301189,3.074478081181446,3.2616595414661624,3.3117141021869814,3.3230417563562193
2.621644291428973,3.0018668537795774,3.1869142723496457,3.23581782709393,3.2469177943763934
2.563123202360228,2.9231779699680702,3.105836652305664,3.1534462165105337,3.164276421089487
2.49937741524876,2.838542314285032,3.018523999488295,3.0646676600670983,3.075164582677479
2.430497751771458,2.7481248837552807,2.9251055247637603,2.9695785065071942,2.979652773281045
2.356595260288956,2.6521280472708506,2.8257460569862967,2.8683068550276567,2.8778386876072863
2.2778043392715204,2.550793985078784,2.72064900307878,2.761015758949843,2.7698504829030632
2.194285672510956,2.4444062620418667,2.6100585144402104,2.6479058457629936,2.6558496870268584
2.106228892035769,2.333290490447132,2.494260833636881,2.529217352174978,2.536033775174927
2.0138548986734337,2.217814081382164,2.373584835797143,2.405231602082789,2.4106384556179585
1.9174177700438093,2.098385109920077,2.248401799476854,2.2762719618156138,2.279939697634834
1.8172062024362008,1.975450357028072,2.119124470704462,2.142704320124873,2.1442555329416515
1.7135444234835957,1.8494925966682607,1.9862054786609165,2.0049371185901683,2.0039476246218992
1.6067925385713815,1.721027230950798,1.8501351840121265,1.8634209646814304,1.8594225891816338
1.4973462768231591,1.5905983798906176,1.71143903278942,1.7186478373210126,1.711133021473366
1.385636103070246,1.458774526979252,1.57067447289046,1.571149867648307,1.5595781340391044
1.2721256996351409,1.32614384703795,1.4284275074418566,1.4214976874258634,1.4053039243445362
1.1573098186495514,1.193309322209828,1.2853089337863048,1.2702983091361248,1.2489027510335624
1.0417115217009656,1.06088374664261,1.141950310495056,1.118192497449953,1.0910121963388848
0.9258788431573102,0.9294847161550712,0.99899969356669,0.9658515974743213,0.9323131024693195
0.8103809226670107,0.7997296833301348,0.8571171740055734,0.813973787797339,0.7735266818911944
0.6958036744407875,0.6722311559195856,0.716970256783913,0.6632797498136914,0.6154106386506919
0.5827450652996696,0.5475920975784909,0.5792291154169344,0.5145077578691079,0.4587542683910689
0.4718100771080711,0.4264015727712403,0.4445617541080773,0.3684082134106139,0.30437254365145033
0.3636054593029215,0.3092306901816368,0.313629137634147,0.2257376963428233,0.1530992630747132
0.2587343539022207,0.196628861672811,0.187080327258872,0.0872526061895767,0.005779364946743842
0.1577908988222917,0.0891204073043021,0.0655476885493518,-0.046297487287064,-0.1367394261275615
0.0613549042636773,-0.0127984801640398,-0.0503577682033011,-0.1741766531668573,-0.2736154206672261
-0.0300133173636014,-0.1086624143124533,-0.1600508617649471,-0.2956694326326032,-0.4040220356963425
-0.1157778747274919,-0.198039126535896,-0.2629764550090334,-0.4100875338729061,-0.5271568611763822
-0.195431910610027,-0.2805314242448091,-0.3586133618065636,-0.5167762477351171,-0.642250484491237
-0.2685018459524926,-0.3557788079372002,-0.4464778959088999,-0.615120446401333,-0.7485748415977014
-0.3345512130101286,-0.4234587673965709,-0.5261270250723258,-0.7045500490029272,-0.8454508934570787
-0.3931840514125977,-0.4832877830704147,-0.597161107235525,-0.784544864412311,-0.9322554662154463
-0.4440478466568213,-0.5350220540175709,-0.659226190799564,-0.8546387425974187,-1.0084271322401641
-0.4868360207973295,-0.578457993751834,-0.7120158920754744,-0.9144230145058508,-1.0734710774584402
-0.5212899824069953,-0.6134325229960026,-0.7552728621604942,-0.963549217519982,-1.1269629378385506
-0.5472007499424778,-0.6398231869191369,-0.7887898651522296,-1.0017311299327616,-1.1685516333626151
-0.5644101912765739,-0.6575481459902182,-0.8124105210549996,-1.028746183713468,-1.197961289947862
-0.5728118899053206,-0.6665660518890121,-0.8260297373459118,-1.044436306664247,-1.214992334010714
-0.5723516792902185,-0.6668758470738735,-0.8295938864435742,-1.0487082856631968,-1.2195218926424154
-0.5630278663797603,-0.6585165039311918,-0.8231007676134395,-1.0415337274270786,-1.2115036200170681
-0.5448911666341203,-0.6415667197416485,-0.8065993939521264,-1.0229486950914115,-1.1909670709691411
-0.5180443675176116,-0.6161445782891993,-0.7801896394453326,-0.9930530898570428,-1.1580167283726852
-0.482641711904308,-0.5824071638698612,-0.744021754211316,-0.952009814394569,-1.1128307505717916
-0.4388880179523337,-0.5405501390361527,-0.6982957785363941,-0.900043770098481,-1.0556595112996792
-0.3870375113203209,-0.4908072567616262,-0.6432608417810435,-0.8374406882161111,-0.9868239431093855
-0.327392353016547,-0.4334497843145152,-0.5792143345723635,-0.7645457900578363,-0.9067136821011605
-0.2603008480326318,-0.3687858160034874,-0.5065009382664504,-0.681762260974248,-0.8157849945537745
-0.1861552963249359,-0.2971594250348901,-0.4255114646440297,-0.5895494871625175,-0.7145584260265542
-0.1053894802768972,-0.2189496325433306,-0.336681482969037,-0.488421025691901,-0.6036161328752753
-0.0184757551064704,-0.1345691381822668,-0.240489674697809,-0.3789422401414428,-0.48359881844922337
0.074078272351977,-0.0444627686394745,-0.1374558654926854,-0.2617275439874612,-0.35520220822800375
0.1717334637759143,0.0508943797947325,-0.0281387019066908,-0.1374372131874958,-0.21917302109605627
0.2739232807907709,0.150999161055601,0.0868670940244813,-0.0067736976509892,-0.07630436654851046
0.3800582938859984,0.2553229785215231,0.2069339205560457,0.129522597355385,0.07256945647214064
0.489531034871975,0.3633147858650516,0.3314049762751316,0.2706780914641814,0.22657878185715888
0.6017211426963173,0.4744044988081935,0.4595984451093933,0.4158913867101236,0.384825023034865
0.716000734073144,0.5880068093027777,0.5908121881562883,0.564339196361238,0.5463877233194929
0.8317399259462271,0.7035253867244348,0.7243289352316946,0.7151828278111266,0.7103321761615811
0.9483124119501628,0.8203574199716626,0.8594219351824752,0.8675751661356745,0.8757175446055906
1.0651010021208298,0.937898452272224,0.9953610175476292,1.0206680961978885,1.0416054003257982
1.1815030183004251,1.0555474314642894,1.131418983503132,1.1736202641499052,1.2070685657039733
1.296935435866254,1.172711881970354,1.2668782206196672,1.3256050530895556,1.3712001164814793
1.4108396799504883,1.2888131057721255,1.4010374293363972,1.4758186381411913,1.533122393136451
1.522685974301021,1.403291292503398,1.5332183135162114,1.6234879476068682,1.6919958303634703
1.6319771478324072,1.515610408877268,1.6627720692317174,1.7678783356432264,1.847027392547184
1.738251831320785,1.625262749790943,1.7890855104936545,1.9083007740032316,1.9974784049432408
1.8410869850971152,1.7317730291313,1.911586659991107,2.044118357972863,2.1426715577424007
1.940099705853387,1.8347018863389213,2.02974962695066,2.174751915373234,2.281996854461813
2.034948292651506,1.9336487116485173,2.14309861975073,2.2996845343549626,2.414916304273864
2.1253325640058103,2.0282537040463047,2.251210953973373,2.4184648421275257,2.540967176731232
2.2109934352782137,2.118199097168417,2.353718943228453,2.530708899027601,2.659763673358472
2.291711793211259,2.2032095238420006,2.4503106042797005,2.636100624125192,2.770996927341244
2.367306702250906,2.2830514991800195,2.5407291290961984,2.7343906992095137,2.8744332794061735
2.4376330151031627,2.357532053839299,2.6247711422304687,2.825393974531352,2.9699108615394834
2.5025784552328214,2.4264965597597072,2.7022837882675024,2.9089854375373028,3.0573345656110003
2.562060252558594,2.4898258201251777,2.773160739611808,2.985094862825909,3.136669538542077
2.616021435374566,2.5474325322394265,2.837337267120983,3.0537003243031835,3.207933415382214
2.664426853732099,2.5992572179154125,2.894784515906327,3.114820759485938,3.2711875167361497
2.707259053648714,2.645263771472405,2.9455031953576234,3.1685078495317405,3.3265273151975356
2.744514092939442,2.6854347554840388,2.989516880694697,3.21483747121977,3.3740724709515617
2.7761973682281127,2.719766558874974,3.026865112644663,3.2539009681211057,3.413956728673311
2.802319610027015,2.74826462195733,3.057596572968356,3.285796578138827,3.4463180566290226
2.822892982698193,2.7709387130175647,3.081762391654311,3.310621129115344,3.4712891803996433
2.837927782455105,2.7877987948700045,3.09941018993712,3.328462656274408,3.488989200665597
2.847428515878799,2.798850305544291,3.1105777424297143,3.339392867099795,3.499515250206454
2.8513933897683668,2.804092918461134,3.1152903713168083,3.3434635982713257,3.502938355957452
2.849805360179064,2.8035109625172425,3.113550294190685,3.3406955099443496,3.4992917648870123
2.842649465799074,2.797090242317292,3.105352690190331,3.3310937934995266,3.488586515607152
2.829859254399582,2.784764099689029,3.0906313334676088,3.3145937318418683,3.4707570776169083
2.811451161807831,2.766547553702086,3.06939269964414,3.2911950694282552,3.4457960570209396
2.7872095723422685,2.742222295164677,3.0414010397624014,3.2606474319876546,3.413439992445251
2.757295558644974,2.7119455086336024,3.006788281282982,3.2230613654590807,3.373781365997019
2.72146396798432,2.675467078156397,2.9652710233236044,3.178125426805462,3.326485842595061
2.675570860594894,2.628637427941221,2.9126605833731065,3.1216181926697346,3.2673058155192054
2.615374263399157,2.567212800044761,2.844689243528183,3.0492501292877514,3.1919335077603956
2.5409282278171137,2.491253805405371,2.7614216617079617,2.9610837816807933,3.100426990635439
2.4533636187777006,2.401904575383169,2.6640213778548683,2.8582905293313163,2.993959693434343
2.353681421789812,2.3001846142150293,2.5535383514038004,2.7419351507798546,2.8736029364581834
2.243326414449515,2.187561918123951,2.4314831640239256,2.613551085490628,2.7409020638987567
2.123861121751151,2.065625445985331,2.299496728268454,2.4748084441676164,2.597543388372419
1.997013646001485,1.9361317034701988,2.159395328644081,2.3275582592760538,2.445398026647324
1.864577423434768,1.8009030950591158,2.0130665037328006,2.1737269138535447,2.2864154519059174
1.7283623696133583,1.6617778175765092,1.8624166083114784,2.015262331288436,2.122568857674576
1.5901311280431718,1.5205450104057912,1.7093035692247798,1.8540652783700884,1.95578556540135
1.4515465495456783,1.378891377100536,1.5554813165277548,1.691932438221433,1.7878892470305001
1.3141248218222343,1.2383537161558495,1.4025504052944102,1.5305058145579096,1.6205485510452367
1.1791983852355654,1.10028150189553,1.251919076643509,1.3712327883700586,1.4552365007394639
1.047888878640512,0.9658097366015488,1.1047750327485175,1.2153371417909926,1.2932010072506293
0.921090843753279,0.8358427650537777,0.9620686408915196,1.063801787848118,1.1354472549320211
0.7994660635672971,0.711048880424009,0.8245073826361343,0.9173630232943888,0.982731781513539
0.6834479385769895,0.5918650769261136,0.6925608608546561,0.7765155991765178,0.8355675409049496
0.5732552157792385,0.4785112191702553,0.5664755677359621,0.6415277774077592,0.6942390989206559
0.4689128303354392,0.3710113495593897,0.4462970505297363,0.5124639616473106,0.5588255225091012
0.3702817852960253,0.2692240292802662,0.3319012791369861,0.3892166512166233,0.4292326777662676
0.2770838222442033,0.1728674416862367,0.2230208408829062,0.2715332771539021,0.30522045356071326
0.1889648058311169,0.08158317152169,0.1193098096490817,0.1590817242839723,0.1864686866645182
0.1054279954499137,-0.0051301974236892,0.0202782606755933,0.0513853931022077,0.07251256148771236
0.0262460896580416,-0.0875047160870322,-0.0742943842341305,-0.0517628549631779,-0.03684306306662286
-0.0498848822155371,-0.1668491102625929,-0.1657054452023903,-0.1516468807531998,-0.14286993076356957
-0.1202596398075519,-0.2404622005440571,-0.2512399770788089,-0.2455366599914345,-0.2428246968777574
-0.2577355851774239,-0.3812065183508861,-0.4037515244579151,-0.4062739582711745,-0.4095380421809694
