1,0.013815166413188917,0.00020150827100311444,0.014016674684192031,-0.00040624920719645186,-0.00020474093619333742,11
2,0.013607698009790226,0.00010244206522992494,0.01371014007502015,-0.00020746840339869177,-0.00010502633816876683,12
3,0.013455388640559063,7.428365072582649e-05,0.01352967229128489,-0.00015230936923116278,-7.80257185053363e-05,11
4,0.01332966358271681,6.023949949221401e-05,0.013389903082209024,-0.00012572505784225196,-6.548555835003794e-05,11
5,0.013220736805348854,5.114870279335036e-05,0.013271885508142204,-0.00010892677736795697,-5.777807457460661e-05,11
6,0.013123160223688313,4.490201308281776e-05,0.01316806223677113,-9.757658166054117e-05,-5.2674568577723414e-05,11
7,0.013033511920635732,4.0478927483956486e-05,0.013073990848119688,-8.964830305258076e-05,-4.916937556862427e-05,11
8,0.012949615468683784,3.7234970412161065e-05,0.012986850439095945,-8.389645195194806e-05,-4.6661481539786994e-05,11
9,0.012870069255379812,3.476397721245487e-05,0.012904833232592268,-7.954621330397149e-05,-4.478223609151662e-05,11
10,0.01279395413938611,3.281149985595351e-05,0.012826765639242064,-7.611511599370235e-05,-4.330361613774884e-05,11
11,0.012720657727900764,3.12151034385321e-05,0.012751872831339295,-7.329641148534627e-05,-4.208130804681417e-05,10
12,0.012649767623181485,2.986822137608521e-05,0.01267963584455757,-7.089010471927892e-05,-4.1021883343193716e-05,10
13,0.012581004141733465,2.8699309172940898e-05,0.012609703450906406,-6.87634814480198e-05,-4.00641722750789e-05,11
14,0.012514176274283861,2.765962088444526e-05,0.012541835895168307,-6.682786744960367e-05,-3.9168246565158415e-05,11
15,0.01244915208830022,2.671569989903147e-05,0.01247586778819925,-6.502418598364201e-05,-3.8308486084610544e-05,10
16,0.012385838576787989,2.5844531313576555e-05,0.012411683108101566,-6.331351151223075e-05,-3.746898019865419e-05,11
17,0.012324167908165706,2.5030290280925168e-05,0.012349198198446631,-6.167066862228232e-05,-3.664037834135715e-05,11
18,0.012264088097214243,2.4262108560244276e-05,0.012288350205774488,-6.007981095146331e-05,-3.581770239121903e-05,10
19,0.012205556749186552,2.3532522719330898e-05,0.012229089271905884,-5.8531348027690555e-05,-3.499882530835966e-05,11
20,0.012148536937780952,2.2836392696658282e-05,0.01217137333047761,-5.701981140560086e-05,-3.418341870894258e-05,11
21,0.012092994551606284,2.2170149884184016e-05,0.012115164701490468,-5.5542386174667335e-05,-3.337223629048332e-05,11
22,0.012038896646734965,2.1531277221328102e-05,0.012060427923956292,-5.409790487131971e-05,-3.256662764999161e-05,11
23,0.011986210474355552,2.091795244218788e-05,0.01200712842679774,-5.268617237941253e-05,-3.1768219937224653e-05,11
24,0.011934902955949456,2.0328805562436438e-05,0.011955231761511892,-5.1307518406096264e-05,-3.0978712843659826e-05,11
25,0.011884940449649495,1.9762755844776624e-05,0.011904703205494272,-4.996250629996091e-05,-3.0199750455184283e-05,11
26,0.01183628869827813,1.9218903666957275e-05,0.011855507601945087,-4.865175137136468e-05,-2.9432847704407408e-05,11
27,0.011788912887161107,1.8696459999773805e-05,0.01180760934716088,-4.737581111702305e-05,-2.8679351117249243e-05,11
28,0.011742777763628531,1.8194701414146256e-05,0.011760972465042678,-4.613512353257576e-05,-2.7940422118429505e-05,11
29,0.011697847785907434,1.7712942221486288e-05,0.01171556072812892,-4.4929977721097636e-05,-2.721703549961135e-05,11
30,0.0116540872812112,1.725051796305902e-05,0.01167133779917426,-4.376050469623305e-05,-2.650998673317403e-05,11
31,0.011611460600989276,1.6806776287520002e-05,0.011628267377276796,-4.2626680221924396e-05,-2.5819903934404394e-05,12
32,0.01156993226626668,1.6381072530642887e-05,0.011586313338797323,-4.152833472259587e-05,-2.5147262191952985e-05,12
33,0.011529467098046475,1.5972768189423377e-05,0.011545439866235898,-4.046516822020507e-05,-2.4492400030781695e-05,12
34,0.011490030332889534,1.558123109645233e-05,0.011505611563985985,-3.943676515694161e-05,-2.385553406048928e-05,11
35,0.011451587721763579,1.5205836518048455e-05,0.011466793558281627,-3.844261112595504e-05,-2.3236774607906584e-05,11
36,0.011414105614529824,1.4845968661751777e-05,0.011428951583191575,-3.7482107233755e-05,-2.2636138572003225e-05,11
37,0.011377551029536637,1.4501022308697413e-05,0.011392052051845333,-3.655458499318698e-05,-2.2053562684489565e-05,12
38,0.011341891710171526,1.4170404366649714e-05,0.011356062114538176,-3.565931936511113e-05,-2.1488914998461417e-05,11
39,0.011307096169987374,1.3853535259709525e-05,0.011320949705247083,-3.479554018415154e-05,-2.0942004924442016e-05,12
40,0.01127313372855554,1.3549850099372044e-05,0.011286683578654913,-3.396244143183402e-05,-2.041259133246198e-05,11
41,0.011239974536266573,1.3258799628577993e-05,0.01125323333589515,-3.3159192288967354e-05,-1.990039266038936e-05,11
42,0.011207589593124068,1.2979850941001506e-05,0.011220569444065069,-3.238494314250495e-05,-1.9405092201503446e-05,11
43,0.011175950759759745,1.2712487995805413e-05,0.01118866324775555,-3.1638833364322494e-05,-1.892634536851708e-05,11
44,0.011145030763453745,1.2456211947516596e-05,0.011157486975401261,-3.0919996306000286e-05,-1.846378435848369e-05,12
45,0.011114803198733925,1.2210541317505933e-05,0.011127013740051431,-3.0227564719820244e-05,-1.801702340231431e-05,12
46,0.011085242523854899,1.1975012026015715e-05,0.011097217535880916,-2.9560674879025584e-05,-1.758566285300987e-05,12
47,0.01105632405353818,1.1749177316496886e-05,0.011068073230854677,-2.8918470316718903e-05,-1.7169293000222017e-05,12
48,0.011028023949074539,1.1532607578720875e-05,0.01103955655665326,-2.8300104463641063e-05,-1.676749688492019e-05,12
49,0.011000319205733744,1.1324890099426437e-05,0.01101164409583317,-2.770474334079509e-05,-1.6379853241368652e-05,12
50,0.010973187637673187,1.1125628749449308e-05,0.010984313266422636,-2.713156806055661e-05,-1.6005939311107302e-05,12
51,0.010946607862207802,1.0934443624071313e-05,0.010957542305831874,-2.6579775465385147e-05,-1.5645331841313834e-05,12
52,0.010920559281518694,1.0750970644470243e-05,0.010931310252163163,-2.6048580689108647e-05,-1.5297610044638404e-05,12
53,0.010895022064061899,1.057486113125865e-05,0.010905596925193158,-2.5537217456794714e-05,-1.4962356325536063e-05,12
54,0.01086997712437976,1.040578135679752e-05,0.010880382905736556,-2.50449396821395e-05,-1.463915832534198e-05,12
55,0.010845406103503596,1.0243412084002535e-05,0.010855649515587599,-2.457102087616292e-05,-1.4327608792160384e-05,12
56,0.010821291346933659,1.0087448095598333e-05,0.010831378795029257,-2.4114756569937335e-05,-1.4027308474339002e-05,12
57,0.010797615884595824,9.937597718480301e-06,0.010807553482314304,-2.3675462337835462e-05,-1.373786461935516e-05,12
58,0.010774363408602161,9.793582347439865e-06,0.010784156990949601,-2.3252475993662536e-05,-1.345889364622267e-05,12
59,0.010751518252397063,9.655135969287975e-06,0.010761173388366352,-2.2845156205097972e-05,-1.3190020235809997e-05,11
60,0.010729065369271873,9.522004692579453e-06,0.010738587373964452,-2.2452883125190226e-05,-1.2930878432610773e-05,12
61,0.010706990310981546,9.393946282237515e-06,0.010716384257263784,-2.20750582903273e-05,-1.2681112008089784e-05,12
62,0.01068527920685336,9.27072970170446e-06,0.010694549936555064,-2.1711104128185887e-05,-1.2440374426481427e-05,12
63,0.01066391874327699,9.152134664233462e-06,0.010673070877941223,-2.136046357636978e-05,-1.220832891213632e-05,12
64,0.010642896142949998,9.037951193745224e-06,0.010651934094143743,-2.102260032699199e-05,-1.1984649133246768e-05,12
65,0.010622199145133626,8.927979195728083e-06,0.010631127124329355,-2.0696997816371798e-05,-1.1769018620643715e-05,12
66,0.010601815986027163,8.822028040002254e-06,0.010610638014067166,-2.0383159106462934e-05,-1.156113106646068e-05,12
67,0.010581735379651236,8.719916154249414e-06,0.010590455295805485,-2.0080606375927346e-05,-1.1360690221677932e-05,12
68,0.010561946499314967,8.621470630652824e-06,0.01057056796994562,-1.978888033626891e-05,-1.1167409705616086e-05,12
69,0.010542438958903722,8.52652684240804e-06,0.01055096548574613,-1.9507540411245472e-05,-1.0981013568837431e-05,12
70,0.010523202796217213,8.434928075920293e-06,0.010531637724293132,-1.9236162686508962e-05,-1.080123461058867e-05,11
71,0.010504228455102571,8.346525171688229e-06,0.01051257498027426,-1.897434111464147e-05,-1.062781594295324e-05,11
72,0.010485506769122743,8.26117618005481e-06,0.010493767945302799,-1.8721685979827818e-05,-1.0460509799773009e-05,11
73,0.010467028945518764,8.178746028923721e-06,0.010475207691547687,-1.8477823603979537e-05,-1.0299077575055816e-05,11
74,0.010448786549869582,8.09910620244232e-06,0.010456885656072024,-1.824239564918173e-05,-1.0143289446739411e-05,11
75,0.010430771490734347,8.022134432909133e-06,0.010438793625167257,-1.80150591352346e-05,-9.992924702325469e-06,11
76,0.010412976005572228,7.947714404776061e-06,0.010420923719977004,-1.7795485162119817e-05,-9.847770757343756e-06,11
77,0.01039539264664957,7.875735469686746e-06,0.010403268382119257,-1.7583358922657055e-05,-9.70762345297031e-06,11
78,0.01037801426768048,7.80609237333142e-06,0.010385820360053812,-1.737837896909067e-05,-9.57228659575925e-06,11
79,0.010360834011049258,7.73868499373389e-06,0.010368572696042992,-1.7180256631221802e-05,-9.441571637487911e-06,11
80,0.010343845295239795,7.673418090267577e-06,0.010351518713330062,-1.6988715809462818e-05,-9.31529771919524e-06,11
81,0.010327041802850156,7.610201064353473e-06,0.01033465200391451,-1.680349238963874e-05,-9.193291325285267e-06,11
82,0.010310417470024369,7.548947727185262e-06,0.010317966417751553,-1.662433282578757e-05,-9.075385098602306e-06,11
83,0.010293966474182459,7.489576083870834e-06,0.01030145605026633,-1.645099584191012e-05,-8.961419758039287e-06,11
84,0.01027768322458067,7.432008121729695e-06,0.010285115232702398,-1.6283249601789507e-05,-8.851241480059812e-06,11
85,0.010261562351279063,7.37616961056974e-06,0.010268938520889634,-1.6120873301606053e-05,-8.744703691036313e-06,11
86,0.010245598696530522,7.321989911757788e-06,0.01025292068644228,-1.596365474854089e-05,-8.641664836783102e-06,11
87,0.010229787304943172,7.269401796938279e-06,0.01023705670674011,-1.5811391587350343e-05,-8.541989790412065e-06,11
88,0.010214123414875043,7.218341273248494e-06,0.010221341756148292,-1.5663890068129405e-05,-8.44554879488091e-06,11
89,0.010198602449826955,7.168747420264682e-06,0.01020577119724722,-1.5520965048088087e-05,-8.352217627823405e-06,11
90,0.010183220010447025,7.120562231630548e-06,0.010190340572678655,-1.5382439379929558e-05,-8.26187714829901e-06,12
91,0.0101679718668638,7.073730466011561e-06,0.010175045597329813,-1.5248143583224127e-05,-8.174413117212566e-06,12
92,0.010152853951176377,7.028199505094822e-06,0.010159882150681473,-1.511791568742371e-05,-8.089716182328889e-06,12
93,0.010137862350552918,6.983919218588659e-06,0.010144846269771506,-1.4991600623459611e-05,-8.007681404870952e-06,11
94,0.010122993300341165,6.940841836012671e-06,0.010129934142177178,-1.486905021175211e-05,-7.92820837573944e-06,12
95,0.010108243177551879,6.8989218248768575e-06,0.010115142099376756,-1.4750122789286557e-05,-7.8512009644097e-06,12
96,0.01009360849570784,6.858115775629696e-06,0.010100466611483469,-1.4634681844039044e-05,-7.776566068409349e-06,11
97,0.010079085897310658,6.818382291619862e-06,0.010085904279602279,-1.4522598397181952e-05,-7.70421610556209e-06,12
98,0.010064672149491583,6.779681884806794e-06,0.01007145183137639,-1.441374781907534e-05,-7.634065934268545e-06,12
99,0.010050364138211698,6.741976877743757e-06,0.010057106115089441,-1.4308011279884347e-05,-7.566034402140591e-06,12
100,0.010036158863315325,6.705231310043122e-06,0.010042864094625369,-1.42052748963728e-05,-7.500043586329678e-06,11
101,0.010022053433752176,6.66941084947832e-06,0.010028722844601655,-1.4105429563149308e-05,-7.436018713670987e-06,11
102,0.010008045062649962,6.634482708665011e-06,0.010014679545358627,-1.4008371102214312e-05,-7.373888393549301e-06,11
103,0.009994131063206901,6.60041556520352e-06,0.010000731478772104,-1.3913999443060376e-05,-7.3135838778568564e-06,11
104,0.009980308844250607,6.56717948625022e-06,0.009986876023736857,-1.3822218956294208e-05,-7.2550394700439875e-06,11
105,0.009966575906425579,6.5347458583399495e-06,0.009973110652283918,-1.373293782502838e-05,-7.19819196668843e-06,11
106,0.009952929838021762,6.503087318695984e-06,0.009959432925340458,-1.3646068403816436e-05,-7.142981085120452e-06,11
107,0.009939368312172903,6.47217769223372e-06,0.009945840489865135,-1.3561525848859723e-05,-7.089348156626004e-06,11
108,0.009925889081995098,6.441991930617702e-06,0.009932331073925715,-1.3479230177804169e-05,-7.037238247186467e-06,11
109,0.009912489978420091,6.412506055758671e-06,0.00991890248447585,-1.3399103575006954e-05,-6.986597519248283e-06,11
110,0.009899168906541855,6.383697105459976e-06,0.009905552603647316,-1.3321071878236168e-05,-6.9373747727761924e-06,11
111,0.009885923842656408,6.355543082275818e-06,0.009892279385738684,-1.324506388544755e-05,-6.889520803171732e-06,11
112,0.00987275283141742,6.328022905230568e-06,0.009879080854322651,-1.3171011238988228e-05,-6.84298833375766e-06,11
113,0.009859653982990269,6.301116364059007e-06,0.009865955099354328,-1.3098848427151033e-05,-6.797732063092026e-06,12
114,0.009846625470535497,6.27480407596941e-06,0.009852900274611467,-1.3028512454771324e-05,-6.753708378801914e-06,11
115,0.009833665527684166,6.24906744477325e-06,0.00983991459512894,-1.2959942851331618e-05,-6.710875406558369e-06,12
116,0.009820772445877424,6.223888622063205e-06,0.009826996334499486,-1.2893081806741868e-05,-6.669193184678663e-06,11
117,0.009807944572495675,6.199250470536997e-06,0.009814143822966212,-1.2827873381748844e-05,-6.628622911211847e-06,12
118,0.009795180308520002,6.175136530227688e-06,0.009801355445050229,-1.2764263975673096e-05,-6.589127445445408e-06,11
119,0.009782478106339143,6.151530984275481e-06,0.009788629637323418,-1.2702202180858713e-05,-6.550671196583231e-06,11
120,0.00976983646781715,6.128418628978445e-06,0.009775964886446128,-1.264163852199296e-05,-6.5132198930145146e-06,11
121,0.00975725394247362,6.105784844515942e-06,0.009763359727318137,-1.258252534352966e-05,-6.476740499013718e-06,11
122,0.009744729125422347,6.083615566855443e-06,0.009750812740989202,-1.2524817051273729e-05,-6.441201484418286e-06,12
123,0.00973226065599575,6.06189726197313e-06,0.009738322553257723,-1.2468469426596407e-05,-6.4065721646232765e-06,11
124,0.009719847215832411,6.040616900232343e-06,0.009725887832732644,-1.2413440163339118e-05,-6.372823263106775e-06,11
125,0.009707487527355174,6.019761933656369e-06,0.00971350728928883,-1.2359688477237007e-05,-6.339926543580639e-06,11
126,0.009695180352279342,5.999320273305826e-06,0.009701179672552648,-1.23071750758319e-05,-6.307854802526074e-06,12
127,0.009682924490150513,5.97928026860073e-06,0.009688903770419114,-1.2255862128829342e-05,-6.2765818602286125e-06,11
128,0.009670718776902065,5.959630686866166e-06,0.00967667840758893,-1.2205713248447658e-05,-6.246082561581492e-06,11
129,0.0096585620836388,5.940360694702839e-06,0.009664502444333502,-1.2156693263265517e-05,-6.216332568562678e-06,11
130,0.009646453315197645,5.921459840368677e-06,0.009652374775038013,-1.2108768441154716e-05,-6.187308600786039e-06,11
131,0.00963439140895539,5.902918036214638e-06,0.009640294326991605,-1.206190624225556e-05,-6.158988206040922e-06,12
132,0.009622375334203737,5.884725543354493e-06,0.00962826005974709,-1.2016074751652894e-05,-6.131349208298401e-06,11
133,0.009610404090056646,5.866872955904834e-06,0.009616270963012551,-1.1971244147090943e-05,-6.104371191186108e-06,11
134,0.009598476705456105,5.849351186578186e-06,0.009604326056642683,-1.1927384600540769e-05,-6.078033413962583e-06,12
135,0.009586592236630387,5.832151453166376e-06,0.009592424388083554,-1.1884468825718031e-05,-6.052317372551655e-06,11
136,0.00957474976795869,5.815265266229876e-06,0.00958056503322492,-1.1842468671696693e-05,-6.027203405466817e-06,11
137,0.00956294840969063,5.798684414712688e-06,0.009568747094105342,-1.1801358268059836e-05,-6.002673853347148e-06,12
138,0.009551187297989427,5.782400956279963e-06,0.009556969698945707,-1.1761111701202864e-05,-5.978710744922902e-06,11
139,0.009539465593101037,5.766407205543541e-06,0.009545232000306582,-1.1721704888389972e-05,-5.955297682846431e-06,11
140,0.009527782479164082,5.750695723423295e-06,0.009533533174887506,-1.1683113936955536e-05,-5.932418213532241e-06,11
141,0.00951613716324684,5.735259307101523e-06,0.009521872422553942,-1.1645315917241383e-05,-5.910056610139861e-06,11
142,0.0095045288745772,5.720090980544724e-06,0.009510248965557746,-1.1608288669640032e-05,-5.888197689095308e-06,11
143,0.009492956863810686,5.705183985425087e-06,0.009498662047796112,-1.157201076651404e-05,-5.866826781088954e-06,12
144,0.009481420402315921,5.690531772485309e-06,0.009487110934088406,-1.1536461494765504e-05,-5.845929722280195e-06,11
145,0.009469918781638054,5.676127993454616e-06,0.009475594909631508,-1.1501620677867308e-05,-5.825492684412692e-06,12
146,0.009458451312473137,5.6619664929798225e-06,0.009464113278966117,-1.1467469164916366e-05,-5.805502671936544e-06,11
147,0.009447017324640927,5.6480413014401104e-06,0.009452665365942367,-1.1433987832210057e-05,-5.785946530769947e-06,11
148,0.009435616165839433,5.634346627770905e-06,0.009441250512467204,-1.1401158801493949e-05,-5.766812173723044e-06,12
149,0.00942424720153423,5.620876852878581e-06,0.009429868078387109,-1.1368964305202844e-05,-5.7480874523242636e-06,12
150,0.009412909814063841,5.607626522741042e-06,0.009418517440586582,-1.133738747038926e-05,-5.729760947648218e-06,12
151,0.009401603402391712,5.594590342879612e-06,0.009407197992734592,-1.1306411672129535e-05,-5.711821329249923e-06,11
152,0.009390327381466834,5.581763171780137e-06,0.009395909144638614,-1.127602092487745e-05,-5.694257753097313e-06,11
153,0.009379081181778992,5.569140016833538e-06,0.009384650321795826,-1.1246199687842129e-05,-5.677059671008591e-06,12
154,0.009367864248610913,5.55671602533613e-06,0.00937342096463625,-1.1216933168078924e-05,-5.660217142742794e-06,12
155,0.009356676041928025,5.544486485534572e-06,0.009362220528413559,-1.1188206682888335e-05,-5.6437201973537635e-06,12
156,0.009345516036086243,5.532446815583681e-06,0.009351048482901827,-1.1160005841781562e-05,-5.627559026197881e-06,12
157,0.009334383718792805,5.520592562535132e-06,0.00933990431135534,-1.1132317293438554e-05,-5.611724730903422e-06,12
158,0.009323278590966044,5.5089193965312976e-06,0.009328787510362575,-1.110512782676043e-05,-5.596208430229133e-06,12
159,0.009312200166629925,5.497423107034204e-06,0.009317697589736959,-1.1078424336119497e-05,-5.5810012290852925e-06,11
160,0.009301147972234025,5.486099598475904e-06,0.009306634071832501,-1.1052194395899662e-05,-5.5660947974237575e-06,12
161,0.009290121546258967,5.474944886867109e-06,0.009295596491145834,-1.1026425975058096e-05,-5.5514810881909874e-06,12
162,0.00927912043911816,5.4639550949329785e-06,0.009284584394213093,-1.100110714080671e-05,-5.537152045873731e-06,12
163,0.009268144212572271,5.453126450491152e-06,0.009273597339022763,-1.0976226545889034e-05,-5.5231000953978824e-06,12
164,0.00925719243925427,5.442455279232399e-06,0.009262634894533502,-1.0951773318002012e-05,-5.509318038769613e-06,12
165,0.009246264703001494,5.431938007550174e-06,0.009251696641009045,-1.0927736252774878e-05,-5.495798245224704e-06,12
166,0.00923536059781671,5.42157115357315e-06,0.009240782168970283,-1.0904105184783575e-05,-5.482534031210425e-06,12
167,0.009224479727939716,5.411351326654564e-06,0.00922989107926637,-1.0880869876994659e-05,-5.469518550340094e-06,12
168,0.009213621707434894,5.4012752247938115e-06,0.009219022982659687,-1.0858020504822541e-05,-5.456745280028729e-06,12
169,0.009202786160019127,5.391339630860073e-06,0.009208177499649988,-1.08355474157662e-05,-5.444207784906127e-06,12
170,0.009191972718729402,5.381541410424484e-06,0.009197354260139826,-1.081344128972539e-05,-5.431899879300906e-06,12
171,0.009181181025618379,5.371877509085549e-06,0.009186552903127464,-1.0791693111023015e-05,-5.419815601937466e-06,12
172,0.009170410731386025,5.362344949863565e-06,0.009175773076335889,-1.0770294232353983e-05,-5.407949282490418e-06,12
173,0.009159661495893312,5.3529408310909404e-06,0.009165014436724402,-1.0749235492713005e-05,-5.396294661622065e-06,12
174,0.0091489329867811,5.343662324214647e-06,0.009154276649105314,-1.0728509112212237e-05,-5.38484678799759e-06,12
175,0.009138224879865708,5.334506670844876e-06,0.009143559386536554,-1.0708106915391369e-05,-5.373600244546493e-06,12
176,0.009127536858968055,5.3254711813755546e-06,0.00913286233014943,-1.0688020897653416e-05,-5.362549716277862e-06,12
177,0.009116868615509754,5.316553232652531e-06,0.009122185168742407,-1.066824345830053e-05,-5.351690225647999e-06,12
178,0.009106219848336927,5.3077502662048795e-06,0.009111527598603132,-1.0648767172827256e-05,-5.341016906622376e-06,12
179,0.009095590263689557,5.299059785391062e-06,0.009100889323474947,-1.0629584647370294e-05,-5.330524861979231e-06,12
180,0.009084979574750629,5.290479355626392e-06,0.009090270054106255,-1.0610688938927915e-05,-5.320209583301523e-06,12
181,0.00907438750158196,5.282006600489095e-06,0.00907966950818245,-1.059207316866928e-05,-5.310066568180185e-06,12
182,0.009063813770984863,5.2736392010093445e-06,0.009069087410185873,-1.0573730597096542e-05,-5.300091396087198e-06,12
183,0.009053258116272889,5.265374893962107e-06,0.00905852349116685,-1.0555654711974505e-05,-5.2902798180123974e-06,12
184,0.009042720277086191,5.257211470273505e-06,0.009047977488556465,-1.0537839186697262e-05,-5.280627716423757e-06,12
185,0.009032199999201018,5.24914677333305e-06,0.009037449145974352,-1.052027788517318e-05,-5.271131111840129e-06,12
186,0.009021697034178433,5.24117869704203e-06,0.009026938212875476,-1.0502965022585187e-05,-5.261786325543157e-06,12
187,0.009011211140679598,5.233305186155726e-06,0.009016444445865754,-1.0485893498834997e-05,-5.252588312679272e-06,12
188,0.009000742081094693,5.225524232710537e-06,0.009005967605327403,-1.0469059584905516e-05,-5.243535352194979e-06,12
189,0.00899028962483428,5.2178338758667125e-06,0.008995507458710146,-1.0452456260412468e-05,-5.234622384545756e-06,12
190,0.008979853546024041,5.210232200453973e-06,0.008985063778224495,-1.043607881023867e-05,-5.225846609784696e-06,12
191,0.008969433624563705,5.202717335853079e-06,0.008974636341899558,-1.0419921460336212e-05,-5.217204124483133e-06,12
192,0.00895902964518458,5.1952874542170645e-06,0.008964224932638798,-1.0403979379125516e-05,-5.208691924908452e-06,12
193,0.00894864139769147,5.187940770149147e-06,0.00895382933846162,-1.0388247493109404e-05,-5.200306722960257e-06,12
194,0.008938268676771721,5.180675538707589e-06,0.008943449352310428,-1.0372720919749057e-05,-5.192045381041468e-06,12
195,0.008927911281955248,5.1734900549070285e-06,0.008933084772010155,-1.0357394816473686e-05,-5.183904761566658e-06,12
196,0.008917569017312776,5.166382652452321e-06,0.008922735399965229,-1.0342264642471122e-05,-5.175881990018801e-06,12
197,0.00890724169155599,5.1593517024911635e-06,0.00891240104325848,-1.0327325756787076e-05,-5.167974054295912e-06,12
198,0.00889692911767348,5.152395613303356e-06,0.008902081513286784,-1.031257388250939e-05,-5.160178269206035e-06,12
199,0.00888663111305199,5.1455128285384034e-06,0.008891776625880529,-1.0298004621489554e-05,-5.15249179295115e-06,12
200,0.00887634749929056,5.138701826652504e-06,0.008881486201117212,-1.0283613761430388e-05,-5.144911934777884e-06,12
201,0.00886607810203588,5.1319611200030685e-06,0.008871210063155882,-1.026939725468079e-05,-5.137436134677721e-06,12
202,0.008855822750961861,5.125289253933044e-06,0.008860948040215795,-1.025535107401776e-05,-5.130061820084716e-06,12
203,0.00884558127937618,5.118684805954445e-06,0.008850699964182135,-1.0241471585681339e-05,-5.122786779726894e-06,12
204,0.008835353525169176,5.112146384872063e-06,0.008840465671554049,-1.0227754207003947e-05,-5.115607822131884e-06,12
205,0.008825139329145859,5.105672629769555e-06,0.008830245001775629,-1.021419602331708e-05,-5.1085233935475246e-06,12
206,0.008814938536014782,5.099262209674151e-06,0.008820037798224456,-1.020079313107658e-05,-5.101530921402429e-06,12
207,0.008804750994023003,5.092913822649327e-06,0.008809843907845652,-1.0187541991779625e-05,-5.094628169130298e-06,12
208,0.00879457655490079,5.086626194921389e-06,0.008799663181095712,-1.0174439122212497e-05,-5.087812927291108e-06,12
209,0.008784415073549545,5.080398080217946e-06,0.008789495471629763,-1.0161481351245172e-05,-5.081083271027226e-06,13
210,0.00877426640855894,5.074228258878806e-06,0.008779340636817819,-1.0148664990605738e-05,-5.074436731726932e-06,12
211,0.008764130421264671,5.068115538057259e-06,0.008769198536802728,-1.0135987294268567e-05,-5.067871756211308e-06,12
212,0.008754006976434803,5.062058749180391e-06,0.008759069035183984,-1.0123444829868156e-05,-5.061386080687764e-06,12
213,0.008743895941813351,5.056056750024275e-06,0.008748951998563376,-1.0111034621451687e-05,-5.054977871427412e-06,12
214,0.008733797188100967,5.0501084216652335e-06,0.008738847296522632,-1.0098753712384223e-05,-5.0486452907189895e-06,12
215,0.00872371058898136,5.044212669094714e-06,0.008728754801650454,-1.008659911960752e-05,-5.0423864505128056e-06,12
216,0.008713636020910465,5.038368420368315e-06,0.008718674389330832,-1.0074568070894685e-05,-5.03619965052637e-06,12
217,0.008703573363237238,5.0325746260828084e-06,0.008708605937863321,-1.006265767322656e-05,-5.030083047143752e-06,12
218,0.008693522497871253,5.026830258696899e-06,0.00869854932812995,-1.0050865365984762e-05,-5.024035107287863e-06,12
219,0.00868348330947355,5.0211343123193315e-06,0.008688504443785869,-1.0039188397703569e-05,-5.0180540853842375e-06,12
220,0.008673455685399234,5.015485801613875e-06,0.008678471171200847,-1.0027624074315789e-05,-5.012138272701913e-06,12
221,0.008663439515387839,5.009883761948702e-06,0.008668449399149788,-1.0016170011395431e-05,-5.006286249446729e-06,12
222,0.008653434691550554,5.004327248550906e-06,0.008658439018799105,-1.0004823837284071e-05,-5.000496588733165e-06,12
223,0.008643441108640237,4.998815335949047e-06,0.008648439923976186,-9.993582910317045e-06,-4.994767574367998e-06,12
224,0.008633458663769633,4.993347117827445e-06,0.00863845201088746,-9.98244487060429e-06,-4.989097752776845e-06,12
225,0.008623487256025797,4.987921706205777e-06,0.008628475177732003,-9.971407743836203e-06,-4.983486037630425e-06,12
226,0.00861352678733096,4.982538231255718e-06,0.008618509325562216,-9.960468694836244e-06,-4.977930463580526e-06,12
227,0.008603577161384268,4.977195840831136e-06,0.0086085543572251,-9.949625946692464e-06,-4.972430105861328e-06,12
228,0.008593638284128624,4.9718936999664586e-06,0.00859861017782859,-9.93887725564413e-06,-4.966983555677671e-06,12
229,0.008583710063643557,4.9666309905638054e-06,0.008588676694634121,-9.92822048506703e-06,-4.961589494503224e-06,12
230,0.008573792410075387,4.961406910875326e-06,0.008578753816986263,-9.917653568169982e-06,-4.956246657294656e-06,12
231,0.008563885235592372,4.9562206755762516e-06,0.008568841456267948,-9.907174483014813e-06,-4.950953807438562e-06,12
232,0.00855398845370281,4.951071514255603e-06,0.008558939525217066,-9.896781889562334e-06,-4.945710375306731e-06,12
233,0.008544101981720398,4.945958672984056e-06,0.008549047940393382,-9.886471982412104e-06,-4.9405133094280475e-06,12
234,0.008534225736807177,4.940881411586592e-06,0.008539166618218763,-9.876244913220589e-06,-4.935363501633996e-06,12
235,0.00852435963890208,4.935839004510726e-06,0.00852929547790659,-9.866097905097959e-06,-4.930258900587233e-06,12
236,0.008514503609548196,4.930830741386295e-06,0.008519434440289582,-9.856029353882967e-06,-4.925198612496672e-06,12
237,0.00850465757198704,4.925855925379937e-06,0.00850958342791242,-9.846037561156429e-06,-4.9201816357764915e-06,12
238,0.008494821451334511,4.920913873471662e-06,0.008499742365207983,-9.836120652528813e-06,-4.91520677905715e-06,12
239,0.008484995174029009,4.916003915633467e-06,0.008489911177944643,-9.826277305502451e-06,-4.910273389868984e-06,12
240,0.008475178669217986,4.911125394887436e-06,0.008480089794612873,-9.816504811022142e-06,-4.905379416134706e-06,12
241,0.008465371866507088,4.906277667102901e-06,0.008470278144174191,-9.806802710898843e-06,-4.900525043795942e-06,12
242,0.00845557469751701,4.901460100534365e-06,0.008460476157617544,-9.797168990077765e-06,-4.8957088895433995e-06,12
243,0.008445787095374024,4.896672075625708e-06,0.00845068376744965,-9.787602142985463e-06,-4.890930067359755e-06,12
244,0.008436008994743838,4.891912984674699e-06,0.008440900907728512,-9.778100630186692e-06,-4.886187645511993e-06,12
245,0.008426240331779078,4.8871822315916085e-06,0.00843112751401067,-9.768662964759756e-06,-4.881480733168147e-06,12
246,0.008416481044030144,4.882479231643073e-06,0.008421363523261787,-9.759287748933865e-06,-4.876808517290791e-06,12
247,0.008406731070321527,4.8778034109708755e-06,0.008411608873732497,-9.749973708617077e-06,-4.872170297646201e-06,12
248,0.00839699035096697,4.8731542070164915e-06,0.008401863505173987,-9.740719354556227e-06,-4.867565147539735e-06,13
249,0.008387258828480015,4.868531068098639e-06,0.008392127359548114,-9.731522486955413e-06,-4.862991418856774e-06,12
250,0.008377536445450251,4.8639334518068095e-06,0.008382400378902057,-9.722383029764359e-06,-4.858449577957549e-06,12
251,0.008367823146237963,4.8593608267407434e-06,0.008372682507064704,-9.713299212288362e-06,-4.853938385547619e-06,12
252,0.008358118876516163,4.854812671113033e-06,0.008362973689187276,-9.704269721799719e-06,-4.849457050686686e-06,12
253,0.008348423583175113,4.850288473112598e-06,0.008353273871648225,-9.695293341049904e-06,-4.8450048679373065e-06,12
254,0.008338737214362957,4.845787730244898e-06,0.008343583002093202,-9.686368812156232e-06,-4.840581081911334e-06,12
255,0.008329059719544674,4.841309949390584e-06,0.008333901029494065,-9.677494818283172e-06,-4.836184868892588e-06,12
256,0.008319391048879798,4.8368546463674304e-06,0.008324227903526165,-9.6686706648752e-06,-4.83181601850777e-06,12
257,0.008309731154176436,4.8324213461060695e-06,0.008314563575522542,-9.659894703362149e-06,-4.827473357256079e-06,12
258,0.008300079988207365,4.828009582118949e-06,0.008304907997789483,-9.65116596907123e-06,-4.82315638695228e-06,12
259,0.008290437504812509,4.823618896504876e-06,0.008295261123709013,-9.642483394856072e-06,-4.8188644983511954e-06,12
260,0.00828080365899353,4.819248839617244e-06,0.008285622907833147,-9.633845818979303e-06,-4.814596979362059e-06,15
261,0.008271178406729418,4.814898970136331e-06,0.008275993305699555,-9.625252264111595e-06,-4.810353293975263e-06,12
262,0.008261561705106613,4.810568854491125e-06,0.008266372273961103,-9.616701622805479e-06,-4.806132768314354e-06,12
263,0.00825195351197927,4.806258066960574e-06,0.00825675977004623,-9.608193127341735e-06,-4.801935060381162e-06,12
264,0.008242353786582335,4.8019661901312184e-06,0.008247155752772467,-9.599725396935987e-06,-4.797759206804769e-06,12
265,0.008232762488907697,4.79769281325847e-06,0.008237560181720956,-9.591297674638177e-06,-4.793604861379707e-06,12
266,0.008223179579863515,4.79343753319414e-06,0.00822797301739671,-9.582909044181243e-06,-4.789471510987102e-06,12
267,0.008213605021391346,4.789199954052692e-06,0.008218394221345399,-9.574558472169592e-06,-4.7853585181169e-06,12
268,0.008204038776278288,4.784979686977875e-06,0.008208823755965267,-9.56624511305737e-06,-4.781265426079495e-06,12
269,0.008194480808612403,4.780776349929398e-06,0.008199261584962333,-9.557967665885236e-06,-4.777191315955838e-06,12
270,0.008184931082331315,4.776589567724501e-06,0.008189707671899039,-9.549726281088411e-06,-4.77313671336391e-06,12
271,0.008175389563286006,4.772418971762432e-06,0.008180161982257768,-9.541519045308533e-06,-4.769100073546101e-06,12
272,0.008165856217656198,4.768264199883029e-06,0.00817062448185608,-9.533345629808565e-06,-4.765081429925536e-06,12
273,0.008156331012620144,4.764124896219665e-06,0.008161095137516363,-9.525205036053919e-06,-4.761080139834254e-06,12
274,0.008146813916218743,4.760000711253834e-06,0.008151573916929996,-9.517096401401304e-06,-4.75709569014747e-06,12
275,0.008137304897022912,4.7558913011218645e-06,0.008142060788324034,-9.509019195830248e-06,-4.753127894708384e-06,12
276,0.008127803924664945,4.751796329051214e-06,0.008132555720993997,-9.500972357967541e-06,-4.749176028916327e-06,12
277,0.008118310969242204,4.747715462931517e-06,0.008123058684705135,-9.492955422740756e-06,-4.74523995980924e-06,12
278,0.008108826002217628,4.74364837674833e-06,0.008113569650594376,-9.484967024575575e-06,-4.741318647827245e-06,12
279,0.008099348995066813,4.73959475025902e-06,0.008104088589817073,-9.477007150815453e-06,-4.737412400556433e-06,12
280,0.008089879920293752,4.735554268562595e-06,0.008094615474562314,-9.469074773060804e-06,-4.733520504498209e-06,12
281,0.00808041875124188,4.731526622368693e-06,0.008085150277864248,-9.461169051871998e-06,-4.729642429503305e-06,12
282,0.008070965461726809,4.727511507328816e-06,0.008075692973234138,-9.453289515071184e-06,-4.725778007742368e-06,12
283,0.008061520026357072,4.723508624569757e-06,0.008066243534981641,-9.445435369737076e-06,-4.721926745167319e-06,12
284,0.008052082420405893,4.719517680257116e-06,0.00805680193808615,-9.437605951179151e-06,-4.718088270922035e-06,12
285,0.008042652619745794,4.715538385428689e-06,0.008047368158131223,-9.42980066009902e-06,-4.71426227467033e-06,12
286,0.00803323060090233,4.711570455952361e-06,0.008037942171358283,-9.422018843463498e-06,-4.710448387511137e-06,12
287,0.008023816341125367,4.707613612669798e-06,0.008028523954738036,-9.414259776963085e-06,-4.706646164293287e-06,12
288,0.008014409818196011,4.703667581241971e-06,0.008019113485777253,-9.406522929356065e-06,-4.702855348114094e-06,12
289,0.00800501101051232,4.699732091615034e-06,0.008009710742603935,-9.398807683691501e-06,-4.699075592076468e-06,12
290,0.00799561989708708,4.695806878403812e-06,0.008000315703965484,-9.391113425238906e-06,-4.6953065468350944e-06,12
291,0.007986236457334872,4.6918916806732915e-06,0.007990928349015545,-9.383439752208567e-06,-4.691548071535275e-06,12
292,0.007976860671859987,4.687986241877534e-06,0.007981548658101864,-9.37578547488549e-06,-4.687799233007956e-06,12
293,0.007967492520995267,4.684090309450161e-06,0.007972176611304718,-9.368150864719205e-06,-4.684060555269044e-06,12
294,0.007958131986192774,4.68020363539087e-06,0.007962812189828165,-9.36053480249388e-06,-4.68033116710301e-06,12
295,0.007948779049238075,4.676325975667932e-06,0.007953455375213744,-9.35293695469852e-06,-4.6766109790305884e-06,12
296,0.007939433692478182,4.672457090256066e-06,0.007944106149568437,-9.345356759893342e-06,-4.6728996696372756e-06,12
297,0.007930095898785683,4.668596743111899e-06,0.007934764495528795,-9.337793692498764e-06,-4.6691969493868645e-06,12
298,0.007920765651559969,4.664744702068317e-06,0.007925430396262038,-9.330247225713961e-06,-4.6655025236456445e-06,12
299,0.007911442934693591,4.660900738777911e-06,0.007916103835432368,-9.322716866377867e-06,-4.661816127599956e-06,12
300,0.007902127732559494,4.657064628638927e-06,0.007906784797188133,-9.315202134096978e-06,-4.658137505458051e-06,12
301,0.007892820030027448,4.653236150708518e-06,0.007897473266178156,-9.307702532046491e-06,-4.654466381337973e-06,12
302,0.007883519812486584,4.6494150876406035e-06,0.007888169227574224,-9.300217540864075e-06,-4.650802453223472e-06,12
303,0.00787422706550056,4.645601226003874e-06,0.007878872666726565,-9.29274698602267e-06,-4.6471457600187964e-06,12
304,0.00786494177603314,4.641794354706667e-06,0.007869583570387848,-9.285289467420021e-06,-4.643495112713355e-06,12
305,0.007855663930111612,4.6379942678048735e-06,0.007860301924379417,-9.277845921529249e-06,-4.639851653724375e-06,12
306,0.007846393515116734,4.634200761014062e-06,0.007851027715877748,-9.270414994877463e-06,-4.636214233863401e-06,12
307,0.007837130518670299,4.630413634589529e-06,0.00784176093230489,-9.262996446435245e-06,-4.632582811845717e-06,12
308,0.007827874928826195,4.626632691435451e-06,0.00783250156151763,-9.255589844103795e-06,-4.628957152668344e-06,12
309,0.00781862673400624,4.622857737680455e-06,0.00782324959174392,-9.248194819955202e-06,-4.625337082274747e-06,12
310,0.007809385923071566,4.6190885826781945e-06,0.007814005011654244,-9.240810934674215e-06,-4.6217223519960206e-06,12
311,0.00780015248524768,4.615325038778257e-06,0.007804767810286458,-9.233437823885637e-06,-4.61811278510738e-06,12
312,0.00779092641028889,4.611566921409559e-06,0.0077955379772103,-9.226074958790242e-06,-4.6145080373806836e-06,12
313,0.00778170768818931,4.607814049063067e-06,0.007786315502238373,-9.218722099579857e-06,-4.61090805051679e-06,12
314,0.007772496309370047,4.604066242987341e-06,0.007777100375613035,-9.211378819262706e-06,-4.607312576275364e-06,12
315,0.007763292264677091,4.600323327343193e-06,0.0077678925880044335,-9.204044692956437e-06,-4.603721365613244e-06,12
316,0.007754095545246642,4.596585129110419e-06,0.007758692130375752,-9.196719430448752e-06,-4.600134301338333e-06,12
317,0.007744906142654662,4.592851478044885e-06,0.007749498994132706,-9.189402591980311e-06,-4.596551113935426e-06,12
318,0.0077357240487603285,4.589122206619129e-06,0.007740313170966948,-9.182093894333221e-06,-4.592971687714092e-06,12
319,0.007726549255846149,4.585397149987651e-06,0.007731134652996137,-9.174792914179442e-06,-4.58939576419179e-06,12
320,0.007717381756476183,4.581676145936924e-06,0.00772196343262212,-9.167499369966414e-06,-4.58582322402949e-06,12
321,0.007708221543589078,4.577959034848166e-06,0.007712799502623926,-9.16021288710489e-06,-4.582253852256725e-06,12
322,0.0076990686104153605,4.574245659629867e-06,0.0077036428560749905,-9.152933173717237e-06,-4.57868751408737e-06,12
323,0.0076899229506057765,4.570535865767523e-06,0.007694493486471544,-9.145659809584039e-06,-4.575123943816516e-06,12
324,0.007680784558043885,4.566829501118684e-06,0.007685351387545004,-9.138392561891528e-06,-4.5715630607728445e-06,12
325,0.007671653426615688,4.5631264159842686e-06,0.007676216553031672,-9.131131428197214e-06,-4.568005012212946e-06,12
326,0.007662529551462072,4.559426463156408e-06,0.0076670889779252285,-9.123875153616012e-06,-4.564448690459604e-06,12
327,0.007653412927136505,4.555729497548775e-06,0.007657968656634054,-9.116624325566924e-06,-4.5608948280181495e-06,12
328,0.007644303548697162,4.5520353765829495e-06,0.0076488555840737455,-9.109378439342564e-06,-4.557343062759614e-06,12
329,0.0076352014116116695,4.548343959981773e-06,0.007639749755571652,-9.102137085492679e-06,-4.5537931255109056e-06,12
330,0.0076261065116326465,4.544655109176959e-06,0.007630651166741823,-9.094899979023019e-06,-4.55024486984606e-06,12
331,0.00761701884471655,4.540968688796637e-06,0.0076215598134053465,-9.087666916096637e-06,-4.5466982273e-06,12
332,0.007607938407117376,4.537284564798978e-06,0.007612475691682175,-9.080437599173763e-06,-4.543153034374785e-06,12
333,0.007598865195512894,4.533602605835345e-06,0.007603398798118729,-9.073211604482267e-06,-4.539608998646923e-06,12
334,0.007589799206490833,4.529922681767699e-06,0.0075943291291726,-9.065989022061238e-06,-4.536066340293539e-06,12
335,0.007580740437239886,4.5262446659071025e-06,0.0075852666819057925,-9.058769250946952e-06,-4.5325245850398495e-06,12
336,0.007571688885082084,4.522568432489636e-06,0.007576211453514573,-9.051552157801623e-06,-4.528983725311987e-06,12
337,0.007562644547575825,4.518893858149651e-06,0.007567163441433975,-9.04433750625877e-06,-4.52544364810912e-06,12
338,0.007553607422646436,4.515220820978514e-06,0.007558122643467414,-9.037124929389684e-06,-4.52190410841117e-06,12
339,0.007544577508386219,4.511549202043147e-06,0.0075490890575882616,-9.02991426021682e-06,-4.518365058173673e-06,12
340,0.007535554802953315,4.507878883485906e-06,0.007540062681836801,-9.022705432903955e-06,-4.514826549418049e-06,12
341,0.007526539305004576,4.5042097498679815e-06,0.007531043514754444,-9.015497948738904e-06,-4.511288198870923e-06,12
342,0.007517531013368495,4.500541687232809e-06,0.007522031555055727,-9.00829163608119e-06,-4.50774994884838e-06,12
343,0.007508529927003016,4.496874583516186e-06,0.007513026801586532,-9.001086365478805e-06,-4.504211781962619e-06,12
344,0.007499536045144417,4.493208328559643e-06,0.007504029253472977,-8.99388185859884e-06,-4.500673530039197e-06,12
345,0.007490549367327848,4.489542813979639e-06,0.007495038910141827,-8.986677816569255e-06,-4.4971350025896165e-06,12
346,0.0074815698932118035,4.485877933090842e-06,0.007486055771144895,-8.979474116044273e-06,-4.493596182953431e-06,12
347,0.007472597622335875,4.482213580981726e-06,0.007477079835916857,-8.972270875928778e-06,-4.490057294947052e-06,12
348,0.0074636325554664484,4.4785496544433035e-06,0.0074681111051208915,-8.96506686942633e-06,-4.486517214983027e-06,12
349,0.007454674692641272,4.474886051840734e-06,0.0074591495786931125,-8.9578628251763e-06,-4.482976773335565e-06,12
350,0.007445724034244039,4.4712226733285506e-06,0.007450195256917367,-8.950658397233191e-06,-4.4794357239046404e-06,12
351,0.007436780581458802,4.467559420737179e-06,0.007441248140879539,-8.943452785237227e-06,-4.475893364500048e-06,12
352,0.007427844334502609,4.46389619739082e-06,0.0074323082307,-8.936246956192662e-06,-4.472350758801841e-06,12
353,0.0074189152949522,4.460232908063584e-06,0.007423375527860264,-8.929039550409357e-06,-4.468806642345773e-06,12
354,0.007409993463724729,4.4565694593596215e-06,0.007414450033184089,-8.921831227470811e-06,-4.46526176811119e-06,12
355,0.007401078842556141,4.452905759273678e-06,0.007405531748315415,-8.914621168587544e-06,-4.461715409313867e-06,12
356,0.007392171432972772,4.449241717443601e-06,0.007396620674690216,-8.907409583369663e-06,-4.4581678659260625e-06,12
357,0.007383271236812705,4.445577244951517e-06,0.007387716814057656,-8.900196160066542e-06,-4.454618915115025e-06,12
358,0.007374378256154168,4.441912254291398e-06,0.007378820168408459,-8.892980658536942e-06,-4.451068404245544e-06,12
359,0.0073654924931808585,4.438246659488362e-06,0.007369930739840347,-8.885762973309674e-06,-4.447516313821312e-06,12
360,0.007356613949201285,4.434580376080059e-06,0.007361048529577365,-8.87854397957355e-06,-4.443963603493491e-06,12
361,0.00734774262902016,4.430913320812409e-06,0.0073521735423409725,-8.871320181125242e-06,-4.440406860312833e-06,12
362,0.007338878533565407,4.427245411828739e-06,0.007343305778977236,-8.86409545475253e-06,-4.436850042923791e-06,12
363,0.007330021666089537,4.423576569149742e-06,0.007334445242658687,-8.856867475870445e-06,-4.4332909067207024e-06,12
364,0.00732117202957927,4.419906713671874e-06,0.007325591936292942,-8.849636510266379e-06,-4.429729796594505e-06,12
365,0.0073123296271779825,4.416235767770021e-06,0.0073167458629457525,-8.842402401287863e-06,-4.4261666335178425e-06,12
366,0.007303494462140292,4.412563655222077e-06,0.007307907025795514,-8.835165037690551e-06,-4.422601382468474e-06,12
367,0.007294666537951411,4.408890300884299e-06,0.007299075428252295,-8.82792418888112e-06,-4.419033887996821e-06,12
368,0.00728584585818548,4.405215631208399e-06,0.007290251073816688,-8.820679765930706e-06,-4.4154641347223065e-06,12
369,0.007277032426150409,4.401539573792506e-06,0.0072814339657242015,-8.81343203507079e-06,-4.411892461278284e-06,12
370,0.007268226246509024,4.3978620574599725e-06,0.007272624108566484,-8.806179641385192e-06,-4.40831758392522e-06,12
371,0.007259427322867662,4.394183012365398e-06,0.007263821505880027,-8.798923641362144e-06,-4.404740628996746e-06,12
372,0.007250635659367677,4.390502369847267e-06,0.007255026161737524,-8.79166349998517e-06,-4.401161130137903e-06,12
373,0.00724185126025223,4.3868200624517254e-06,0.0072462380803146815,-8.784399115446817e-06,-4.397579052995092e-06,12
374,0.007233074129965544,4.383136024042438e-06,0.007237457265989586,-8.777130286685697e-06,-4.393994262643259e-06,12
375,0.007224304273014903,4.379450189521329e-06,0.007228683723204425,-8.769856950641142e-06,-4.390406761119813e-06,12
376,0.007215541693987748,4.375762495200285e-06,0.007219917456482949,-8.762579027155049e-06,-4.386816531954764e-06,12
377,0.007206786397768283,4.372072878149726e-06,0.007211158470646433,-8.755296219464803e-06,-4.383223341315077e-06,12
378,0.007198038389196304,4.368381276742359e-06,0.007202406770473046,-8.748008571979327e-06,-4.379627295236968e-06,12
379,0.007189297673291795,4.364687630684373e-06,0.007193662360922479,-8.740715904509422e-06,-4.376028273825049e-06,12
380,0.007180564255151567,4.360991880654536e-06,0.007184925247032221,-8.733418140227656e-06,-4.37242625957312e-06,12
381,0.00717183814002631,4.357293968449081e-06,0.007176195433994759,-8.726115125257117e-06,-4.368821156808036e-06,12
382,0.007163119333399637,4.3535938368772045e-06,0.007167472927236514,-8.718806626673015e-06,-4.36521278979581e-06,12
383,0.007154407840454735,4.349891429967606e-06,0.007158757731884703,-8.7114929449017e-06,-4.361601514934094e-06,12
384,0.007145703666722403,4.346186692895808e-06,0.007150049853415299,-8.704173732332343e-06,-4.357987039436535e-06,12
385,0.007137006818207503,4.342479571540637e-06,0.007141349297779044,-8.696848514899713e-06,-4.354368943359077e-06,12
386,0.007128317300495568,4.338770013085388e-06,0.007132656070508653,-8.689517711935046e-06,-4.3507476988496585e-06,12
387,0.007119635119552936,4.33505796569929e-06,0.0071239701775186355,-8.682180942631845e-06,-4.347122976932555e-06,12
388,0.007110960281251133,4.33134337847913e-06,0.007115291624629612,-8.674838301803156e-06,-4.343494923324026e-06,12
389,0.00710229279156438,4.327626201649536e-06,0.007106620417766029,-8.667489686753349e-06,-4.339863485103813e-06,12
390,0.007093632656724913,4.323906386282577e-06,0.007097956563111196,-8.660134839466593e-06,-4.336228453184016e-06,12
391,0.007084979883004827,4.3201838845857895e-06,0.007089300066889413,-8.652773720085882e-06,-4.332589835500093e-06,12
392,0.007076334476716184,4.316458649665897e-06,0.00708065093536585,-8.645406288643187e-06,-4.32894763897729e-06,12
393,0.007067696444277183,4.3127306355943966e-06,0.007072009174912778,-8.638032439001186e-06,-4.32530180340679e-06,12
394,0.0070590657921982825,4.308999797403853e-06,0.007063374791995686,-8.630652078900347e-06,-4.321652281496494e-06,12
395,0.00705044252708642,4.30526609103615e-06,0.007054747793177456,-8.623265111862288e-06,-4.317999020826139e-06,12
396,0.007041826655566519,4.301529473123973e-06,0.007046128185039643,-8.615871519901397e-06,-4.3143420467774236e-06,12
397,0.007033218184495538,4.2977899023568564e-06,0.007037515974397894,-8.60847107098106e-06,-4.310681168624204e-06,12
398,0.007024617120604648,4.294047336108569e-06,0.0070289111679407565,-8.601063890889549e-06,-4.30701655478098e-06,12
399,0.007016023470858612,4.290301735003709e-06,0.007020313772593616,-8.593649746035936e-06,-4.303348011032228e-06,12
400,0.007007437242192216,4.2865530591927295e-06,0.007011723795251409,-8.586228666396245e-06,-4.2996756072035156e-06,12
401,0.006998858441710332,4.2828012700527384e-06,0.007003141242980384,-8.578800481884308e-06,-4.295999211831569e-06,12
402,0.0069902870764976255,4.27904632982e-06,0.006994566122827445,-8.571365212706183e-06,-4.292318882886184e-06,12
403,0.006981723153899888,4.275288201564922e-06,0.006985998442101453,-8.563922597737417e-06,-4.288634396172495e-06,12
404,0.006973166680904197,4.271526849200384e-06,0.006977438207753398,-8.556472995691067e-06,-4.2849461464906825e-06,12
405,0.0069646176649835745,4.2677622377135805e-06,0.006968885427221288,-8.549015920622516e-06,-4.281253682908935e-06,12
406,0.006956076113541987,4.263994332476084e-06,0.006960340107874463,-8.541551441587636e-06,-4.277557109111552e-06,12
407,0.006947542034011267,4.260223100011467e-06,0.006951802257111278,-8.53407953071983e-06,-4.273856430708362e-06,12
408,0.006939015433877205,4.256448507599285e-06,0.006943271882384804,-8.526600134062257e-06,-4.270151626462972e-06,12
409,0.0069304963208077774,4.2526705230659515e-06,0.006934748991330843,-8.51911306942732e-06,-4.266442546361368e-06,12
410,0.006921984702394579,4.248889115774119e-06,0.006926233591510353,-8.511618413198363e-06,-4.262729297424244e-06,12
411,0.006913480586370424,4.245104254879512e-06,0.006917725690625304,-8.504116024155017e-06,-4.259011769275505e-06,12
412,0.0069049839801084145,4.241315911051671e-06,0.0069092252960194665,-8.496606262009543e-06,-4.255290350957872e-06,12
413,0.006896494891961313,4.2375240549230684e-06,0.006900732416016237,-8.489088147101143e-06,-4.251564092178074e-06,12
414,0.0068880133294833,4.233728659239513e-06,0.00689224705814254,-8.481562478013238e-06,-4.2478338187737255e-06,12
415,0.006879539300675308,4.229929696165432e-06,0.006883769230371473,-8.474028807992084e-06,-4.244099111826652e-06,12
416,0.006871072813429913,4.226127139334921e-06,0.006875298940569248,-8.466487245395449e-06,-4.240360106060528e-06,12
417,0.006862613875748824,4.222320962877066e-06,0.006866836196711701,-8.458937681088408e-06,-4.236616718211342e-06,12
418,0.006854162495740113,4.218511141787247e-06,0.0068583810068819,-8.451380008711595e-06,-4.2328688669243485e-06,12
419,0.006845718681333324,4.214697651656701e-06,0.0068499333789849804,-8.443814406788874e-06,-4.229116755132173e-06,12
420,0.0068372824407682,4.21088046867085e-06,0.006841493321236871,-8.436240565123931e-06,-4.225360096453082e-06,12
421,0.006828853782334887,4.207059570028759e-06,0.006833060841904916,-8.428658433312641e-06,-4.221598863283882e-06,12
422,0.006820432713935509,4.203234933529367e-06,0.006824635948869039,-8.421068399377951e-06,-4.217833465848584e-06,12
423,0.006812019243954248,4.1994065376208754e-06,0.006816218650491869,-8.413469981261024e-06,-4.214063443640148e-06,12
424,0.006803613380720441,4.19557436133995e-06,0.006807808955081781,-8.405863233806876e-06,-4.2102888724669265e-06,12
425,0.00679521513278547,4.19173838449403e-06,0.006799406871169964,-8.398247934970904e-06,-4.206509550476874e-06,12
426,0.006786824507986622,4.1878985877676586e-06,0.0067910124065743895,-8.390624798848556e-06,-4.2027262110808975e-06,12
427,0.006778441515015721,4.184054952144966e-06,0.006782625569967866,-8.38299297090117e-06,-4.198938018756205e-06,12
428,0.006770066162256061,4.180207459462436e-06,0.006774246369715523,-8.375352759659727e-06,-4.19514530019729e-06,12
429,0.006761698458116805,4.176356092217162e-06,0.006765874814209022,-8.367704139256027e-06,-4.191348047038865e-06,12
430,0.006753338411111365,4.172500833540586e-06,0.0067575109119449054,-8.36004700544013e-06,-4.187546171899544e-06,12
431,0.00674498602973661,4.168641667168759e-06,0.006749154671403779,-8.352381374754358e-06,-4.183739707585599e-06,12
432,0.006736641322555692,4.16477857748217e-06,0.006740806101133174,-8.344707180918398e-06,-4.179928603436228e-06,12
433,0.00672830429811766,4.160911549494001e-06,0.006732465209667154,-8.337024438032081e-06,-4.17611288853808e-06,12
434,0.006719974964999098,4.157040568836908e-06,0.006724132005567935,-8.329333118561877e-06,-4.1722925497249685e-06,12
435,0.00671165333183299,4.153165621752475e-06,0.006715806497454742,-8.321633166108455e-06,-4.16846754435598e-06,12
436,0.006703339407202802,4.149286695087826e-06,0.00670748869389789,-8.313924630187763e-06,-4.164637935099937e-06,12
437,0.006695033199816236,4.145403776295436e-06,0.006699178603592531,-8.306207386565845e-06,-4.160803610270409e-06,12
438,0.006686734718318599,4.141516853419104e-06,0.006690876235172018,-8.298481497637233e-06,-4.156964644218129e-06,12
439,0.006678443971389281,4.137625915102113e-06,0.006682581597304383,-8.290746929318082e-06,-4.153121014215969e-06,12
440,0.006670160967761074,4.1337309505597056e-06,0.006674294698711634,-8.283003628206664e-06,-4.149272677646959e-06,12
441,0.006661885716148119,4.129831949583624e-06,0.006666015548097703,-8.275251612954726e-06,-4.145419663371102e-06,12
442,0.006653618225283653,4.125928902546122e-06,0.006657744154186199,-8.267490864466431e-06,-4.14156196192031e-06,12
443,0.006645358503956866,4.122021800367709e-06,0.006649480525757234,-8.25972132678654e-06,-4.137699526418831e-06,12
444,0.006637106560625661,4.118110634567573e-06,0.006641224671260228,-8.251943331205602e-06,-4.133832696638029e-06,12
445,0.006628862404575386,4.114195397101399e-06,0.006632976599972488,-8.244156050274398e-06,-4.1299606531729994e-06,12
446,0.006620626044369082,4.110276080738955e-06,0.006624736320449821,-8.236360206304028e-06,-4.126084125565073e-06,12
447,0.006612397488809707,4.106352678514925e-06,0.006616503841488222,-8.228555559375295e-06,-4.12220288086037e-06,12
448,0.006604176746667911,4.102425184098633e-06,0.00660827917185201,-8.22074214179569e-06,-4.118316957697056e-06,12
449,0.0065959638267958365,4.098493591668671e-06,0.006600062320387505,-8.212919872074842e-06,-4.114426280406171e-06,12
450,0.0065877587379995495,4.0945578959243704e-06,0.006591853295895474,-8.205088796287008e-06,-4.110530900362637e-06,12
451,0.0065795614891209775,4.090618092241363e-06,0.006583652107213219,-8.197248878571983e-06,-4.10663078633062e-06,12
452,0.006571372088993721,4.086674176406217e-06,0.006575458763170127,-8.189400127256441e-06,-4.102725950850224e-06,12
453,0.006563190546615583,4.082726144518583e-06,0.006567273272760101,-8.181542378138396e-06,-4.0988162336198125e-06,12
454,0.006555016870458896,4.078773993347277e-06,0.006559095644452243,-8.173676156686405e-06,-4.094902163339127e-06,12
455,0.00654685106956665,4.074817720601171e-06,0.0065509258872872515,-8.165800892245834e-06,-4.090983171644663e-06,12
456,0.006538693152752684,4.07085732380399e-06,0.006542764010076488,-8.157916813966715e-06,-4.087059490162725e-06,12
457,0.006530543128902666,4.066892801225983e-06,0.006534610021703892,-8.150023850017618e-06,-4.083131048791635e-06,12
458,0.0065224010068027916,4.062924151624518e-06,0.006526463930954416,-8.142122099874527e-06,-4.079197948250009e-06,12
459,0.006514266795391577,4.0589513742425416e-06,0.0065183257467658195,-8.134211411214842e-06,-4.075260036972301e-06,12
460,0.0065061405033655095,4.054974468682886e-06,0.006510195477834192,-8.126292026067183e-06,-4.0713175573842975e-06,12
461,0.006498022139597492,4.0509934354086255e-06,0.006502073133032901,-8.118363768017112e-06,-4.067370332608486e-06,12
462,0.006489911712955432,4.047008274908293e-06,0.00649395872123034,-8.11042664206063e-06,-4.063418367152338e-06,12
463,0.006481809232223967,4.043018988302159e-06,0.006485852251212269,-8.102480731464468e-06,-4.059461743162309e-06,12
464,0.006473714706234146,4.039025577169526e-06,0.006477753731811316,-8.0945259898213e-06,-4.055500412651774e-06,12
465,0.006465628143787483,4.035028043534401e-06,0.006469663171831018,-8.08656244666306e-06,-4.051534403128658e-06,12
466,0.0064575495536775,4.031026389877486e-06,0.006461580580067377,-8.078590109983352e-06,-4.047563720105866e-06,12
467,0.006449478944674958,4.027020619114573e-06,0.006453505965294072,-8.070609002541751e-06,-4.043588383427178e-06,12
468,0.006441416325618787,4.023010734619099e-06,0.006445439336353407,-8.062619056170561e-06,-4.039608321551462e-06,12
469,0.006433361705197038,4.018996740145051e-06,0.006437380701937183,-8.054620421749092e-06,-4.035623681604042e-06,12
470,0.0064253150922104485,4.014978639909956e-06,0.006429330070850358,-8.046612986589707e-06,-4.031634346679751e-06,12
471,0.006417276495388258,4.010956438568699e-06,0.006421287451826826,-8.038596822190769e-06,-4.02764038362207e-06,12
472,0.00640924592345915,4.006930141184191e-06,0.006413252853600335,-8.030571929107388e-06,-4.023641787923197e-06,12
473,0.006401223385149479,4.002899753229709e-06,0.006405226284902709,-8.022538309671035e-06,-4.0196385564413255e-06,12
474,0.006393208889147961,3.998865280598204e-06,0.006397207754428559,-8.014496001518268e-06,-4.015630720920064e-06,12
475,0.006385202444160187,3.994826729587098e-06,0.006389197270889774,-8.006444987773698e-06,-4.0116182581865995e-06,12
476,0.006377204058810593,3.990784106893536e-06,0.006381194842917486,-7.998385349594628e-06,-4.007601242701092e-06,13
477,0.0063692137414737005,3.986737419613899e-06,0.006373200478893315,-7.990317336892261e-06,-4.003579917278362e-06,13
478,0.006361231501387232,3.982686675302628e-06,0.006365214188062535,-7.982240086468195e-06,-3.999553411165567e-06,13
479,0.0063532573467594,3.978631881723007e-06,0.006357235978641123,-7.974154627832242e-06,-3.9955227461092345e-06,13
480,0.006345291286383281,3.974573047244201e-06,0.006349265859430526,-7.96606037611891e-06,-3.99148732887471e-06,13
481,0.006337333328720551,3.970510180332458e-06,0.006341303838900884,-7.957957662729775e-06,-3.987447482397317e-06,13
482,0.006329383482346795,3.966443290240597e-06,0.006333349925637036,-7.949846373755953e-06,-3.983403083515356e-06,12
483,0.0063214417558487,3.962372386314713e-06,0.006325404128235015,-7.941726498095214e-06,-3.979354111780501e-06,12
484,0.006313508157347991,3.958297478345603e-06,0.006317466454826337,-7.93359850070896e-06,-3.975301022363357e-06,12
485,0.006305582695890211,3.954218576470833e-06,0.006309536914466681,-7.925461457780614e-06,-3.9712428813097805e-06,12
486,0.006297665379659478,3.950135691050719e-06,0.006301615515350529,-7.917316230732219e-06,-3.9671805396814996e-06,12
487,0.006289756217146891,3.9460488330438285e-06,0.006293702265979935,-7.909162512587109e-06,-3.9631136795432806e-06,12
488,0.0062818552167368535,3.941958013664302e-06,0.006285797174750518,-7.901000410037717e-06,-3.959042396373415e-06,12
489,0.00627396238679534,3.937863244463813e-06,0.006277900250039803,-7.892829941513746e-06,-3.954966697049933e-06,12
490,0.006266077735665121,3.933764537357808e-06,0.006270011500202479,-7.884651130218856e-06,-3.950886592861048e-06,12
491,0.006258201271738262,3.929661904536595e-06,0.006262130933642799,-7.876463926859145e-06,-3.94680202232255e-06,12
492,0.00625033300330069,3.92555535869435e-06,0.006254258558659384,-7.868268437571935e-06,-3.942713078877584e-06,12
493,0.006242472938602139,3.921444912707225e-06,0.006246394383514846,-7.860064698550495e-06,-3.93861978584327e-06,12
494,0.006234621085893788,3.91733057982762e-06,0.006238538416473615,-7.851852708351537e-06,-3.934522128523917e-06,12
495,0.006226777453030019,3.913212373694114e-06,0.0062306906654037136,-7.843632863768768e-06,-3.930420490074654e-06,12
496,0.00621894204892226,3.909090308125152e-06,0.006222851139230386,-7.835404107758848e-06,-3.926313799633696e-06,12
497,0.006211114881394364,3.9049643973545005e-06,0.006215019845791718,-7.82716752789625e-06,-3.92220313054175e-06,12
498,0.006203295958792432,3.9008346560434e-06,0.006207196793448475,-7.818922601932066e-06,-3.918087945888666e-06,12
499,0.006195485288492231,3.8967010990772225e-06,0.006199381989591308,-7.810670300201217e-06,-3.913969201123994e-06,12
500,0.006187682879099432,3.892563741270369e-06,0.006191575442840702,-7.802409392798637e-06,-3.909845651528268e-06,12
501,0.006179888738575556,3.888422598296297e-06,0.006183777161173853,-7.794140523875726e-06,-3.905717925579428e-06,12
502,0.006172102874861807,3.8842776859221034e-06,0.006175987152547729,-7.785863713749563e-06,-3.90158602782746e-06,12
503,0.006164325295870299,3.880129020228343e-06,0.006168205424890527,-7.777578991507994e-06,-3.897449971279651e-06,12
504,0.006156556009597081,3.875976617598705e-06,0.006160431986214679,-7.769286273218157e-06,-3.893309655619452e-06,12
505,0.0061487950239137446,3.871820494668648e-06,0.006152666844408413,-7.760985683336052e-06,-3.889165188667405e-06,12
506,0.006141042346576864,3.8676606683721154e-06,0.006144910007245236,-7.752677336880787e-06,-3.885016668508671e-06,12
507,0.006133297985488784,3.863497155909402e-06,0.006137161482644693,-7.744361088080076e-06,-3.880863932170674e-06,12
508,0.006125561948392089,3.859329974828793e-06,0.0061294212783669175,-7.736037096695014e-06,-3.876707121866221e-06,12
509,0.006117834243024145,3.855159142910303e-06,0.006121689402167055,-7.727705367943649e-06,-3.872546225033346e-06,12
510,0.006110114877050488,3.850984678246607e-06,0.006113965861728734,-7.71936597365741e-06,-3.868381295410804e-06,12
511,0.006102403858136984,3.846806599170769e-06,0.006106250664736156,-7.711018913503231e-06,-3.864212314332463e-06,12
512,0.0060947011939122,3.8426249239362375e-06,0.006098543818836136,-7.702664224784606e-06,-3.860039300848368e-06,12
513,0.0060870068919761655,3.8384396719312305e-06,0.006090845331648097,-7.694301936034265e-06,-3.855862264103034e-06,12
514,0.0060793209597908016,3.834250862064551e-06,0.0060831552106528665,-7.685932185363953e-06,-3.851681323299402e-06,12
515,0.006071643404861549,3.830058513638731e-06,0.006075473463375188,-7.677554929252928e-06,-3.8474964156141965e-06,12
516,0.006063974234722491,3.825862646353652e-06,0.006067800097368845,-7.669170139057435e-06,-3.843307492703783e-06,12
517,0.006056313456670459,3.821663280064077e-06,0.006060135119950523,-7.660778052032136e-06,-3.839114771968058e-06,12
518,0.006048661078002615,3.8174604348609e-06,0.006052478538437476,-7.652378667843962e-06,-3.834918232983062e-06,12
519,0.006041017106303448,3.813254131228865e-06,0.006044830360434677,-7.643971699167196e-06,-3.830717567938331e-06,12
520,0.006033381548700922,3.809044389913354e-06,0.0060371905930908356,-7.635557602525544e-06,-3.82651321261219e-06,12
521,0.00602575441245079,3.804831231314754e-06,0.006029559243682105,-7.627136250132338e-06,-3.822305018817584e-06,12
522,0.006018135704731198,3.800614676969878e-06,0.006021936319408168,-7.618707719592166e-06,-3.818093042622288e-06,12
523,0.006010525432692537,3.796394748037735e-06,0.006014321827440575,-7.610272038660604e-06,-3.8138772906228687e-06,12
524,0.006002923603423471,3.7921714661218477e-06,0.006006715774889593,-7.601829269066052e-06,-3.809657802944204e-06,12
525,0.0059953302239921236,3.787944852885845e-06,0.0059991181688450095,-7.5933794313476355e-06,-3.8054345784617904e-06,12
526,0.005987745301385461,3.7837149303941715e-06,0.005991529016315855,-7.5849226066626585e-06,-3.801207676268487e-06,12
527,0.005980168842654621,3.779481720895988e-06,0.005983948324375516,-7.57645873084023e-06,-3.796977009944242e-06,12
528,0.005972600854578847,3.7752452468721e-06,0.005976376099825719,-7.567988075773968e-06,-3.7927428289018682e-06,12
529,0.0059650413440700545,3.7710055307800626e-06,0.005968812349600835,-7.559510508792222e-06,-3.7885049780121595e-06,12
530,0.005957490317994751,3.766762595560831e-06,0.005961257080590312,-7.551026075303113e-06,-3.784263479742282e-06,12
531,0.00594994778306146,3.762516464379162e-06,0.005953710299525839,-7.542534933291378e-06,-3.7800184689122163e-06,12
532,0.005942413746031772,3.7582671604229163e-06,0.005946172013192194,-7.534037029688356e-06,-3.77576986926544e-06,12
533,0.005934888213578904,3.754014707188013e-06,0.0059386422282860915,-7.5255324528678e-06,-3.7715177456797873e-06,12
534,0.005927371192294917,3.7497591283480124e-06,0.005931120951423265,-7.517021283987013e-06,-3.7672621556390008e-06,12
535,0.0059198626887854155,3.745500447769164e-06,0.005923608189233185,-7.508503509501274e-06,-3.7630030617321103e-06,12
536,0.005912362709539654,3.7412386895136805e-06,0.005916103948229167,-7.499979245761956e-06,-3.758740556248276e-06,12
537,0.005904871261070643,3.7369738778366856e-06,0.00590860823494848,-7.491448469010287e-06,-3.754474591173601e-06,12
538,0.00589738834976139,3.7327060371753837e-06,0.005901121055798565,-7.482911309253382e-06,-3.750205272077998e-06,12
539,0.005889913982020545,3.7284351921522456e-06,0.005893642417212697,-7.474367740845089e-06,-3.7459325486928436e-06,12
540,0.00588244816412653,3.724161367570681e-06,0.005886172325494101,-7.46581789401457e-06,-3.7416565264438895e-06,12
541,0.00587499090236665,3.719884588414965e-06,0.005878710786955065,-7.457261759880041e-06,-3.7373771714650756e-06,12
542,0.005867542202946718,3.715604879848434e-06,0.0058712578078265664,-7.44869941993187e-06,-3.733094540083436e-06,12
543,0.005860102072037243,3.7113222672041535e-06,0.0058638133943044474,-7.440130909475151e-06,-3.7288086422709976e-06,12
544,0.00585267051564986,3.7070367759480657e-06,0.0058563775524258085,-7.431556387382798e-06,-3.7245196114347326e-06,12
545,0.0058452475400244674,3.702748431768254e-06,0.005848950288456236,-7.422975625392958e-06,-3.720227193624704e-06,12
546,0.005837833151038696,3.698457260585849e-06,0.005841531608299282,-7.414388985771403e-06,-3.715931725185554e-06,12
547,0.005830427354691858,3.6941632883234293e-06,0.005834121517980182,-7.40579634683769e-06,-3.7116330585142604e-06,12
548,0.005823030156819398,3.689866541199393e-06,0.005826720023360597,-7.397197872460737e-06,-3.707331331261344e-06,12
549,0.00581564156335157,3.685567045398776e-06,0.005819327130396969,-7.388593467827498e-06,-3.7030264224287218e-06,12
550,0.005808261579944962,3.6812648275281837e-06,0.00581194284477249,-7.379983406607948e-06,-3.6987185790797647e-06,12
551,0.005800890212402265,3.6769599140876236e-06,0.005804567172316353,-7.3713675426967384e-06,-3.694407628609115e-06,12
552,0.005793527466385728,3.672652331910051e-06,0.005797200118717639,-7.362746016537081e-06,-3.6900936846270297e-06,12
553,0.005786173347495982,3.668342107909184e-06,0.005789841689603891,-7.354118889746353e-06,-3.6857767818371687e-06,12
554,0.005778827861258828,3.6640292692619244e-06,0.00578249189052809,-7.345486237153587e-06,-3.6814569678916624e-06,12
555,0.005771491013267904,3.659713842998777e-06,0.005775150727110903,-7.336847990924156e-06,-3.6771341479253786e-06,12
556,0.005764162808967965,3.6553958561422088e-06,0.005767818204824107,-7.328204299938967e-06,-3.6728084437967586e-06,12
557,0.00575684325367698,3.65107533652694e-06,0.005760494329013507,-7.319555290985491e-06,-3.668479954458551e-06,12
558,0.005749532353090059,3.646752312033027e-06,0.005753179105402092,-7.310900586920965e-06,-3.6641482748879385e-06,12
559,0.005742230111795643,3.6424268101683805e-06,0.005745872538605812,-7.302241294415701e-06,-3.6598144842473206e-06,12
560,0.005734936535375712,3.638098858765399e-06,0.005738574634234477,-7.293576419931114e-06,-3.6554775611657146e-06,12
561,0.005727651628984698,3.6337684858199437e-06,0.0057312853974705175,-7.28490639101409e-06,-3.651137905194146e-06,12
562,0.005720375397697541,3.62943571944358e-06,0.005724004833416985,-7.276231287156598e-06,-3.646795567713018e-06,12
563,0.005713107846570531,3.625100587865178e-06,0.005716732947158396,-7.267551127010385e-06,-3.6424505391452074e-06,12
564,0.005705848980600892,3.620763119491965e-06,0.005709469743720384,-7.2588659696393165e-06,-3.6381028501473515e-06,12
565,0.005698598804706689,3.61642334274096e-06,0.00570221522804943,-7.250175894202293e-06,-3.6337525514613333e-06,13
566,0.005691357323734714,3.6120812861866062e-06,0.0056949694050209,-7.2414809719756335e-06,-3.6293996857890272e-06,15
567,0.005684124542540081,3.6077369786705954e-06,0.005687732279518752,-7.232781194632665e-06,-3.6250442159620693e-06,14
568,0.005676900465823809,3.6033904487859498e-06,0.0056805038562725944,-7.224076716272343e-06,-3.620686267486393e-06,12
569,0.005669685098287913,3.5990417255586867e-06,0.005673284140013472,-7.215367535895467e-06,-3.6163258103367805e-06,12
570,0.00566247844462775,3.594690837962537e-06,0.005666073135465712,-7.206653660163376e-06,-3.6119628222008386e-06,13
571,0.005655280509288985,3.590337815099616e-06,0.005658870847104085,-7.197935338765227e-06,-3.6075975236656108e-06,14
572,0.005648091296826863,3.585982686303223e-06,0.005651677279513166,-7.189212462122008e-06,-3.6032297758187846e-06,13
573,0.005640910811706701,3.5816254808339758e-06,0.0056444924371875345,-7.180485120161784e-06,-3.598859639327808e-06,12
574,0.005633739058294784,3.577266228099935e-06,0.005637316324522884,-7.171753411916448e-06,-3.5944871838165133e-06,13
575,0.0056265760409,3.572904957585895e-06,0.005630148945857586,-7.163017394784532e-06,-3.590112437198637e-06,12
576,0.005619421763838006,3.5685416988364663e-06,0.005622990305536843,-7.154277061993675e-06,-3.5857353631572083e-06,12
577,0.005612276231286906,3.5641764816804396e-06,0.005615840407768586,-7.1455325511005086e-06,-3.581356069420069e-06,13
578,0.00560513944739871,3.5598093357916e-06,0.005608699256734502,-7.136783888195275e-06,-3.576974552403675e-06,15
579,0.005598011416233728,3.5554402910253716e-06,0.0056015668565247536,-7.128031164982396e-06,-3.572590873957024e-06,13
580,0.005590892141801307,3.5510693773127576e-06,0.00559444321117862,-7.119274432421108e-06,-3.56820505510835e-06,12
581,0.005583781628089812,3.546696624679739e-06,0.005587328324714492,-7.110513711494626e-06,-3.563817086814887e-06,13
582,0.005576679878980251,3.5423220631611354e-06,0.005580222201043412,-7.101749109561517e-06,-3.5594270464003817e-06,12
583,0.005569586898300338,3.5379457229912273e-06,0.005573124844023329,-7.092980679912486e-06,-3.555034956921259e-06,12
584,0.005562502689832938,3.533567634380387e-06,0.005566036257467318,-7.0842084674005434e-06,-3.5506408330201566e-06,12
585,0.005555427257283085,3.529187827630914e-06,0.005558956445110716,-7.075432549852323e-06,-3.5462447222214087e-06,13
586,0.005548360604279545,3.5248063331185208e-06,0.005551885410612664,-7.0666530035401465e-06,-3.5418466704216257e-06,12
587,0.0055413027344127785,3.5204231812825477e-06,0.005544823157594061,-7.057869866766708e-06,-3.5374466854841607e-06,13
588,0.005534253651222731,3.5160384026288297e-06,0.00553776968962536,-7.049083190047156e-06,-3.5330447874183265e-06,13
589,0.005527213358094585,3.5116520277392653e-06,0.005530725010122324,-7.04029312814658e-06,-3.5286411004073144e-06,12
590,0.005520181858519768,3.507264087217353e-06,0.005523689122606985,-7.031499574816635e-06,-3.5242354875992823e-06,12
591,0.005513159155779324,3.50287461174795e-06,0.005516662030391072,-7.022702740444586e-06,-3.5198281286966364e-06,12
592,0.005506145253158734,3.498483632079377e-06,0.005509643736790813,-7.0139026205895405e-06,-3.5154189885101634e-06,12
593,0.005499140153854443,3.4940911790126043e-06,0.0055026342450334555,-7.0050993042913845e-06,-3.5110081252787802e-06,13
594,0.0054921438609978335,3.4896972834133608e-06,0.0054956335582812465,-6.9962928566091875e-06,-3.5065955731958268e-06,12
595,0.005485156377653899,3.4853019761083498e-06,0.0054886416796300075,-6.9874833439342865e-06,-3.5021813678259367e-06,12
596,0.00547817770686565,3.480905288086524e-06,0.005481658612153737,-6.978670788249097e-06,-3.497765500162573e-06,12
597,0.0054712078515518625,3.476507250340356e-06,0.005474684358802203,-6.969855313787576e-06,-3.4933480634472203e-06,12
598,0.0054642468146398615,3.4721078938982174e-06,0.005467718922533759,-6.961036912001006e-06,-3.488929018102789e-06,13
599,0.005457294598908979,3.467707249832553e-06,0.005460762306158812,-6.952215730882116e-06,-3.4845084810495633e-06,13
600,0.00545035120713,3.463305349257639e-06,0.005453814512479257,-6.943391778979624e-06,-3.480086429721985e-06,12
601,0.005443416642037069,3.4589022234436273e-06,0.005446875544260513,-6.934565092930889e-06,-3.4756628694872615e-06,12
602,0.005436490906230662,3.454497903281048e-06,0.005439945404133943,-6.925735806406763e-06,-3.4712379031257152e-06,12
603,0.005429574002247306,3.4500924203324005e-06,0.005433024094667638,-6.916903983356093e-06,-3.4668115630236925e-06,13
604,0.005422665932604875,3.445685805539367e-06,0.005426111618410415,-6.908069642430625e-06,-3.4623838368912586e-06,13
605,0.005415766699756408,3.4412780903771367e-06,0.005419207977846785,-6.899232848467385e-06,-3.457954758090248e-06,14
606,0.0054088763060444744,3.436869306144063e-06,0.005412313175350619,-6.890393711933562e-06,-3.4535244057894995e-06,12
607,0.005401994753824413,3.4324594842181505e-06,0.005405427213308631,-6.881552220061593e-06,-3.4490927358434425e-06,12
608,0.0053951220453030135,3.4280486557909992e-06,0.0053985500939588045,-6.872708521399318e-06,-3.4446598656083185e-06,12
609,0.005388258182699501,3.4236368522554825e-06,0.005391681819551757,-6.8638626035122385e-06,-3.440225751256756e-06,12
610,0.005381403168020604,3.4192241055891465e-06,0.0053848223921261935,-6.855014678897042e-06,-3.435790573307896e-06,13
611,0.00537455700369982,3.4148104464026827e-06,0.005377971814146223,-6.846164320783998e-06,-3.4313538743813157e-06,12
612,0.005367719691138695,3.4103959062639835e-06,0.005371130087044959,-6.837312561125408e-06,-3.4269166548614247e-06,13
613,0.00536089123257022,3.4059805171565825e-06,0.005364297213087376,-6.8284585684752486e-06,-3.422478051318666e-06,13
614,0.005354071629818269,3.4015643103285858e-06,0.0053574731941285975,-6.819602751950704e-06,-3.4180384416221183e-06,12
615,0.005347260884661309,3.3971473172076015e-06,0.0053506580319785165,-6.8107451569598965e-06,-3.413597839752295e-06,12
616,0.005340458998847053,3.3927295692942704e-06,0.005343851728416347,-6.8018858142560035e-06,-3.409156244961733e-06,12
617,0.005333665974029511,3.388311098102029e-06,0.005337054285127613,-6.793024817541848e-06,-3.4047137194398194e-06,12
618,0.005326881811810291,3.3838919351435755e-06,0.005330265703745435,-6.784162219219958e-06,-3.4002702840763825e-06,12
619,0.005320106513724943,3.3794721119338214e-06,0.005323485985836877,-6.775298085348602e-06,-3.395825973414781e-06,13
620,0.0053133400812376275,3.3750516600034403e-06,0.005316715132897631,-6.766432487315122e-06,-3.3913808273116813e-06,12
621,0.005306582515738345,3.3706306108762626e-06,0.005309953146349221,-6.757565499282414e-06,-3.3869348884061515e-06,12
622,0.005299833818579236,3.3662089960782295e-06,0.0053032000275753145,-6.748697159109085e-06,-3.3824881630308555e-06,13
623,0.005293093991052156,3.36178684713979e-06,0.005296455777899296,-6.739827527080244e-06,-3.3780406799404543e-06,12
624,0.005286363034330499,3.357364195575809e-06,0.0052897203985260745,-6.730956721656689e-06,-3.37359252608088e-06,12
625,0.005279640949581443,3.3529410729058404e-06,0.0052829938906543495,-6.722084749055668e-06,-3.3691436761498275e-06,13
626,0.005272927737881905,3.34851751064518e-06,0.00527627625539255,-6.713211699538313e-06,-3.364694188893133e-06,13
627,0.005266223400240522,3.344093540293035e-06,0.005269567493780815,-6.70433764138334e-06,-3.360244101090305e-06,13
628,0.0052595279376188575,3.339669193346482e-06,0.005262867606812204,-6.6954626216642055e-06,-3.3557934283177233e-06,14
629,0.005252841350900095,3.3352445012879753e-06,0.005256176595401383,-6.686586718762655e-06,-3.3513422174746795e-06,14
630,0.0052461636410088275,3.330819495632481e-06,0.00524949446050446,-6.677709891267369e-06,-3.3468903956348885e-06,13
631,0.005239494808486844,3.3263942078408774e-06,0.005242821202694685,-6.668832521983248e-06,-3.3424383141423704e-06,13
632,0.0052328348541222924,3.3219686692237407e-06,0.005236156822791516,-6.659954364551801e-06,-3.3379856953280605e-06,12
633,0.005226183778560989,3.317542911283283e-06,0.0052295013214722725,-6.651075561303621e-06,-3.333532650020338e-06,12
634,0.00521954158235749,3.3131169654719067e-06,0.005222854699322961,-6.64219620349904e-06,-3.3290792380271333e-06,12
635,0.005212908266065797,3.3086908631068597e-06,0.005216216956928903,-6.63331629169317e-06,-3.32462542858631e-06,12
636,0.005206283830041181,3.3042646356409244e-06,0.005209588094676821,-6.624436024615932e-06,-3.3201713889750073e-06,12
637,0.005199668274785796,3.299838314231733e-06,0.005202968113100027,-6.61555525538482e-06,-3.3157169411530866e-06,12
638,0.005193061600370696,3.2954119304206007e-06,0.005196357012301117,-6.606674415099434e-06,-3.311262484678833e-06,12
639,0.005186463807176356,3.2909855153800747e-06,0.005189754792691736,-6.597793194340618e-06,-3.306807678960543e-06,12
640,0.005179874895372527,3.286559100400723e-06,0.0051831614544729275,-6.588911803828701e-06,-3.3023527034279778e-06,12
641,0.0051732948650748956,3.2821327167135723e-06,0.005176576997791609,-6.580030297631545e-06,-3.2978975809179727e-06,12
642,0.005166723716325317,3.2777063955270226e-06,0.005170001422720843,-6.571148749578981e-06,-3.2934423540519585e-06,12
643,0.005160161449121792,3.2732801680168468e-06,0.005163434729289809,-6.562267203524819e-06,-3.288987035507972e-06,12
644,0.005153608063323878,3.2688540651657896e-06,0.0051568769173890435,-6.553385797913869e-06,-3.284531732748079e-06,12
645,0.005147063558895604,3.2644281181581023e-06,0.005150327987013762,-6.544504428274145e-06,-3.2800763101160426e-06,12
646,0.005140527935582284,3.2600023584035515e-06,0.005143787937940687,-6.535623313319583e-06,-3.2756209549160314e-06,12
647,0.005134001192988347,3.255576816693483e-06,0.00513725676980504,-6.5267425939374846e-06,-3.2711657772440018e-06,12
648,0.005127483331338056,3.251151523983807e-06,0.00513073448286204,-6.517861650290335e-06,-3.266710126306528e-06,12
649,0.005120974349285046,3.2467265112568474e-06,0.005124221075796302,-6.508982053010648e-06,-3.2622555417538005e-06,12
650,0.005114474247098877,3.242301809713052e-06,0.00511771654890859,-6.50010218616881e-06,-3.257800376455758e-06,13
651,0.005107983024038809,3.2378774496549595e-06,0.005111220901488464,-6.4912230600677745e-06,-3.253345610412815e-06,12
652,0.005101500679536963,3.233453462188885e-06,0.005104734132999152,-6.482344501845816e-06,-3.248891039656931e-06,12
653,0.005095027212924319,3.2290298781066966e-06,0.0050982562428024255,-6.473466612644252e-06,-3.2444367345375553e-06,13
654,0.005088562623178694,3.2246067282426125e-06,0.005091787229906937,-6.464589745625027e-06,-3.2399830173824142e-06,13
655,0.005082106910168194,3.220184043129536e-06,0.005085327094211323,-6.455713010500297e-06,-3.235528967370761e-06,13
656,0.005075660072700217,3.2157618534454718e-06,0.005078875834553662,-6.44683746797714e-06,-3.2310756145316683e-06,14
657,0.005069222109921334,3.211340189867133e-06,0.005072433450111201,-6.437962778882422e-06,-3.226622589015289e-06,13
658,0.0050627930208213545,3.2069190827906554e-06,0.005065999939904145,-6.429089099979635e-06,-3.222170017188979e-06,12
659,0.005056372804435716,3.2024985628709014e-06,0.0050595753029985865,-6.420216385638611e-06,-3.2177178227677093e-06,12
660,0.005049961459624774,3.1980786604124568e-06,0.005053159538285187,-6.411344810941522e-06,-3.213266150529065e-06,13
661,0.005043558985237673,3.193659405892985e-06,0.005046752644643566,-6.40247438710162e-06,-3.208814981208635e-06,12
662,0.005037165380042508,3.1892408296331847e-06,0.0050403546208721405,-6.393605195165186e-06,-3.2043643655320015e-06,12
663,0.0050307806428329105,3.1848229618349044e-06,0.005033965465794745,-6.384737209597091e-06,-3.1999142477621867e-06,12
664,0.0050244047722399765,3.18040583279808e-06,0.005027585178072775,-6.375870592933985e-06,-3.1954647601359054e-06,13
665,0.005018037766833516,3.175989472593869e-06,0.00502121375630611,-6.36700540646018e-06,-3.191015933866311e-06,13
666,0.00501167962519411,3.1715739113425e-06,0.0050148511991054525,-6.3581416394065116e-06,-3.1865677280640115e-06,12
667,0.0050053303458261755,3.1671591790338747e-06,0.005008497505005209,-6.34927936793428e-06,-3.182120188900405e-06,12
668,0.004998989927085584,3.1627453056118955e-06,0.005002152672391196,-6.340418740591325e-06,-3.1776734349794293e-06,13
669,0.0049926583670723,3.1583323211439165e-06,0.004995816699393444,-6.331560013284054e-06,-3.173227692140138e-06,13
670,0.0049863356638406575,3.153920255384086e-06,0.004989489584096041,-6.322703231642635e-06,-3.1687829762585485e-06,13
671,0.004980021816893387,3.149509138078166e-06,0.0049831713260314655,-6.3138469472701075e-06,-3.1643378091919417e-06,13
672,0.004973716823375884,3.1450989990647362e-06,0.004976861922374949,-6.304993517503021e-06,-3.159894518438285e-06,13
673,0.004967420681931789,3.140689867914284e-06,0.004970561371799703,-6.2961414440954044e-06,-3.1554515761811204e-06,13
674,0.004961133390340988,3.136281774045211e-06,0.004964269672115033,-6.28729159080077e-06,-3.151009816755559e-06,12
675,0.004954854946576215,3.131874747065073e-06,0.0049579868213232795,-6.278443764773378e-06,-3.1465690177083053e-06,12
676,0.004948585348572565,3.127468816421359e-06,0.004951712817388987,-6.26959800364979e-06,-3.142129187228431e-06,12
677,0.004942324594230163,3.1230640114392173e-06,0.004945447658241602,-6.260754342402031e-06,-3.1376903309628134e-06,12
678,0.004936072681333781,3.1186603614210385e-06,0.0049391913416952015,-6.251912896382272e-06,-3.133252534961234e-06,12
679,0.004929829607641878,3.1142578955884984e-06,0.004932943865537467,-6.243073691902801e-06,-3.1288157963143023e-06,12
680,0.004923595370820655,3.109856643077391e-06,0.004926705227463732,-6.234236821223149e-06,-3.1243801781457583e-06,12
681,0.004917369968109875,3.1054566329602575e-06,0.004920475424742835,-6.225402710779981e-06,-3.119946077819724e-06,13
682,0.004911153397926027,3.101057894379097e-06,0.004914254455820406,-6.216570183847914e-06,-3.1155122894688167e-06,13
683,0.004904945657339788,3.0966604558545446e-06,0.004908042317795642,-6.2077405862392965e-06,-3.111080130384752e-06,12
684,0.0048987467437952015,3.092264346431589e-06,0.004901839008141633,-6.1989135445861265e-06,-3.1066491981545373e-06,13
685,0.004892556654700675,3.0878695948545086e-06,0.004895644524295529,-6.190089094526563e-06,-3.1022194996720544e-06,13
686,0.004886375387368247,3.0834762297943838e-06,0.004889458863598041,-6.181267332427964e-06,-3.0977911026335806e-06,12
687,0.0048802029390844215,3.0790842798353855e-06,0.004883282023364257,-6.17244828382546e-06,-3.0933640039900747e-06,12
688,0.00487403930708552,3.0746937734801852e-06,0.0048771140008590005,-6.163631998901131e-06,-3.088938225420946e-06,12
689,0.0048678844879911365,3.070304739298208e-06,0.0048709547927304345,-6.154819094383868e-06,-3.0845143550856595e-06,12
690,0.00486173848023308,3.065917205669152e-06,0.004864804397438749,-6.146007758056626e-06,-3.0800905523874744e-06,12
691,0.004855601279705413,3.061531200442764e-06,0.004858662810905855,-6.137200527667197e-06,-3.075669327224433e-06,13
692,0.004849472883733941,3.0571467519145082e-06,0.004852530030485855,-6.128395971471967e-06,-3.071249219557459e-06,12
693,0.004843353289261776,3.0527638881673522e-06,0.004846406053149943,-6.119594472164813e-06,-3.066830583997461e-06,12
694,0.004837242493124894,3.0483826373812545e-06,0.004840290875762275,-6.110796136882257e-06,-3.0624134995010027e-06,13
695,0.004831140492086994,3.044003027312257e-06,0.004834184495114306,-6.102001037899818e-06,-3.057998010587561e-06,12
696,0.004825047283029682,3.039625085819432e-06,0.004828086908115502,-6.09320905731181e-06,-3.0535839714923784e-06,12
697,0.004818962862566445,3.035248840635957e-06,0.004821998111407081,-6.084420463237095e-06,-3.0491716226011377e-06,15
698,0.004812887227359619,3.030874319417143e-06,0.0048159181016790365,-6.075635206825858e-06,-3.0447608874087147e-06,13
699,0.004806820374015919,3.0265015497088215e-06,0.004809846875565627,-6.066853343700274e-06,-3.040351793991452e-06,13
700,0.004800762298996286,3.022130558947724e-06,0.004803784429555234,-6.058075019632625e-06,-3.035944460684901e-06,12
701,0.004794712998828055,3.0177613745237272e-06,0.004797730760202578,-6.049300168231575e-06,-3.0315387937078478e-06,13
702,0.004788672469947852,3.0133940236675914e-06,0.00479168586397152,-6.040528880202345e-06,-3.0271348565347535e-06,13
703,0.004782640708676289,3.009028533601163e-06,0.00478564973720989,-6.031761271563241e-06,-3.0227327379620777e-06,13
704,0.004776617711346742,3.0046649313779916e-06,0.0047796223762781205,-6.022997329546698e-06,-3.018332398168706e-06,13
705,0.00477060347416447,3.0003032439593443e-06,0.004773603777408429,-6.014237182272453e-06,-3.0139339383131084e-06,13
706,0.0047645979933553795,2.9959434982535746e-06,0.004767593936853633,-6.005480809090358e-06,-3.009537310836783e-06,12
707,0.0047586012650726595,2.9915857210616336e-06,0.004761592850793721,-5.996728282720021e-06,-3.0051425616583872e-06,12
708,0.004752613285366247,2.9872299390718634e-06,0.004755600515305319,-5.987979706412183e-06,-3.0007497673403198e-06,12
709,0.0047466340502763105,2.9828761788823424e-06,0.004749616926455193,-5.979235089936807e-06,-2.996358911054465e-06,13
710,0.0047406635557631915,2.9785244669811424e-06,0.0047436420802301725,-5.970494513118929e-06,-2.9919700461377867e-06,13
711,0.004734701797793006,2.974174829808881e-06,0.004737675972622815,-5.9617579701853884e-06,-2.9875831403765072e-06,12
712,0.004728748772219293,2.9698272936189987e-06,0.004731718599512913,-5.9530255737128e-06,-2.9831982800938015e-06,12
713,0.004722804475096987,2.9654818846709117e-06,0.0047257699569816574,-5.944297122306708e-06,-2.978815237635796e-06,12
714,0.0047168689018088905,2.9611386290587025e-06,0.004719830040437949,-5.93557328809613e-06,-2.9744346590374273e-06,12
715,0.0047109420480617725,2.9567975523915975e-06,0.004713898845614164,-5.926853747117988e-06,-2.9700561947263908e-06,12
716,0.004705023909616468,2.952458681180284e-06,0.0047079763682976485,-5.918138445304422e-06,-2.965679764124138e-06,13
717,0.004699114482115907,2.9481220409139266e-06,0.004702062604156821,-5.909427500561115e-06,-2.9613054596471886e-06,12
718,0.0046932137611014335,2.943787657307811e-06,0.004696157548758741,-5.900721014473476e-06,-2.9569333571656646e-06,12
719,0.00468732174202624,2.9394555559301546e-06,0.0046902611975821705,-5.892019075193211e-06,-2.9525635192630565e-06,13
720,0.004681438420399697,2.935125762267781e-06,0.004684373546161965,-5.883321626543037e-06,-2.9481958642752555e-06,13
721,0.00467556379155476,2.930798301673217e-06,0.004678494589856433,-5.874628844937391e-06,-2.9438305432641735e-06,13
722,0.004669697850866572,2.926473199465228e-06,0.004672624324066037,-5.8659406881877985e-06,-2.9394674887225706e-06,12
723,0.0046638405936187954,2.922150480742578e-06,0.004666762744099538,-5.857257247776637e-06,-2.9351067670340594e-06,12
724,0.004657992015023482,2.9178301705872177e-06,0.00466090984519407,-5.848578595313292e-06,-2.930748424726074e-06,13
725,0.004652152110299901,2.9135122939470757e-06,0.004655065622593848,-5.839904723581313e-06,-2.926392429634237e-06,12
726,0.004646320874542309,2.9091968756462055e-06,0.004649230071417956,-5.831235757591813e-06,-2.9220388819456073e-06,13
727,0.0046404983028909275,2.904883940463336e-06,0.004643403186831391,-5.822571651381558e-06,-2.9176877109182224e-06,12
728,0.004634684390315336,2.9005735130487948e-06,0.0046375849638283844,-5.813912575591829e-06,-2.913339062543034e-06,12
729,0.00462887913183696,2.8962656177650103e-06,0.004631775397454726,-5.805258478375208e-06,-2.908992860610198e-06,13
730,0.004623082522509869,2.8919602790906325e-06,0.0046259744827889596,-5.79660932709114e-06,-2.9046490480005075e-06,12
731,0.0046172945569741275,2.8876575214009395e-06,0.0046201822144955286,-5.78796553574179e-06,-2.9003080143408508e-06,13
732,0.004611515230106389,2.8833573686863793e-06,0.004614398587475075,-5.779326867738632e-06,-2.895969499052253e-06,13
733,0.00460574453683138,2.8790598451558897e-06,0.0046086235966765355,-5.770693275009009e-06,-2.8916334298531193e-06,13
734,0.004599982471786279,2.874764974759978e-06,0.004602857236761039,-5.762065045100684e-06,-2.8873000703407058e-06,13
735,0.00459422902970219,2.8704727813033506e-06,0.0045970995024834935,-5.753442084088789e-06,-2.8829693027854384e-06,13
736,0.004588484205211296,2.8661832885778257e-06,0.004591350388499874,-5.744824490894196e-06,-2.8786412023163702e-06,12
737,0.00458274799287417,2.8618965201835586e-06,0.004585609889394353,-5.73621233712629e-06,-2.874315816942731e-06,12
738,0.004577020387218966,2.8576124997041534e-06,0.00457987799971867,-5.7276056552035826e-06,-2.869993155499429e-06,13
739,0.004571301382800819,2.8533312505315487e-06,0.004574154714051351,-5.719004418147655e-06,-2.8656731676161065e-06,13
740,0.004565590974020317,2.849052795739649e-06,0.004568440026816056,-5.7104087805015524e-06,-2.8613559847619034e-06,12
741,0.0045598891553065846,2.8447771586521923e-06,0.004562733932465236,-5.701818713732543e-06,-2.8570415550803504e-06,13
742,0.0045541959209718375,2.8405043622710307e-06,0.004557036425334109,-5.69323433474711e-06,-2.8527299724760796e-06,12
743,0.004548511265327515,2.8362344295775133e-06,0.004551347499757092,-5.684655644322412e-06,-2.8484212147448983e-06,12
744,0.004542835182628324,2.8319673833904717e-06,0.004545667150011715,-5.676082699190843e-06,-2.8441153158003714e-06,13
745,0.004537167667098885,2.8277032464185886e-06,0.004539995370345304,-5.667515529439449e-06,-2.83981228302086e-06,13
746,0.0045315087128738885,2.823442041293321e-06,0.004534332154915182,-5.658954224996293e-06,-2.835512183702972e-06,12
747,0.004525858314142428,2.8191837904244998e-06,0.004528677497932852,-5.650398731460449e-06,-2.831214941035949e-06,12
748,0.004520216464838578,2.8149285161460916e-06,0.004523031393354724,-5.641849303850144e-06,-2.826920787704052e-06,12
749,0.004514583159075158,2.8106762410790304e-06,0.004517393835316238,-5.633305763419472e-06,-2.822629522340441e-06,13
750,0.00450895839120391,2.8064269864161814e-06,0.004511764818190326,-5.624767871248437e-06,-2.818340884832256e-06,13
751,0.004503342154502432,2.802180775417706e-06,0.00450614433527785,-5.616236701477817e-06,-2.814055926060111e-06,12
752,0.004497734443157819,2.7979376287621743e-06,0.004500532380786582,-5.607711344612909e-06,-2.8097737158507347e-06,12
753,0.004492135250905971,2.7936975691688213e-06,0.00449492894847514,-5.5991922518483506e-06,-2.8054946826795293e-06,12
754,0.004486544571631668,2.7894606178964335e-06,0.004489334032249564,-5.590679274303234e-06,-2.8012186564068006e-06,13
755,0.004480962399087018,2.7852267964670635e-06,0.004483747625883485,-5.582172544649211e-06,-2.7969457481821474e-06,13
756,0.0044753887272349635,2.7809961264090384e-06,0.004478169723361372,-5.573671852054929e-06,-2.7926757256458905e-06,15
757,0.004469823548989615,2.7767686288810146e-06,0.004472600317618497,-5.565178245348079e-06,-2.7884096164670646e-06,14
758,0.00446426685874346,2.7725443250399176e-06,0.0044670394030684995,-5.556690246155682e-06,-2.7841459211157646e-06,14
759,0.004458718649823723,2.768323236158308e-06,0.0044614869730598816,-5.54820891973673e-06,-2.779885683578422e-06,13
760,0.004453178915783118,2.764105383066988e-06,0.004455943021166185,-5.539734040604927e-06,-2.7756286575379386e-06,13
761,0.004447647650090758,2.7598907867121496e-06,0.00445040754087747,-5.531265692360066e-06,-2.771374905647916e-06,13
762,0.004442124846196993,2.7556794675177166e-06,0.004444880525664511,-5.522803893764916e-06,-2.7671244262471994e-06,13
763,0.004436610497520421,2.751471446393975e-06,0.004439361968966815,-5.514348676571856e-06,-2.762877230177881e-06,15
764,0.004431104597447555,2.7472667434554366e-06,0.00443385186419101,-5.505900072866332e-06,-2.7586333294108955e-06,14
765,0.004425607139577292,2.743065379303721e-06,0.004428350204956596,-5.497457870262679e-06,-2.7543924909589577e-06,16
766,0.004420118116616467,2.7388673739806823e-06,0.0044228569839904475,-5.489022960825096e-06,-2.750155586844414e-06,13
767,0.0044146375220633916,2.7346727479038873e-06,0.004417372194811296,-5.480594553075591e-06,-2.7459218051717034e-06,12
768,0.004409165349245958,2.730481520748308e-06,0.004411895830766706,-5.472172817433396e-06,-2.741691296685088e-06,12
769,0.004403701591193965,2.72629371259641e-06,0.004406427884906561,-5.463758051993395e-06,-2.737464339396985e-06,12
770,0.004398246241064108,2.722109343047755e-06,0.0044009683504071554,-5.455350129857095e-06,-2.73324078680934e-06,12
771,0.004392799291954463,2.7179284317508026e-06,0.004395517220386214,-5.446949109644272e-06,-2.72902067789347e-06,13
772,0.004387360736925583,2.713750998246792e-06,0.00439007448792383,-5.438555028880465e-06,-2.724804030633673e-06,12
773,0.004381930568932324,2.7095770618404693e-06,0.004384640145994164,-5.430167993258905e-06,-2.720590931418436e-06,12
774,0.004376508780952637,2.7054066418086465e-06,0.004379214187594445,-5.421787979686954e-06,-2.7163813378783074e-06,13
775,0.004371095365885647,2.7012397573070056e-06,0.004373796605642953,-5.413415066990446e-06,-2.71217530968344e-06,12
776,0.004365690316667004,2.6970764273227866e-06,0.004368387393094327,-5.405049218643043e-06,-2.7079727913202566e-06,13
777,0.004360293626134992,2.6929166707584153e-06,0.004362986542805751,-5.396690532011306e-06,-2.7037738612528904e-06,12
778,0.0043549052870653915,2.6887605063808566e-06,0.004357594047571772,-5.388339069600789e-06,-2.6995785632199328e-06,12
779,0.004349525292250744,2.6846079528452666e-06,0.00435220990020359,-5.379994814647127e-06,-2.69538686180186e-06,13
780,0.00434415363441043,2.6804590286637846e-06,0.004346834093439094,-5.371657840314015e-06,-2.69119881165023e-06,12
781,0.004338790306243179,2.676313752287493e-06,0.004341466619995466,-5.363328167251602e-06,-2.687014414964109e-06,12
782,0.0043334353003662285,2.6721721419358393e-06,0.004336107472508164,-5.3550058769502584e-06,-2.682833735014419e-06,12
783,0.0043280886094515525,2.6680342157638207e-06,0.004330756643667316,-5.346690914675989e-06,-2.678656698912168e-06,12
784,0.004322750226082195,2.663899991848986e-06,0.004325414126074044,-5.338383369357658e-06,-2.674483377508672e-06,13
785,0.004317420142991191,2.6597694881578334e-06,0.004320079912479348,-5.330083091004134e-06,-2.6703136028463008e-06,12
786,0.004312098352168947,2.655642722191144e-06,0.004314753994891138,-5.3217908222435995e-06,-2.6661481000524552e-06,12
787,0.00430678484635616,2.6515197119554946e-06,0.004309436366068115,-5.313505812787334e-06,-2.661986100831839e-06,12
788,0.004301479618272985,2.647400474568378e-06,0.0043041270187475535,-5.3052280831744625e-06,-2.6578276086060847e-06,12
789,0.004296182659894288,2.6432850281364596e-06,0.004298825944922424,-5.296958378697703e-06,-2.653673350561243e-06,13
790,0.004290893963755593,2.639173389581916e-06,0.004293533137145175,-5.2886961386944265e-06,-2.6495227491125106e-06,13
791,0.0042856135219292435,2.6350655762680894e-06,0.004288248587505512,-5.28044182634968e-06,-2.6453762500815906e-06,12
792,0.00428034132720112,2.630961605112409e-06,0.004282972288806233,-5.272194728123125e-06,-2.641233123010716e-06,12
793,0.004275077371596492,2.626861492792903e-06,0.004277704233089285,-5.263955604628556e-06,-2.637094111835653e-06,12
794,0.004269821647324146,2.622765256431875e-06,0.004272444412580578,-5.255724272346107e-06,-2.6329590159142324e-06,12
795,0.004264574146638722,2.6186729126885662e-06,0.004267192819551411,-5.247500685423567e-06,-2.628827772735001e-06,12
796,0.004259334861497099,2.6145844779983552e-06,0.004261949445975098,-5.2392851416227515e-06,-2.6247006636243963e-06,13
797,0.004254103784239627,2.610499969115507e-06,0.0042567142842087425,-5.231077257472627e-06,-2.6205772883571202e-06,12
798,0.004248880906873698,2.6064194019764898e-06,0.004251487326275674,-5.2228773659290795e-06,-2.6164579639525897e-06,12
799,0.004243666221430575,2.6023427929921524e-06,0.004246268564223567,-5.214685443122313e-06,-2.612342650130161e-06,12
800,0.004238459719508092,2.598270158293992e-06,0.004241057989666386,-5.2065019224833975e-06,-2.6082317641894054e-06,12
801,0.0042332613939779495,2.594201513773411e-06,0.004235855595491723,-5.198325530142434e-06,-2.6041240163690227e-06,12
802,0.004228071236370701,2.590136875223415e-06,0.004230661373245924,-5.190157607248835e-06,-2.6000207320254202e-06,12
803,0.00422288923862435,2.586076258379729e-06,0.0042254753148827295,-5.181997746350753e-06,-2.595921487971024e-06,12
804,0.004217715392569765,2.5820196788685946e-06,0.004220297412248634,-5.173846054584708e-06,-2.591826375716113e-06,12
805,0.004212549690120415,2.5779671521673754e-06,0.004215127657272583,-5.165702449350107e-06,-2.5877352971827315e-06,12
806,0.004207392123019793,2.573918693630229e-06,0.004209966041713423,-5.157567100622096e-06,-2.583648406991867e-06,13
807,0.00420224268317837,2.569874318487409e-06,0.004204812557496857,-5.149439841423131e-06,-2.5795655229357223e-06,12
808,0.004197101362313993,2.5658340418455805e-06,0.0041996671963558385,-5.141320864376908e-06,-2.5754868225313277e-06,12
809,0.00419196815216194,2.5617978787032685e-06,0.004194529950040643,-5.133210152052925e-06,-2.5714122733496565e-06,12
810,0.004186843044421629,2.5577658439235486e-06,0.004189400810265552,-5.125107740311385e-06,-2.567341896387837e-06,12
811,0.004181726030852317,2.553737952270857e-06,0.0041842797688045885,-5.117013569311268e-06,-2.5632756170404116e-06,12
812,0.004176617103099023,2.5497142184020108e-06,0.004179166817317425,-5.108927753294523e-06,-2.5592135348925124e-06,12
813,0.004171516252533536,2.5456946567743424e-06,0.00417406194719031,-5.100850565487036e-06,-2.5551559087126938e-06,12
