Values,Values_03_25_08,Values_03_35_10,Values_03_47_48,Values_04_00_43,Values_04_12_48,Values_04_25_44
-1.3877787807814457e-17,-1.3877787807814457e-17,-1.3877787807814457e-17,-1.3877787807814457e-17,-1.3877787807814457e-17,-1.3877787807814457e-17,-1.3877787807814457e-17
0.0024848874885896,0.0057578477918957,0.0020219256840527,0.0003807241658988,0.0005862484353971,0.0017706017151036,0.00317039370126295
0.0068166910393958,0.0134093257352407,0.0059588492759101,0.0026847135855898,0.0030880571998464,0.0054409182565046,0.008220576218609185
0.0134233117024992,0.0233892135063294,0.0122411281757999,0.0073405413311506,0.0079341633135716,0.0114408045659639,0.01558167591029466
0.0225596603185066,0.0359611227909373,0.0211270683911576,0.0146043512176835,0.0153808664927225,0.0200278485928836,0.025512735525114346
0.0345385572369162,0.0514478457741656,0.0329337302029345,0.0247908214539398,0.0257429419926519,0.0315181314266422,0.038331298790177555
0.0497093171212688,0.0702102014105731,0.0480156508616326,0.0382518135512666,0.039372259034614,0.0462648358276279,0.05439200642189574
0.0684329585455457,0.0926224423918683,0.0667401856556621,0.0553516565329637,0.0566330241845059,0.0646334557986387,0.07406176561008247
0.091055230147192,0.1190453966689981,0.089460645685519,0.0764402452242329,0.0778748268011585,0.0869747812365982,0.09769266350950735
0.1178787592616147,0.1497986346781732,0.1164885245644332,0.1018252443099809,0.1034047768279775,0.1135969459858322,0.12559391068829887
0.1491356844787203,0.1851330127191228,0.148066162063238,0.13174474341548,0.1334600786686483,0.1447378818317079,0.15800415571713042
0.1849621278018669,0.2252049412332693,0.1843411875438288,0.1663417032481457,0.1681823804633246,0.1805395179532222,0.19506551047732257
0.2253757951681693,0.2700536640995413,0.2253440200663593,0.2056414655095914,0.207595171730651,0.2210250004332218,0.23680056233368238
0.2702578687606819,0.3195827139410465,0.2709695784117853,0.2495334756661321,0.2515853790597854,0.2660800849934951,0.28309353068334775
0.3193401762001225,0.3735465344837195,0.3209641785905142,0.2977581926353433,0.2998901374201281,0.3154396868102055,0.333676557715339
0.3721983980514958,0.4315430419341653,0.3749183764432022,0.3498999411128542,0.3520894982531901,0.3686803575425387,0.38812191391713086
0.4282518158476974,0.4930126427209942,0.4322662590419604,0.4053862106881359,0.4076055867417201,0.4252192143361878,0.4458406566608068
0.4867698193262768,0.5572439465640985,0.4922914120667145,0.4634936327911236,0.4657084515323471,0.4843195805839451,0.5060880198529849
0.5468850961941571,0.6233861238638841,0.5541395033649907,0.5233605831245163,0.525528569861001,0.5451033212007399,0.5679755395855529
0.6076131334199386,0.6904675676720635,0.6168371380639085,0.5840060760703815,0.5860756928168723,0.6065695797798633,0.6304896490921683
0.6678773787238756,0.7574202455826642,0.679316369782931,0.6443543497439294,0.646263449545066,0.667619360834266,0.6925162140038914
0.7265391569217466,0.8231088773919264,0.7404440064254559,0.7032642951186928,0.7049388833051015,0.7270851534111686,0.7528702318495555
0.7824312192812308,0.8863638606883281,0.7990546376058897,0.7595626703805343,0.7609158772290529,0.7837645737846533,0.81032969780412
0.8343936346475311,0.9460166972319076,0.8539861415427075,0.8120798679380886,0.8130112475668361,0.8364568176881441,0.8636724441996457
0.8813106163278224,1.0009365547075026,0.904116308597638,0.8596868736205022,0.8600821450123161,0.8840005651838688,0.9117146029526806
0.9221468237587174,1.0500665358212256,0.9483991512466474,0.9013319797534104,0.9010633146688568,0.925311877541254,0.9533492217838396
0.9559816853862744,1.0924582222603274,0.9858994595573491,0.9360757913735124,0.9350027293287896,0.959420574650147,0.9875834971729348
0.982040358819976,1.1273031153012214,1.015824208630456,0.9631231001648564,0.9610941327336754,0.9855035886027208,1.0135730769123494
0.99972007332902,1.1539597063612776,1.037549530866959,0.9818502971968684,0.9787051147944468,1.0029138615216842,1.0306519416273308
1.0086107826909043,1.1719750760741303,1.0506421290288792,0.9918271530258432,0.9873994920325592,1.0112034989707666,1.038356506926252
1.009924052160469,1.182514900591917,1.0562889888509603,0.9942467766333032,0.9883677486857472,1.0115548703369583,1.0378575630030804
1.0103591862674983,1.1922376180113343,1.061168266372459,0.9957946937893783,0.9882954861975244,1.0106490170712643,1.0358286574475966
1.010789409275725,1.202007616074884,1.066151486880691,0.9973432829640472,0.9880535699047308,1.0093529998774209,1.033129944020876
1.0112145278952451,1.2118205573889238,1.0712410470334346,0.998895880640712,0.9876443822899528,1.0076662110306154,1.0297547497042048
1.011634343503481,1.2216726575306351,1.0764413405978113,1.0004590001770273,0.9870744909913814,1.0055932026408234,1.0257026336671589
1.012048651939296,1.23156070700745,1.081758821630645,1.0020424313924163,0.9863547766848136,1.0031438452153896,1.0209795947359264
1.012457243294251,1.2414820887759137,1.087202056279548,1.003659325620745,0.985500543979544,1.0003334668148194,1.0155982569911268
1.0128599017030189,1.2514347908761116,1.0927817619409232,1.0053262646605206,0.9845316137275232,0.9971829711888712,1.0095780316794065
1.0132564051351176,1.2614174137406875,1.0985108324637909,1.0070633119320576,0.983472394836494,0.9937189328561472,1.0029452532121337
1.0136465251901046,1.271429171742384,1.1044043480747874,1.0088940441994358,0.9823519338910044,0.989973667430825,0.995733287404142
1.0140300268984916,1.2814698885527775,1.1104795686467663,1.0108455620512362,0.9812039405805182,0.9859852751178272,0.9879826097380996
1.0144066685306188,1.2915399859027883,1.1167559089332586,1.0129484773411552,0.9800667870294304,0.981797655468652,0.9797408516346785
1.014776201415803,1.3016404653552869,1.1232548943756886,1.0152368757191703,0.9789834789786912,0.9774604913039248,0.971062812549272
1.015138369774046,1.3117728827299644,1.1300000961015173,1.0177482523543888,0.9780015967541874,0.9730291997236984,0.9620104357486754
1.0154929105626451,1.321939314857393,1.1370170437410774,1.0205234189078307,0.977173203834675,0.9685648479728608,0.9526527454803645
1.015839553339991,1.3321423183825964,1.1443331147413978,1.023606379808464,0.9765547208613956,0.964134031977101,0.9430657433261816
1.0161780201488808,1.3423848803929208,1.1519773989038131,1.027044175875614,0.9762067628169716,0.9598087151896084,0.9333322613519358
1.0165080254215924,1.3526703607075212,1.1599805369602767,1.030886693348974,0.9761939371014188,0.9556660254008348,0.923541769690494
1.0168292759089912,1.363002425738857,1.1683745321080277,1.0351864364223229,0.9765846001984366,0.9517880070666264,0.9137901360923922
1.0171414706358397,1.3733849739195327,1.1771925335681577,1.039998261465706,0.9774505706364472,0.9482613266796568,0.9041793349373909
1.0174443008844765,1.3838220527822034,1.1864685914010302,1.0453790711819353,0.9788667959506424,0.9451769286476458,0.8948171031077181
1.0177374502089267,1.394317767883933,1.196237382029394,1.0513874671219818,0.9809109714076096,0.9426296391203652,0.8858165400665304
1.018020594481472,1.4048761838822634,1.2065339041672003,1.0580833591379226,0.9836631083403712,0.9407177152010994,0.8772956494117465
1.0182934019735816,1.4155012181939046,1.2173931451586115,1.0655275306053298,0.987205050065426,0.93954233699906,0.8693768191280328
1.0185555334730705,1.4261965278019662,1.228849718069417,1.0737811585271575,0.9916199335245026,0.939207040007488,0.8621862376734901
1.018806642439184,1.436965389919641,1.2409374702785978,1.0829052880024357,0.996991595038188,0.9398170854189845,0.8558532430357643
1.0190463751972767,1.4478105773654075,1.2536890647623655,1.092960260975013,1.00340391886555,0.9414787661106936,0.850509601867802
1.019274371174554,1.4587342296607204,1.2671355357762877,1.104005099707383,1.010940127674701,0.944298646279149,0.8462887158614422
1.0194902631783018,1.469737721012952,1.2813058211960373,1.116096846037264,1.0196820145194605,0.94838273299808,0.8433247526029186
1.0196936777178227,1.480821526505079,1.2962262744000468,1.1292898582109692,1.0297091165612278,0.9538355784164216,0.8417516983510599
1.0198842353712223,1.491985087959972,1.311920159241403,1.1436350679152298,1.0410978315219512,0.960759311852241,0.8417023304457145
1.0200615511979818,1.5032266810950554,1.3284071323777995,1.1591792011064048,1.053920478800411,0.9692526017839544,0.8433071075009672
1.0202252351981551,1.5145432857096124,1.3457027179812666,1.1759639673193971,1.0682443082792674,0.9794095486437168,0.8466929761309903
1.0203748928188126,1.5259304607663284,1.3638177806406646,1.1940252233737023,1.0841304611698213,0.991318510476326,0.8519820937852558
1.0205101255082347,1.537382226321523,1.3827580030746232,1.2133921187528598,1.1016328887704956,1.0050608649375117,0.8592904683617119
1.0206305313181376,1.5488909543265776,1.402523376074244,1.2340862314188306,1.1207972367806078,1.0207097128182758,0.8687265166741753
1.0207357055540778,1.5604472703623338,1.423107708878446,1.2561207044294012,1.1416597048260364,1.0383285303345926,0.880389545639978
1.020825241473943,1.572039968374063,1.4444981689173468,1.2794993954168423,1.1642458931079662,1.0579697798337626,0.8943681622694177
1.0208987310343007,1.583655940434352,1.4666748605053388,1.3042160527324775,1.1885696505698369,1.079673491363214,0.9107386212394606
1.020955765684117,1.5952801234891203,1.4896104526024816,1.33025353382057,1.2146319416702829,1.1034658307410208,0.9295631220771812
1.0209959372052104,1.6068954649123428,1.5132698661302195,1.3575830830801188,1.24241975168291,1.129357673328682,0.9508880717829995
1.0210188385985393,1.618482908529801,1.537610031502157,1.3861636880399633,1.27190505336308,1.1573432066211202,0.9747423331308785
1.0210240650152662,1.6300214025479172,1.5625797269449897,1.4159415339954031,1.3030438606982195,1.1873985889387968,1.0011354838583808
1.021011214731257,1.6414879305626635,1.5881195078128194,1.4468495782393649,1.3357753981770943,1.2194806958436573,1.0300561174779284
1.0209798901635183,1.6528575665091114,1.614161736379555,1.478807265520767,1.370021416378672,1.2535259902193263,1.0614702223809453
1.0209296989267769,1.6641035540629971,1.640630720504024,1.5117204062551384,1.405685686504071,1.2894495560521575,1.0953196821138047
1.0208602549282473,1.67519741062049,1.6674429680691367,1.5454812381524303,1.442653707506562,1.327144339534105,1.1315209459229085
1.02077117949833,1.6861090555675835,1.6945075621854568,1.5799686901783492,1.4807926594549157,1.3664806438371255,1.1699639245478275
1.0206621025548062,1.6968069621221622,1.7217266598334484,1.6150488650247243,1.5199516354290512,1.4073059253847835,1.2105111713403
1.0205326637978065,1.7072583315919874,1.7489961139184227,1.6505757524404543,1.5599621813232574,1.4494449392144937,1.2529974125311183
1.0203825139326417,1.7174292884590536,1.7762062156885343,1.6863921808408469,1.600639168193934,1.4927002786147106,1.2972294921936658
1.0202113159172983,1.7272850942829785,1.803242551195552,1.7223310085973451,1.6417820150645412,1.536853349171377,1.3429867964125992
1.0200187462312071,1.7367903780274483,1.829986962071197,1.7582165494161737,1.683176271310531,1.581665809257391,1.390022216571558
1.019804496161619,1.745909380066304,1.8563185974804888,1.7938662184367902,1.7245955569442386,1.626881497558854,1.4380637027759395
1.0195682731037377,1.754606206830326,1.8821150408512608,1.829092377403,1.765803846518869,1.6722288533516037,1.4868164446096173
1.0193098018704772,1.7628450928223378,1.9072534920299256,1.86370434885112,1.8065580683689304,1.7174238170770029,1.5359656973238678
1.0190288260075533,1.77059066656484,1.9316119830454388,1.8975105611682044,1.846610976107584,1.762173177812371,1.585180247208871
1.018725109109348,1.7778082169563585,1.9550706038366128,1.930320779104688,1.8857142345143048,1.806178311373349,1.634116480875244
1.0183984361308367,1.784463956502891,1.9775127132470087,1.9619483683990675,1.9236216481364368,1.8491392293023456,1.6824229906798334
1.0180486146906322,1.7905252779603062,1.9988261104236065,1.9922125390994192,1.960092449190623,1.8907588365579,1.7297456144823693
1.0176754763600608,1.7959610010676854,2.0189041425259218,2.0209405103822373,1.9948945527938664,1.930747276256446,1.7757327748666392
1.017278877932983,1.8007416062667263,2.0376467263687057,2.047969540502057,2.027807683219725,1.968826225389626,1.8200409539645068
1.016858702670974,1.8048394525793063,2.0549612642331136,2.0731487691216257,2.058626275591856,2.004732997996124,1.862340118355419
1.0164148615182935,1.8082289771442657,2.0707634374709096,2.096340825632544,2.087162063674166,2.038224313360717,1.902318897257466
1.0159472942810324,1.810886874284633,2.084977865541543,2.117423165952036,2.113246276270907,2.069079597397119,1.93968931886385
1.015455970764671,1.8127922523738853,2.0975386225375265,2.1362891111831206,2.13673138172558,2.097103705488181,1.974190925576624
1.014940891864297,1.813926767183059,2.108389607857841,2.1528485738334604,2.157492341135759,2.1221289837734942,2.0055941189929487
1.0144020906016231,1.8142747308063496,2.11748477220161,2.167028470169741,2.175427354718505,2.144016621242104,2.033702628113517
1.013839633103014,1.813823195670076,2.124788204263409,2.178772829916777,2.1904581105165977,2.16265728425033,2.0583550461469793
1.0132536195126856,1.812562013518412,2.130274087174727,2.188042625964035,2.2025295682743047,2.177971064772633,2.079425437826585
1.0126441848353644,1.8104838696307683,2.1339265366931697,2.194815356303223,2.211609332038306,2.1899068103711627,2.0968230751362333
1.01201149970272,1.80758429285392,2.1357393352780125,2.199084417415334,2.217686681061679,2.198440934052024,2.110491409175497
1.0113557710580632,1.8038616423227605,2.135715577424648,2.200858312395103,2.2207713387958004,2.203575823339305,2.12040642486645
1.0106772427539163,1.7993170719946572,2.133867242006429,2.2001597381248565,2.2208920634791,2.205337978250739,2.126574549622668
1.0099761960572928,1.7939544743335458,2.130214706934278,2.19702459383454,2.2180951409730656,2.203776006799912,2.129030294905608
1.009252950057719,1.7877804046523231,2.1247862203449577,2.1915009489398507,2.2124428519233024,2.198958595083276,2.1278338009805213
1.0085078619733423,1.780803987758148,2.117617340886304,2.1836480015447925,2.204011971805944,2.190972548152603,2.123068431348932
1.007741327350724,1.773036808647933,2.1087503577418856,2.173535051276382,2.1928923459715066,2.179920971012764,2.1148385282890803
1.0069537801543107,1.7644927890744329,2.0982336989382224,2.161240501902326,2.179185563798255,2.1659216286415384,2.1032673984215684
1.0061456927419123,1.7551880518499337,2.086121334467661,2.146850901236184,2.1630037384944143,2.149105493530108,2.0884955525277786
1.005317575722965,1.7451407747783831,2.0724721789363345,2.1304600188466165,2.1444683835317058,2.129615461802581,2.070679181772353
1.004469977696774,1.734371036110105,2.057349496965522,2.1121679565806164,2.12370936445989,2.1076051970710314,2.0499888173655334
1.0036034848684516,1.7229006533984794,2.0408203134928256,2.0920802832296146,2.100863896838125,2.083238046598748,2.026608095818368
1.002718720540741,1.710753017606392,2.0229548304787763,2.070307182969692,2.0760755576317624,2.056685967979933,2.000732539261159
1.0018163444805015,1.6979529242629288,2.003825851288371,2.046962607407187,2.049493278578709,2.028128406455788,1.9725682603517893
1.000897052159161,1.6845264034083591,1.9835082141626024,2.0221634229582293,2.021270295229884,1.9977510722701075,1.942330513127784
0.999961573867081,1.6705005499854373,1.96207823658902,1.99602854846525,1.991563033644116,1.9657445825119195,1.910242032519031
0.9990106737023609,1.6559033562472578,1.939613172973684,1.9686780819785248,1.960529927029286,1.9323029507093032,1.876531133111401
0.9980451484352776,1.6407635476379117,1.916190688646636,1.9402324199487044,1.9283301656474352,1.8976219276435768,1.841429568439427
0.9970658262501793,1.6251104234846805,1.891888353837993,1.9108113762554668,1.895122393916409,1.8618972162732488,1.805170182041309
0.9960735653673486,1.6089737037044505,1.8667831617149984,1.8805333120510783,1.861063377733784,1.8253226002653435,1.7679844074227373
0.9950692525479892,1.592383382581021,1.8409510748303104,1.8495142900568624,1.8263066718607244,1.7880880380026585,1.7300996935387651
0.9940538014861984,1.5753695905147809,1.8144666043401223,1.8178672684771364,1.791001321303499,1.7503777812079548,1.6917369439241616
0.9930281510924206,1.5579624644842622,1.7874024261013963,1.7857013500213827,1.755290631742105,1.7123685791810506,1.6531080606564996
0.9919932636735976,1.5401920277943415,1.7598290372587675,1.753121100709406,1.7193110424529638,1.6742280265148788,1.6144136795551127
0.9909501230158204,1.5220880795203489,1.7318144562187952,1.7202259513088662,1.6831911311714305,1.6361131047728683,1.5758411715947587
0.9898997323759976,1.5036800938960784,1.7034239680338323,1.6871096916453368,1.647050774532648,1.598168958107571,1.5375629693235577
0.9888431123896037,1.484997129738929,1.674719916237818,1.653860064888247,1.6110004807554854,1.5605279304093114,1.499735258079926
0.9877812989022304,1.4660677498612125,1.6457615411577042,1.6205584655272185,1.5751409037602777,1.523308878528424,1.462497052012198
0.9867153407331524,1.4469199502851124,1.6166048637252872,1.587279741359476,1.5395625405421474,1.4866167635023726,1.4259696560174344
0.9856462973797048,1.427581098962824,1.5873026128947494,1.5540920966467542,1.5043456068579673,1.45054251041501,1.3902564980748824
0.9845752366716964,1.4080778836040353,1.5579041939642648,1.5210570908201273,1.4695600804824935,1.415163118098506,1.3554433029092159
0.9835032323855524,1.3884362681318496,1.5284556944450407,1.4882297248403409,1.4352658966922336,1.380541992708729,1.3215985679336901
0.9824313618282196,1.3686814572251915,1.4989999236303913,1.4556586056212286,1.4015132773333978,1.346729474343726,1.288774296031407
0.9813607034012308,1.348837868360843,1.469576481696748,1.4233861778011705,1.3683431728046656,1.3137635232220883,1.2570069366788577
0.980292334155533,1.3289291107403167,1.4402218540122649,1.3914490115782283,1.3357877954391872,1.2816705312492362,1.226318486743525
0.9792273273479228,1.3089779704749114,1.4109695263213846,1.359878135246594,1.3038712229335292,1.250466225730786,1.1967177044157895
0.9781667500100126,1.289006401404263,1.3818501165967103,1.3286994014118785,1.2726100514581833,1.220156634179231,1.1682013935676017
0.9771116605407368,1.2690355209379367,1.3528915195767368,1.2979338765280808,1.2420140796786123,1.1907390822174675,1.1407557207703558
0.9760631063333394,1.2490856103337873,1.3241190603151056,1.2675982443060216,1.2120870069297396,1.162203200180215,1.1143575327499335
0.975022121447728,1.2291761188589494,1.2955556534296644,1.237705214605175,1.1828271310348812,1.1345319178482691,1.088975647771469
0.973989724338844,1.2093256713170673,1.267221965132757,1.2082639305624836,1.1542280335926198,1.1077024305870085,1.0645721000043167
0.9729669156514904,1.1895520784670297,1.2391365755301906,1.179280367875698,1.126279242855571,1.0816871238218917,1.0411033210850018
0.9719546760916618,1.1698723499020327,1.2113161390762772,1.1507577212876183,1.098966866495548,1.0564544461396557,1.0185212477162853
0.9709539643840672,1.1503027090018834,1.183775541454695,1.1226967743823602,1.072274188536509,1.0319697242859989,0.996774348140879
0.9699657153249732,1.1308586096145348,1.1565280515096352,1.0950962497733665,1.046182226496226,1.0081959158932736,0.9758085636762682
0.9689908379390006,1.1115547541642836,1.129585467171003,1.067953137625305,1.0206702462947688,0.985094297913902,0.9555681642136394
0.9680302137478096,1.0924051129224444,1.102958254602506,1.0412630011989936,0.995716233764276,0.9626250904744182,0.9359965187146273
0.9670846951579668,1.0734229442118848,1.0766556800436795,1.015020258739932,0.9712973226337746,0.940748017226335,0.9170367833410699
0.9661551039744828,1.0546208153484604,1.0506859340248849,0.989218441553172,0.947390179687812,0.9194228042985269,0.8986325109985238
0.9652422300457468,1.0360106241507576,1.0250562478044667,0.9638504285279424,0.9239713484311988,0.8986096206987416,0.8807281868400256
0.9643468300446844,1.0176036208736488,0.9997730020157252,0.9389086577037744,0.901017553056027,0.8782694635075587,0.8632696947252584
0.963469626390128,0.9994104304425816,0.9748418276193936,0.914385315717214,0.8785059648278494,0.8583644915054349,0.8462047198309164
0.9626113063114058,0.9814410748828444,0.9502676993415904,0.8902725061496601,0.856414433213374,0.8388583110139479,0.8294830926205249
0.961772521058282,0.963704995852902,0.9260550218378208,0.8665623979163413,0.8347216841783462,0.8197162177461166,0.8130570792498552
0.9609538852573616,0.9462110772029,0.902207708867956,0.8432473549122682,0.813407488118524,0.8009053983853324,0.7968816232556003
0.9601559764151776,0.9289676674891932,0.8787292557953152,0.8203200481661299,0.7924527998604469,0.7823950954683181,0.7809145430793711
0.9593793345671676,0.911982602383576,0.8556228057407529,0.797773551760192,0.7718398731030256,0.7641567389624806,0.765116689648959
0.9586244620708748,0.8952632269221708,0.8328912097299587,0.7756014237574524,0.7515523515729564,0.7461640477133021,0.7494520678908593
0.95789182354073,0.8788164175438357,0.8105370811736544,0.7537977733432604,0.7315753390496296,0.7283931037101824,0.7338879257005049
0.9571818459209572,0.8626486038719877,0.7885628450164195,0.732357315345252,0.7118954502888599,0.7108224018909455,0.7183948135634824
0.956494918692249,0.84676579019697,0.7669707818819079,0.7112754132400626,0.6925008447385889,0.6934328779789508,0.7029466177051813
0.9558313942071172,0.8311735766187933,0.745763067532599,0.6905481116985092,0.673381244807263,0.6762079166326331,0.6875205693577193
0.9551915881480444,0.8158771798127242,0.7249418079507219,0.6701721596604884,0.6545279403142107,0.6591333419868328,0.6720972324727122
0.9545757801019368,0.80088145338174,0.7045090703342548,0.6501450248690099,0.6359337806247103,0.6421973924791171,0.6566604719760128
0.9539842142437176,0.7861909077628765,0.6844669102899857,0.6304649007336107,0.6175931558547321,0.6253906816869713,0.6411974044592078
0.953417100121425,0.771809729655935,0.6648173954927258,0.6111307063343145,0.5995019684186322,0.6087061467495737,0.6256983330274819
0.9528746135346564,0.757741800945432,0.6455626260673261,0.5921420803210544,0.5816575960901446,0.5921389858122814,0.6101566678743177
0.9523568974978852,0.7439907170889066,0.6267047519386157,0.5734993694105375,0.5640588476527723,0.5756865858122924,0.594568834028391
0.9518640632798012,0.7305598049469716,0.6082459873827095,0.5552036121314535,0.5467059121283626,0.5593484418171499,0.5789341676124701
0.951396191509681,0.7174521400332887,0.5901886230024277,0.5372565184219813,0.5296003024939465,0.543126069034681,0.5632548018676187
0.95095333334157,0.704670563164428,0.5725350353384946,0.5196604456378727,0.5127447947233789,0.5270229085291636,0.5475355441227808
0.9505355116670762,0.6922176964932412,0.5552876943190169,0.5024183714887193,0.4961433629253062,0.511044227606524,0.5317837448312509
0.95014272236751,0.6800959589112818,0.5384491687393209,0.4855338643798156,0.4798011112873377,0.4951970157651153,0.5160091597445283
0.9497749355962628,0.6683075808088795,0.5220221299552088,0.4690110516006731,0.4637242034809929,0.4794898770505959,0.5002238062520036
0.9494320970824042,0.6568546181840617,0.5060093539634579,0.4528545857665242,0.4479197901304529,0.4639329196000987,0.4844418148774756
0.9491141294467714,0.6457389660945185,0.4904137220348809,0.4370696098869764,0.4323959349006809,0.4485376431123203,0.46867927689007044
0.9488209335220354,0.6349623714487878,0.4752382200559091,0.4216617214048972,0.417161539715706,0.4333168249343381,0.45295408895490935
0.9485523896686396,0.6245264451362765,0.4604859367270538,0.4066369355206155,0.4022262695770676,0.4182844054138572,0.4372857957184457
0.948308359078828,0.6144326734975123,0.446160060757587,0.392001648088785,0.3876004774128538,0.4034553731241724,0.4216954311912888
0.9480886850614818,0.6046824291386501,0.4322638771878237,0.377762598349863,0.3732951293512482,0.3888456505299676,0.40620535975881156
0.9478931943008904,0.5952769810964827,0.4188007629623143,0.3639268317339752,0.3593217307776576,0.3744719806237128,0.390839117615321
0.9477216980831497,0.5862175043618895,0.4057741818689197,0.3505016629452547,0.34569225349345,0.3603518150167871,0.37562125537286545
0.9475739934843532,0.577505088772003,0.3931876789513172,0.3374946395471019,0.3324190642995712,0.346503203969154,0.36057718259344523
0.947449864515351,0.5691407472826466,0.3810448744925395,0.3249135061777865,0.3195148552335378,0.3329446887400737,0.34573301488730596
0.9473490832183524,0.5611254236341983,0.3693494576679722,0.3127661695780379,0.3069925757066477,0.3196951966516746,0.33111542422183643
0.94727141071129,0.5534599994252979,0.3581051799437071,0.3010606645614874,0.2948653667575275,0.3067739392243744,0.3167514930429364
0.9472165981763668,0.5461453006099092,0.3473158483010181,0.2898051210425417,0.2831464976026165,0.2942003136897829,0.3026685727452984
0.94718438778985,0.5391821034339357,0.3369853183554162,0.2790077322216323,0.271849304639232,0.2819938081541714,0.28889414698162497
0.947174513590676,0.5325711398284909,0.3271174874354371,0.2686767240173874,0.2609871330384198,0.2701739106639882,0.2754557002637729
0.9471867022860456,0.5263131022771992,0.3177162876746957,0.2588203258154645,0.2505732810401453,0.2587600223847551,0.2623805922501589
0.9472206739926676,0.5204086481751827,0.3087856791656229,0.2494467425921403,0.2406209470439689,0.2477713750672384,0.2496959380682567
0.9472761429128896,0.5148584036974795,0.3003296432175826,0.2405641284592655,0.2311431795704144,0.2372269529665473,0.23742849497680124
0.9473528179453884,0.5096629671945724,0.2923521757578167,0.2321805616679178,0.2221528301531223,0.227145419335293,0.22560455562652873
0.947450403230626,0.5048229121321253,0.284857280900201,0.2243040210902799,0.213662509198743,0.2175450475877897,0.21424984812973166
0.9475685986316702,0.5003387895919161,0.2778489647096299,0.2169423641985003,0.2056845448459065,0.2084436572161601,0.20338944311524046
0.94770710015144,0.4962111303500257,0.2713312291784645,0.2101033065449266,0.1982309448370398,0.1998585545127881,0.19304766789914407
0.9478656002877834,0.4924404465475818,0.2653080664260449,0.2037944027392073,0.1913133614014667,0.1918064781302256,0.18324802787005634
0.9480437883281928,0.4890272329684486,0.2597834531318371,0.1980230289177345,0.1849430591492789,0.184303549503222,0.17401313516103742
0.9482413505862428,0.4859719679370244,0.2547613451990971,0.1927963666838859,0.1791308859535393,0.177365228128797,0.16536464463690057
0.9484579705821812,0.4832751138475385,0.2502456726488448,0.1881213884996516,0.1738872467985683,0.1710062716952397,0.15732319721036564
0.9486933291703066,0.4809371173380553,0.2462403347354438,0.1840048445014693,0.169222080563593,0.1652407010366231,0.14990837047394676
0.948947104616059,0.4789584091137681,0.2427491952679291,0.1804532507041058,0.1651448397008427,0.16008176987531,0.14313863661013532
0.9492189726258928,0.4773394034295333,0.2397760781197993,0.1774728785573347,0.1616644727674621,0.1555419393103398,0.137031327529675
0.949508606333222,0.4760804972385918,0.2373247629066384,0.1750697458146395,0.1587894097648194,0.1516328570016284,0.1316026071709654
0.9498156762438228,0.475182069008673,0.2353989808005939,0.1732496086657466,0.1565275502313096,0.1483653409891442,0.12686745087738988
0.9501398501442412,0.4746444772073384,0.2340024104498757,0.1720179550835445,0.1548862540336433,0.1457493680828306,0.1228396317582666
0.9504807929767872,0.4744680584592383,0.2331386739684613,0.1713799993341022,0.1538723348000063,0.1437940667554017,0.11953171393223513
0.9508381666848184,0.4746531253683071,0.2328113329507533,0.1713406775889091,0.1534920559291298,0.1425077144589298,0.11695505253540152
0.9512116300319916,0.4751999640038991,0.233023884467201,0.1719046445805642,0.1537511291116181,0.1418977392867088,0.11511980037332098
0.9516008383992394,0.4761088310430197,0.2337797569896637,0.1730762712366192,0.1546547152933979,0.1419707258936194,0.11403492108397958
0.9520054435631644,0.4773799505570748,0.2350823061873883,0.1748596432189412,0.1562074280036575,0.1427324255788354,0.11370820866602785
0.9524250934595736,0.4790135104340942,0.236934810535563,0.1772585602973733,0.158413338970573,0.1441877704335114,0.1141463132217594
0.9528594319357808,0.481009658420985,0.2393404666685447,0.1802765364766502,0.1612759859374556,0.1463408914429632,0.11535477274748081
0.953308098495296,0.4833684977676308,0.2423023844047023,0.1839168007900608,0.1647983825851823,0.1491951404231841,0.11733805079019483
0.95377072803839,0.4860900824568479,0.2458235813690918,0.1881822986719136,0.168983030463514,0.1527531156648513,0.1200995797783317
0.9542469506019916,0.4891744119949374,0.2499069771274862,0.1930756938069789,0.1738319328175996,0.1570166911376313,0.12364180980885615
0.9547363911022108,0.4926214257402938,0.2545553867451806,0.1985993703532865,0.1793466101910897,0.1619870490979867,0.12796626265771843
0.9552386690827231,0.4964309967420797,0.2597715136744602,0.2047554354228358,0.1855281176716603,0.1676647159225685,0.13307359075301142
0.9557533984720684,0.5006029250610643,0.2655579418716767,0.2115457216989243,0.1923770636343094,0.1740496009725221,0.13896364082608662
0.9562801873528342,0.5051369305401671,0.2719171270358554,0.2189717900562839,0.1998936298198456,0.1811410382688892,0.14563552192249937
0.9568186377454946,0.5100326449902927,0.2788513868547314,0.227034932039747,0.2080775925691977,0.1889378307343594,0.15308767742052462
0.957368345409574,0.5152896037572701,0.2863628901408603,0.2357361720478314,0.2169283450175685,0.1974382967309059,0.161317960669054
0.9579288996645862,0.5209072366303305,0.2944536447286605,0.2450762690528497,0.2264449200293939,0.2066403185921316,0.17032371381997125
0.9584998832330917,0.5268848580541644,0.3031254840019379,0.2550557176786243,0.236626013639095,0.2165413928111329,0.18010184934932366
0.9590808721079758,0.5332216566030282,0.3123800519121208,0.2656747484296459,0.2474700087050919,0.2271386814885006,0.19064893376580036
0.9596714354459364,0.5399166836756871,0.3222187863430275,0.2769333268897623,0.2589749985356156,0.2384290646900369,0.20196127293989952
0.9602711354889162,0.5469688413688716,0.3326429006714838,0.2888311516349905,0.271138810128448,0.2504091931968061,0.2140349983739427
0.960879527515094,0.5543768694863089,0.3436533633685795,0.3013676506362193,0.2839590266814262,0.263075541166933,0.22686615372587593
0.961496159820788,0.5621393316418984,0.3552508754816239,0.3145419758913587,0.2974330089992473,0.27642445816238,0.24045078081964716
0.9621205737344962,0.5702546004156889,0.367435845833806,0.3283529960139224,0.3115579153801605,0.2904522199368768,0.2547850042982189
0.9627523036640316,0.5787208415232754,0.3802083637750944,0.3427992864876215,0.3263307195333872,0.3051550773287498,0.2698651140015956
0.9633908771775812,0.5875359969617135,0.3935681693180287,0.3578791172816888,0.341748226043887,0.3205293025471687,0.2856876440734964
0.9640358151192476,0.5966977670980336,0.4075146204918439,0.3735904375055031,0.3578070828642331,0.3365712320810381,0.3022494477205531
0.9646866317595,0.6062035916712262,0.4220466577507613,0.3899308567666532,0.374503790276864,0.3532773053963933,0.3195477664568025
0.9653428349806944,0.6160506296830288,0.4371627652775222,0.4068976228842246,0.3918347057342703,0.3706440985406373,0.33758029257913835
0.9660039264976916,0.6262357381597642,0.4528609290298179,0.4244875955974683,0.4097960439440098,0.3886683516878766,0.35634522352790093
0.9666694021133434,0.6367554497747262,0.4691385913888796,0.4426972159030441,0.4283838715529683,0.4073469896142787,0.37584130669491356
0.9673387520084816,0.647605949329522,0.4859926022820139,0.4615224706409473,0.4475940957185396,0.4266771340271705,0.3960678731448381
0.9680114610658076,0.6587830491028839,0.5034191666725939,0.4809588519902026,0.467422445860341,0.4466561066232976,0.4170248586342182
0.968687009226942,0.6702821630871051,0.5214137883304855,0.5010013114558229,0.487864447837571,0.467281421676276,0.4387128101999022
0.9693648718816736,0.6820982801453017,0.5399712098172397,0.5216442080150406,0.508915389794456,0.4885507669241911,0.4611328765216444
0.970044520288328,0.6942259361373587,0.5590853486743685,0.5428812501024199,0.5305702789292832,0.5104619715099862,0.4842867802069684
0.9707254220239552,0.7066591850785506,0.578749229821672,0.5647054311038978,0.5528237884048014,0.5330129596608395,0.5081767700416916
0.9714070414629526,0.7193915694126355,0.5989549142300102,0.5871089580947816,0.5756701936605054,0.556201688808921,0.5328055512287198
0.9720888402825284,0.7324160895004507,0.6196934239852274,0.6100831736009701,0.5991032974134858,0.5800260708590005,0.5581761916065242
0.9727702779933448,0.7457251724458924,0.6409546639222834,0.6336184702263757,0.6231163426852654,0.6044838753409991,0.5842920018416641
0.973450812493505,0.7593106404033333,0.662727340079349,0.6577041980685294,0.6477019132648104,0.6295726132470408,0.6111563876284538
0.9741299006439974,0.7731636785340823,0.6849988753010712,0.6823285649403292,0.6728518211161127,0.6552894004484949,0.638772672012079
0.9748069988635628,0.7872748028040777,0.7077553224084621,0.7074785295303637,0.6985569803660621,0.681630799725222,0.6671438860889857
0.975481563740932,0.8016338278406366,0.7309812754501478,0.7331396877690703,0.7248072676688577,0.7085926406237538,0.6962725265416485
0.9761530526622586,0.8162298350922255,0.7546597796554463,0.7592961528239499,0.751591368940174,0.7361698166001087,0.7261602787455576
0.9768209244515892,0.831051141561865,0.7787722408237095,0.7859304293255654,0.7788966126917273,0.7643560592041309,0.7568077045580691
0.9774846400221172,0.8460852694113148,0.8032983350054649,0.8130232826272055,0.8067087904775166,0.7931436894323268,0.7882138943749292
0.9781436630360156,0.8613189167588273,0.8282159194574044,0.8405536041243196,0.8350119652887626,0.8225233468212695,0.8203760836339741
0.978797460570587,0.8767379300196135,0.8535009459855362,0.8684982739060721,0.8637882691087655,0.8524836973811987,0.8532892346718242
0.9794455037885432,0.8923272781601651,0.8791273779219969,0.896832022274046,0.8930176912568033,0.8830111220785624,0.8869455857048788
0.9800872686102056,0.9080710292603502,0.905067112113946,0.9255272919444388,0.9226778596151972,0.9140893882735616,0.9213341697244655
0.9807222363855256,0.923952329795635,0.9312899074297044,0.9545541030408556,0.9527438173368774,0.9456993072977228,0.9564403072671431
0.9813498945638278,0.9399533870672542,0.9577633214057096,0.9838799232803642,0.9831877981665113,0.9778183822120844,0.9922450783440181
0.9819697373593208,0.9560554552195782,0.984452656762961,1.013469546047393,1.0139790040654466,1.010420450706569,1.0287247802767616
0.9825812664104556,0.972238825290486,1.0113209196078876,1.043284979327837,1.0450833893944569,1.0434753290665504,1.0658503797711283
0.9831839914313708,0.9884828197417684,1.0383287911946002,1.07328534872783,1.0764634564601296,1.0769484641179914,1.1035869692275255
0.9837774308537318,1.0047657919106046,1.0654346151558722,1.103426818012947,1.108078067746578,1.1108006010325062,1.1418932389925858
0.9843611124574492,1.0210651308133742,1.0925944021067944,1.13366253076304,1.1398822806111042,1.1449874757900098,1.1807209789345685
0.9849345739888494,1.037357271710977,1.1197618534737066,1.1639425768213918,1.1718272105820575,1.179459541900656,1.2200146242883758
0.9854973637650676,1.0536177128197677,1.1468884063057028,1.1942139872173387,1.2038599296359949,1.214161741631256,1.259710862073102
0.9860490412635278,1.06982103851625,1.173923300674066,1.224420761135418,1.23592340590721,1.2490333323931453,1.2997383154140858
0.9865891776955944,1.0859409493403562,1.200813671056172,1.2545039282802208,1.267956491165389,1.2840077790654474,1.3400173236794837
0.9871173565635708,1.1019502990493166,1.227504662830157,1.2844016496301838,1.2998939620529113,1.3190127227821384,1.380459836334823
0.9876331742004504,1.1178211389170691,1.253939574679448,1.3140493590822462,1.331666620480944,1.3539700360475502,1.4209694377036064
0.9881362402919128,1.1335247694030466,1.2800600273136895,1.3433799478490045,1.3632014577148674,1.3887959729039383,1.4614415182729357
0.988626178380293,1.149031799243056,1.3058061584727183,1.372323992697576,1.394421885541217,1.4234014212380974,1.501763605725784
0.9891026263503244,1.164312211932395,1.331116843687849,1.4008100282125544,1.425248036495099,1.4576922621612445,1.54181586545605
0.9895652368966812,1.1793354394902569,1.3559299417523998,1.428764862255035,1.455597133474027,1.4915698387614331,1.5814717759492813
0.990013677973415,1.1940704433022074,1.380182563300315,1.4561139326884167,1.4853839271986178,1.5249315334520612,1.6205989791515052
0.990447633225583,1.2084858017519298,1.4038113603408318,1.4827817023012348,1.5145211979780149,1.5576714497331805,1.6590602999694248
0.9908668024034112,1.222549804261678,1.4267528340520286,1.5086920877050347,1.5429203161596583,1.5896811905585362,1.696714922562525
0.9912709017595212,1.2362305512787717,1.44894365763363,1.533768916888368,1.5704918535988082,1.6208507218420258,1.7334197044260322
0.9916596644297756,1.2494960596588354,1.4703210105511244,1.5579364090661594,1.5971462365218634,1.6510693060792072,1.7690306027386367
0.9920328407984396,1.2623143728236368,1.4908229201417822,1.5811196696520262,1.62279442849954,1.6802264879220792,1.803404181583666
0.9923901988483684,1.2746536750078146,1.510388606265019,1.603245192462149,1.6473486308349443,1.7082131108643812,1.8363991636963146
0.9927315244970318,1.2864824088480329,1.5289588245010055,1.6242413608479485,1.6707229867184104,1.7349223422968223,1.8678779868718693
0.993056621919166,1.2977693955286334,1.5464762033683996,1.644038939296628,1.6928342750403291,1.760250683187429,1.8977083233508756
0.9933653138569144,1.3084839566631683,1.562885571119916,1.6625715471708156,1.7136025798293286,1.7840989385873964,1.9257645206278924
0.9936574419182588,1.3185960370851866,1.578134267903201,1.6797761066930752,1.7329519219156242,1.8063731262074765,1.9519289242576765
0.9939328668645704,1.3280763277116805,1.5921724394397951,1.695593258009484,1.7508108406034666,1.8269853023448457,1.9760930473874512
0.994191468888023,1.3368963876601705,1.604953308857597,1.709967735154448,1.767112914812902,1.845854287421231,1.9981585576640146
0.994433147879596,1.3450287648293282,1.6164334239051026,1.7228486979557225,1.7817972152514585,1.8629062771617044,2.0180380595498537
0.9946578236882636,1.352447114195766,1.6265728774495911,1.7341900163052302,1.7948086816150417,1.878075329837262,2.035655658466514
0.9948654363719228,1.3591263131282558,1.6353354998827077,1.743950504706054,1.806098421274524,1.8913037243997333,2.0509473018881303
0.9950559464404416,1.3650425730797742,1.6426890227993618,1.752094106484498,1.815623928874986,1.902542189732832,2.06386090191605
0.9952293350911257,1.3701735471055343,1.648605214065518,1.7585900286533518,1.8233492284873023,1.9117500090035304,2.0743562513094513
0.9953856044367014,1.374498432691119,1.653059985034666,1.7634128295974152,1.829244942488972,1.9188950077314129,2.0824047527685146
0.9955247777257936,1.3779980694766365,1.656033471299729,1.7665424630390518,1.8332882933375445,1.9239534375004903,2.087988986865062
0.9956468995556405,1.38065503151798,1.6575100888366878,1.767964282633692,1.8354630459725148,1.926909769905473,2.0911021482690124
0.9957520360766536,1.382453713791742,1.657478567749321,1.7676690121919516,1.835759399674412,1.9277564170778916,2.091747382255658
0.9958402751881544,1.3833804127049576,1.6559319660250815,1.7656526868690288,1.8341738387804167,1.926493395935955,2.089937054136828
0.9959117267244646,1.3834234004151489,1.6528676657503414,1.761916570683185,1.830708951688752,1.9231279532005303,2.085691983199064
0.9959665226302388,1.382572992798249,1.6482873541265255,1.7564670554517663,1.825373227124785,1.917674167217892,2.0790406702153352
0.9960048171237496,1.3808216109213265,1.642196991376097,1.749315545687227,1.818180835739778,1.9101525409349176,2.0700185438731324
0.9960267868465368,1.3781638358831745,1.6346067672557956,1.740478333227236,1.8091514038529013,1.9005895980846743,2.0586672468402822
0.9960326309976428,1.3745964568797877,1.6255310474357332,1.7299764644460576,1.7983097846412113,1.8890174919603573,2.0450339770155552
0.9960225714503628,1.370118512334643,1.6149883104838167,1.7178356018716925,1.7856858304128689,1.8754736332649489,2.029170894098117
0.9959968528492384,1.3647313239081165,1.6030010756663482,1.7040858810022066,1.7713141679355426,1.860000340629649,2.0111345962956793
0.9959557426847492,1.3584385231686962,1.5895958212632662,1.688761762136434,1.755233977199002,1.842644514663311,1.9909856670468207
0.9958995313429552,1.3512460706746905,1.5748028926501425,1.6719018761903128,1.7374887726074408,1.8234573340039335,1.9687882873199092
0.9958285321270972,1.343162267182027,1.5586563990435454,1.6535488628108166,1.7181261844971454,1.8024939699098768,1.9446099055593202
0.995743081247983,1.334197756666409,1.5411940975768206,1.6337491986782746,1.6971977381226186,1.779813314562039,1.9185209548235789
0.99564353777976,1.3243655208251697,1.5224572632811084,1.612553013719845,1.674758626895708,1.7554777174936382,1.890594605181386
0.9955302835775528,1.3136808647214893,1.502490543600413,1.590013893062481,1.6508674767017963,1.7295527244268245,1.8609065389960955
0.9954037231532388,1.3021613932377094,1.4813417962755602,1.5661886629070465,1.625586098523806,1.7021068132490338,1.829534737300089
0.9952642835055744,1.289826978027678,1.4590619097679525,1.54113715908351,1.598979227340093,1.673211122817627,1.7965592669031554
0.995112413900734,1.2766997147010808,1.4357046058449272,1.5149219777970395,1.5711142462452428,1.6429391716349917,1.7620620600257317
0.9949485855993208,1.2628038700318067,1.411326224482758,1.487608208941146,1.5420608958874058,1.6113665650446292,1.7261266808828037
0.994773291525834,1.2481658190665907,1.385985491835075,1.4592631532690996,1.5118909705216756,1.578570691318147,1.6888380765263162
0.9945870458766448,1.2328139720956606,1.3597432726050895,1.4299560256018584,1.4806780031359452,1.5446304086800755,1.650282312133256
0.994390383662546,1.216778691569748,1.3326623087514042,1.399757647069271,1.4484969431492445,1.5096257268117266,1.6105462935793897
0.9941838601820912,1.2000921991577769,1.3048069469688617,1.3687401300447146,1.4154238309949625,1.4736374875666232,1.5697174823603244
0.9939680504220456,1.1827884732733465,1.27624285782646,1.3369765599293042,1.3815354744645738,1.436747050449122,1.527883609559687
0.9937435483815252,1.1649031375327863,1.2470367497805206,1.3045406782311753,1.3469091319454505,1.399035988798722,1.4851323965425396
0.993510966316601,1.1464733407293597,1.2172560814754725,1.271506571441215,1.311622207638326,1.3605858025685378,1.4415512903294454
0.993270933902514,1.1275376290454922,1.1869687758344498,1.2379483700743086,1.2757519635202492,1.3214776531312766,1.3972272212153445
0.9930240973109452,1.108135811330497,1.15624293938026,1.203939961896769,1.239375252213304,1.2817921247347444,1.352246389218344
0.9927711182002712,1.0883088183794565,1.1251465900621611,1.1695547228658134,1.2025682741471089,1.241609016131868,1.3066940845146775
0.9925126726171404,1.0680985572302226,1.093747396580687,1.1348652686750402,1.165406361472397,1.2010071646721006,1.260654545262496
0.992249449808294,1.0475477615667232,1.06211243184551,1.0999432290984728,1.127963790194244,1.1600643037710363,1.2142108543139254
0.9919821509420808,1.0266998393547797,1.030307942761212,1.064859046567123,1.0903136209782152,1.118856953346255,1.1674448743909143
0.991711487739788,1.005598718864212,0.998399138072109,1.0296817996734813,1.052527568134774,1.077460341572269,1.1204372195115708
0.9914381810175424,0.9842886942293978,0.966449995502272,0.994479051585836,1.0146758954234631,1.0359483552238982,1.0732672588948138
0.9911629591402944,0.9628142716776622,0.9345230889340052,0.9593167227102114,0.9768273365892804,0.9943935150042316,1.026013148309132
0.99088655639011,0.9412200175174228,0.9026794359097692,0.9242589863897662,0.9390490379774592,0.952866971623636,0.9787518829372425
0.9906097112518242,0.919550408912096,0.8709783652980031,0.8893681859719991,0.9014065201582188,0.9114385179967666,0.9315593652839532
0.9903331646198744,0.8978496883943039,0.8394774045867703,0.8547047712398018,0.8639636552599498,0.870176612778485,0.8845104814795797
0.9900576579310104,0.8761617229842575,0.8082321859388761,0.8203272519653454,0.8267826566197831,0.8291484105181133,0.8376791794657165
0.9897839312283636,0.8545298686776998,0.7772963698755724,0.7862921662215288,0.7899240774190562,0.7884197939658554,0.7911385429680364
0.9895127211632532,0.8329968409634234,0.7467215852515743,0.7526540610508833,0.7534468151425036,0.7480554044659298,0.7449608557921945
0.9892447589418788,0.8116045919198758,0.716557384039165,0.719465483137855,0.7174081189639695,0.7081186668835191,0.6992176517688137
0.9889807682249196,0.7903941943335002,0.6868512093560489,0.6867769772528297,0.6818635975031235,0.6686718061090889,0.6539797465738043
0.9887214629887892,0.7694057331691382,0.6576483751320005,0.654637090397505,0.6468672247702787,0.6297758528054715,0.6093172485846303
0.9884675453580912,0.7486782046223371,0.6289920558240534,0.6230923797935942,0.6124713425249885,0.5914906367060397,0.5652995468820935
0.9882197034194604,0.7282494228845984,0.6009232846391097,0.5921874230870444,0.5787266576798146,0.5538747663901357,0.5219952754124748
0.9879786090276644,0.7081559346633797,0.5734809588003166,0.5619648293834565,0.545682233775215,0.5169855950413516,0.4794722531630603
0.98774491561535,0.6884329414181969,0.5467018505009594,0.5324652499792075,0.5133854759249368,0.480879172222317,0.4377974009626987
0.9875192560183464,0.6691142292037924,0.5206206223084584,0.5037273878910565,0.4818821089670507,0.4456101821584496,0.39703663616754015
0.9873022403287836,0.6502321059511084,0.4952698459148592,0.4757880055162194,0.4512161488559112,0.4112318694125422,0.3572547470223977
0.9870944537886256,0.6318173459672555,0.4706800232683908,0.4486819299651453,0.4214298675864303,0.377795953160156,0.3185152489411274
0.9868964547363503,0.6138991413961269,0.4468796092583723,0.4224420557970134,0.3925637521518391,0.3453525315061773,0.28088022526007606
0.986708772619638,0.5965050603517714,0.4238950352630998,0.3970993450553386,0.3646564582063804,0.3139499774655298,0.24441015524245285
0.9865319060868232,0.579661011416043,0.4017507330021158,0.3726828246449527,0.3377447592451595,0.283634828355563,0.20916373225279425
0.9863663211697666,0.5633912141803016,0.3804691582521592,0.34921958120196,0.3118634921657021,0.2544516703923748,0.17519767504373043
0.986212449570438,0.5477181755042396,0.3600708141050663,0.3267347537337083,0.2870455001716843,0.2264430202968525,0.1425665350920456
0.986070687063162,0.5326626711704405,0.3405742735423172,0.3052515243278562,0.2633215739824601,0.1996492056841931,0.11132250281972993
0.9859413920238695,0.5182437326164857,0.3219962011933414,0.2847911073390529,0.2407203923141197,0.1741082459262078,0.08151521539377088
0.9858248840971026,0.5044786384397687,0.3043513742282297,0.2653727374709691,0.2192684625730832,0.1498557350864317,0.05319156861207134
0.9857214430106858,0.4913829103858778,0.287652702394324,0.2470136572024539,0.1989900626658795,0.1269247284040387,0.02639553516603383
0.9856313075471588,0.4789703135469756,0.2719112472681034,0.2297291040123907,0.1799071847583253,0.1053456336523609,0.0011679913217049415
0.9855546746800142,0.4672528605181285,0.2571362408407328,0.2135322978593213,0.1620394817636438,0.0851461085525293,-0.02245344619869248
0.9854916988817763,0.4562408192790118,0.2433351035933155,0.1984344293607017,0.1454042172618524,0.0663509652648496,-0.044434571620728405
0.985442491609743,0.4459427245893951,0.2305134622417278,0.1844446490887858,0.1300162194646261,0.0489820828115115,-0.0647447285725024
0.9854071209740456,0.4363653927075889,0.2186751673566783,0.1715700583907253,0.1158878397659112,0.0330583281317166,-0.08335693462471606
0.9853856115913582,0.4275139392609624,0.2078223110732586,0.1598157020987402,0.1030289163307883,0.0185954863078732,-0.10024799121559823
0.9853779446263196,0.4193918001165514,0.197955245119875,0.1491845634734497,0.0914467430991772,0.0056062003587145,-0.11539857850886856
0.9853840580213488,0.4120007551184347,0.1890725993889245,0.1396775616847367,0.0811460445008817,-0.0059000791475106,-0.12879333497129913
0.9854038469142348,0.4053409545720742,0.1811713012766876,0.1312935521008114,0.0721289561050881,-0.0159171345344171,-0.14042092167124415
0.985437164241488,0.3994109483735713,0.1742465960165927,0.1240293296292761,0.0643950113672727,-0.0244420114957389,-0.15027407148710917
0.985483821524185,0.3942077176927246,0.1682920682194186,0.1178796353178095,0.0579411345737923,-0.0314750396963192,-0.15834962358486054
0.9855435898316856,0.3897267091280686,0.163299664820038,0.1128371663884248,0.0527616400288936,-0.0370198436677083,-0.16464854366772347
0.9856162009174488,0.3859618712644186,0.1592597196310383,0.1088925898636473,0.0488482374970881,-0.0410833442269051,-0.1691759306013819
0.9857013485199304,0.3829056935669926,0.1561609796786217,0.106034559905992,0.0461900438662372,-0.0436757507106716,-0.17194101011508464
0.9857986898205346,0.3805492475543384,0.1539906334923592,0.1042497389801197,0.0447736009796571,-0.044810544340622,-0.17295711632211935
0.9859078470495152,0.3788822301933898,0.1527343415013465,0.1035228229228574,0.0445828995611464,-0.0445044530620681,-0.17224166183822576
0.9860284092298944,0.377893009463839,0.1523762686804563,0.1038365699962134,0.0455994091508439,-0.0427774181964286,-0.1698160972697832
0.9861599340486028,0.3775686720380324,0.1528991195742934,0.105171833983483,0.047802113964494,-0.0396525532388156,-0.1657058608197256
0.9863019498434178,0.377895073023367,0.1542841758146492,0.1075076013814158,0.0511675545936622,-0.0351560951066683,-0.1599403187071644
0.9864539576936558,0.3788568877097663,0.1565113362340492,0.1108210327347043,0.0556698754743358,-0.0293173481124557,-0.1525526970278304
0.9866154336021842,0.3804376652630244,0.1595591596661048,0.1150875081554484,0.061280878066924,-0.0221686208807407,-0.1435800055846576
0.9867858307559256,0.3826198842996069,0.163404910510319,0.1202806770679748,0.067970079709651,-0.0137451563829621,-0.13306295411818334
0.9869645818518876,0.3853850102728618,0.1680246071265084,0.1263725122176045,0.0757047781290763,-0.0040850551985197,-0.12104586124237594
0.9871511014755964,0.388713554594976,0.173393073113017,0.1333333679833153,0.084450121616892,0.0067708079548466,-0.1075765562613713
0.9873447885189004,0.3925851354108229,0.1794839915078603,0.1411320430314009,0.0941691849034964,0.0187788744390204,-0.0927062739139049
0.987545028624184,0.3969785399328276,0.1862699619412245,0.1497358473484298,0.1048230507844723,0.0318929987499577,-0.07648954195110677
0.987751196642326,0.401871788237374,0.1937225607513865,0.1591106736866956,0.1163708975736505,0.0460645525538285,-0.05898406132680043
0.9879626590920176,0.4072421984144069,0.2018124040647688,0.169221073453938,0.1287700924754815,0.0612425359082791,-0.04025057864875446
0.9881787766085268,0.4130664529528423,0.2105092138221502,0.1800303370687632,0.1419762909778441,0.0773736959154852,-0.0203527504335432
0.9883989063704396,0.4193206662348792,0.2197818867173162,0.1915005787936395,0.1559435423714885,0.0944026530892463,0.0006430013923411676
0.9886224044935356,0.4259804530028812,0.2295985659975627,0.2035928260440799,0.1706244014985039,0.1122720357406313,0.02266764337762893
0.9888486283815252,0.43302099765292,0.2399267160549547,0.2162671131529167,0.1859700468193776,0.1309226226900726,0.04564969450002133
0.9890769390240984,0.4404171241994945,0.2507331997152082,0.2294825795440561,0.2019304048635074,0.1502934945995497,0.06951540089104813
0.9893067032334124,0.4481433667471935,0.2619843581117008,0.2431975722450606,0.2184542810979312,0.170322194189078,0.09418892202654643
0.9895372958109244,0.4561740402957669,0.273646093006071,0.2573697526324599,0.2354894972019077,0.1909448955465207,0.119592529030963
0.9897681016371946,0.464483311697039,0.2856839513927687,0.2719562072667598,0.2529830346806753,0.2120965826647428,0.14564681566143134
0.989998517678116,0.4730452705744377,0.2980632121997427,0.2869135626320067,0.270881184685784,0.2337112372459591,0.1722709224182226
0.9902279549017324,0.4818340000090392,0.3107489748696627,0.3021981035480557,0.2891297038327323,0.2557220356968389,0.19938277406953475
0.9904558401006486,0.4908236467901772,0.3237062495797258,0.317765894973412,0.3076739757213657,0.2780615551020342,0.22689933068666707
0.9906816176157188,0.4999884910233182,0.3369000488310672,0.3335729068648154,0.3264591777715937,0.3006619878124364,0.254736852053328
0.9909047509575052,0.5093030148854628,0.3502954801116499,0.3495751417036636,0.3454304528875561,0.3234553641172591,0.28281117505670633
0.9911247243226358,0.5187419703143111,0.3638578393105208,0.3657287642440719,0.3645330853602214,0.3463737822918701,0.31103800338368864
0.9913410440029398,0.5282804454177226,0.3775527045368683,0.3819902329826822,0.383712680312356,0.3693496451295022,0.3393332085437789
0.9915532396858155,0.5378939293900912,0.391346029974355,0.3983164327960334,0.4029153458866729,0.3923159018789959,0.3676131409240287
0.9917608656449516,0.5475583757239096,0.4052042393803958,0.4146648081402524,0.4220878772766789,0.4152062943277803,0.39579494926891884
0.991963501821026,0.5572502635099562,0.4190943188236441,0.4309934961622867,0.4411779416061623,0.4379556055960968,0.42379690666962005
0.9921607547925978,0.5669466566229477,0.4329839082368923,0.447261459029005,0.4601342625767509,0.4604999100468497,0.4515387408546173
0.9923522586378104,0.5766252605979884,0.4468413913535389,0.4634286147474661,0.4789068037308774,0.4827768225756691,0.47894196631167396
0.992537675688034,0.5862644770113278,0.4606359835895091,0.4794559657230214,0.4974469491185403,0.5047257454290878,0.5059302155447009
0.9927166971749012,0.5958434551885845,0.4743378174292834,0.4953057242836631,0.5157076801133297,0.5262881106103726,0.5324295665869544
0.992889043772596,0.6053421410769448,0.4879180248806031,0.5109414343927218,0.5336437471009436,0.5474076158787788,0.5583688637661747
0.9930544660375112,0.6147413231288137,0.5013488165679553,0.5263280887764895,0.5512118347579738,0.5680304523262073,0.5836800286475742
0.993212744747708,0.6240226750604025,0.5146035570495292,0.5414322406988696,0.5683707196686989,0.5881055215470424,0.6082983580905132
0.99336369114479,0.6331687953638933,0.5276568359602485,0.5562221096504135,0.5850814190251704,0.6075846404357907,0.632162806379589
0.9935071470810504,0.6421632434674205,0.5404845346055265,0.5706676802495333,0.6013073292779654,0.6264227317884313,0.6552162485680239
0.993642985074858,0.650990572456462,0.5530638876602796,0.5847407936997578,0.6170143536341829,0.6445779989821876,0.6774057223310124
0.9937711082774332,0.6596363582857677,0.5653735396569215,0.5984152312022539,0.6321710174170179,0.6620120831823986,0.6986826458849027
0.9938914503542068,0.6680872254308523,0.5773935959836827,0.6116667887888271,0.646748570413467,0.6786902017120409,0.7190030098299902
0.9940039752840952,0.6763308689460293,0.5891056681529802,0.6244733431124349,0.6607210754658134,0.6945812664392629,0.7383275411180739
0.9941086770800144,0.6843560729144973,0.600492913141506,0.6368149078112745,0.6740654827028635,0.7096579812740242,0.7566218377241964
0.9942055794340456,0.6921527252943689,0.6115400666476368,0.6486736801465077,0.6867616889561676,0.7238969181131412,0.7738564730027184
0.9942947352906344,0.6997118291819984,0.622233470156939,0.6600340777010569,0.6987925820606185,0.7372785708285855,0.7900070691143039
0.9943762263512418,0.7070255105323026,0.6325610917536143,0.670882765017263,0.710144069897216,0.7497873871542945,0.8050543393257019
0.9944501625138183,0.7140870223908943,0.6425125406606196,0.6812086701397776,0.7208050941896723,0.7614117785767425,0.818984099379827
0.9945166812504864,0.720890745709575,0.6520790755380396,0.6910029911201223,0.7307676292201717,0.7721441085796353,0.8317872485151713
0.9945759469267336,0.7274321868308982,0.6612536066132236,0.7002591926245683,0.7400266657739536,0.7819806598206859,0.8434597210642031
0.9946281500654393,0.7337079717410615,0.6700306917588659,0.7089729928697993,0.7485801807592094,0.7909215810281864,0.8540024098758036
0.9946735065589412,0.7397158372025894,0.6784065266756125,0.7171423411875606,0.756429093073803,0.7989708145952967,0.863421063085883
0.9947122568323652,0.7454546188892357,0.6863789293730775,0.7247673865903345,0.7635772064024672,0.8061360060104144,0.8717261559906151
0.9947446649613229,0.7509242366551394,0.693947319177397,0.7318504377741506,0.7700311397268498,0.8124283964046781,0.8789327399708796
0.9947710177470814,0.7561256770783014,0.701112690523852,0.7383959150503304,0.7758002464138204,0.8178626996078406,0.8850602705603722
0.9947916237521982,0.761060973425564,0.7078775818201567,0.7444102947465387,0.7808965228161303,0.8224569651913479,0.890132416855515
0.9948068122995994,0.7657331831915388,0.7142460396885405,0.7499020466567208,0.7853345073722734,0.8262324290395922,0.894176854530307
0.9948169324379762,0.7701463633681287,0.720223578913531,0.7548815651507976,0.7891311712302557,0.8292133530264926,0.8972250447468743
0.9948223518763532,0.7743055436041452,0.7258171384369287,0.7593610945776561,0.7923058014434525,0.8314268553913311,0.8993120012511573
0.9948234558905816,0.778216697416134,0.7310350337519894,0.7633546496095105,0.7948798777963747,0.8329027334015003,0.9004760479085635
0.9948206462044852,0.7818867116119719,0.7358869060555318,0.7668779311821646,0.7968769443148829,0.8336732798664257,0.9007585688808928
0.9948143398482912,0.7853233540881281,0.7403836685191661,0.7699482386854811,0.7983224765006639,0.8337730950273963,0.9002037535677856
0.9948049679969538,0.7885352401598698,0.7445374500406798,0.7725843790497753,0.7992437453044857,0.8332388952922034,0.8988583383426713
0.9947929747908714,0.7915317975810374,0.748361536831914,0.7748065733607692,0.7996696788167945,0.8321093202196205,0.8967713470050303
0.9947788161414928,0.7943232304065985,0.7518703121927036,0.7766363616155117,0.7996307226123743,0.8304247390782294,0.8939938317534929
0.9947629585241864,0.7969204818470157,0.7550791948104377,0.7780965062074011,0.7991586996347801,0.8282270582217894,0.8905786163580696
0.9947458777607444,0.7993351962584033,0.7580045759124323,0.7792108946987647,0.7982866704501488,0.8255595304295592,0.8865800430680575
0.9947280577937736,0.8015796804071483,0.7606637555834705,0.7800044424072264,0.7970487946382787,0.8224665672594755,0.8820537246603212
0.9947099894552176,0.80366686414147,0.7630748785454047,0.7805029952969267,0.7954801940278827,0.8189935553685381,0.8770563028886456
0.9946921692311428,0.8056102605959214,0.7652568696762113,0.7807332336246865,0.7936168184071938,0.8151866776349423,0.8716452144366709
0.9946750980249016,0.8074239260479612,0.76722936952833,0.780722576755073,0.7914953142818614,0.8110927398274573,0.865878465346504
0.9946592799206754,0.8091224195384319,0.7690126700848736,0.780499089513935,0.7891528971743517,0.8067590034486695,0.8598144147318247
0.9946452209493876,0.8107207623603104,0.7706276509718254,0.7800913904092998,0.7866272278921588,0.802233025278358,0.8535115684467962
0.994633427858855,0.812234397512312,0.772095716322885,0.779528562005323,0.7839562931167829,0.7975625040311838,0.8470283832250325
0.9946244068900404,0.8136791492060168,0.7734387324722948,0.7788400636951733,0.7811782906119555,0.7927951344629036,0.8404230816866827
0.9946186625611388,0.8150711825072957,0.7746789666288569,0.778055647073527,0.7783315192576076,0.7879784691250885,0.8337534784366656
0.9946166964612349,0.816426963184251,0.7758390266636035,0.7772052740729665,0.7754542740774819,0.7831597879113328,0.827076817382451
0.9946190060551297,0.8177632178262753,0.776941802122095,0.77631903798722,0.7725847463519637,0.7783859754283815,0.8204496202577036
0.9946260835009458,0.819096894290256,0.778010406551922,0.7754270874679025,0.7697609288556649,0.7737034061478042,0.8139275462237396
0.9946384144819846,0.8204451225219064,0.7790681212155844,0.7745595535439397,0.7670205262018163,0.7691578372239084,0.807565262328093
0.9946564770543156,0.8218251757921416,0.7801383402412644,0.7737464796861195,0.7644008702367416,0.7647943087881102,0.8014163244886238
0.994680740511457,0.8232544323804015,0.7812445172427237,0.7730177548955006,0.7619388403610035,0.7606570514666158,0.7955330685961285
0.994711664267506,0.8247503377289737,0.7824101134259561,0.7724030497827111,0.7596707886441099,0.7567894008322629,0.7899665112633113
0.994749696759972,0.8263303670847655,0.7836585471803831,0.7719317555638887,0.7576324695345529,0.7532337184295973,0.7847662596696654
0.9947952743735644,0.8280119886373442,0.7850131451390113,0.7716329258847466,0.7558589739549658,0.750031318994817,0.779980429920303
0.9948488203860928,0.8298126271550859,0.7864970946771239,0.7715352213603919,0.7543846675394938,0.7472224034534743,0.7756555732921429
0.9949107439376464,0.8317496281142059,0.7881333978059203,0.771666856700107,0.7532431327489458,0.7448459972560507,0.77183660971326
0.9949814390241252,0.8338402223089079,0.7899448264055586,0.7720555502748829,0.752467114591599,0.7429398936106483,0.7685667678360693
0.9950612835162268,0.8361014909247081,0.7919538787318448,0.7727284759612137,0.7520884696389839,0.7415406011172816,0.7658875309726909
0.9951506382049048,0.838550331051252,0.7941827371190014,0.7737122170994646,0.7521381180570146,0.7406832953774483,0.763838588301824
0.9952498458743498,0.8412034216054924,0.7966532267967635,0.7750327223894222,0.7526459983438473,0.7404017741065914,0.7624577906682765
0.9953592304034804,0.8440771896315851,0.7993867757283641,0.7767152635337756,0.7536410244570568,0.7407284152796478,0.7617811103256207
0.9954790958969736,0.8471877769393747,0.8024043753722503,0.7787843944472225,0.7551510450414157,0.741694137890171,0.7618426040488178
0.9956097258468106,0.8505510070399867,0.8057265422657705,0.781263911842029,0.7572028044542014,0.7433283648949419,0.7626743790397836
0.9957513823253707,0.8541823523340449,0.809373280324669,0.7841768170002607,0.7598219053061289,0.7456589879472493,0.7643065610969821
0.9959043052110674,0.858096901505879,0.8133640437501469,0.7875452785554364,0.7630327722487812,0.7487123335680044,0.766767264606336
0.996068711447588,0.8623093270757888,0.8177177004350172,0.7913905960809058,0.7668586167111334,0.7525131303335918,0.7700825637992716
0.9953711837104874,0.8659602424345945,0.8215788851300538,0.7948595537053545,0.7704477917601817,0.7562108662347333,0.7734028544076755
0.9871105710277291,0.8623600894827886,0.8182617855481804,0.7912683425043798,0.7671176161961337,0.7531235185685633,0.7700467020264273
0.9700723308531802,0.8502883987546828,0.8065483677205081,0.7794011044577993,0.7556515483196518,0.7420334323239223,0.7587970059629081
0.9446631930894324,0.8301366283225868,0.7868311821266342,0.7596508125044633,0.7364393883994907,0.723327028319019,0.7400394040080391
0.911482491783058,0.8024824141010326,0.7596875735279792,0.7325931022298309,0.7100512036566101,0.6975688520979388,0.7143360950095266
0.871301612175683,0.7680695825477236,0.7258596064678299,0.6989662476605326,0.6772174874472089,0.6654819040566807,0.68240621766315
0.8250377516055274,0.7277828601881259,0.6862287952311593,0.6596460638816255,0.6388043715074813,0.6279231346553277,0.6451014810155967
0.7737230606771488,0.6826182865278329,0.6417866437220656,0.6156167270135756,0.5957848588479947,0.5858550519952423,0.6033779836867674
0.7184704140714973,0.6336504882580357,0.593602140633379,0.5679386328206357,0.5492071672810662,0.5403145039515206,0.5582652671899936
0.6604371898719724,0.5819980812842245,0.5427874547889668,0.5177145087190635,0.5001613622228652,0.4923797814738063,0.5108337290885663
0.6007885068303799,0.5287885297252561,0.4904631322124362,0.4660550483227242,0.4497455111951099,0.4431372428489006,0.4621615732350504
0.5406613776293058,0.4751238048184052,0.4377241080213785,0.4140453503795306,0.3990326080632326,0.3936486769153285,0.41330249340088643
0.4811311826312736,0.4220481496328312,0.3856078104776209,0.3627134122586351,0.3490394891674525,0.344920602419633,0.3652552683479018
0.4231817552672602,0.3705191670237353,0.3350655501999039,0.3130018499286625,0.3006988929324733,0.2978766367929235,0.31893638639440647
0.3676802021460011,0.321383309648185,0.2869382549741195,0.2657438907275957,0.254835697024815,0.2533339571713904,0.27515671127417296
0.3153573656011292,0.275356665793514,0.2419374325832931,0.2216445145522264,0.2121482047986231,0.2119847214414418,0.23460305072598406
0.2667945832488232,0.2330117095068206,0.2006320257631388,0.1812674071477362,0.1731951477485717,0.1743831180849466,0.1978252941570706
0.222417119375321,0.1947704268478918,0.1634415730036061,0.1450281442882471,0.1383888316748116,0.1409384798105878,0.16522955566080544
0.1824943489408005,0.1609039529627297,0.1306358168395887,0.1131937576708579,0.1079945905378895,0.1119146360598046,0.13707750182474857
0.147146479616749,0.131538569606565,0.1023406198513045,0.0858885546506691,0.0821364359797251,0.0874354061724192,0.11349177297022602
0.1163573135478293,0.106667633074928,0.0785497711574345,0.0631057880866659,0.0608085160037049,0.0674958618748845,0.09446713525889212
0.0899922908902283,0.0861687415704417,0.0591420062397646,0.0447245131724966,0.0438917372608846,0.0519787295734016,0.07988674455938258
0.0678208329835341,0.0698252213950064,0.0439023332766898,0.0305307382002024,0.0311746747476661,0.040675071884432,0.06954267273332525
0.0495418240335651,0.0573508240348448,0.0325465710006161,0.0202417871712996,0.0223777024176179,0.0333081968388095,0.06315965655901103
0.0348109441755403,0.0484163900983499,0.0247478656145968,0.0135326535365553,0.0171791378724192,0.0295596014518761,0.06042088753828508
0.0232684991540738,0.042677157507571,0.0201638739760629,0.0100630421994304,0.0152421097450589,0.029095669829505,0.060994573516868364
0.0145663854129603,0.0397993738490165,0.018463280605692,0.0095037754662418,0.0162408324752127,0.0315938197761614,0.06455997539831913
0.0083928842430557,0.0394849168489326,0.0193503579659108,0.0115612783439983,0.0198850100280698,0.0367668259388527,0.07083165419960079
0.004494092185702,0.0414927303316348,0.0225863803587427,0.0159989570283319,0.0259411853736777,0.0443841396206103,0.07958075314660765
0.0024429857999564,0.0454080644681916,0.0277588807689311,0.0224064608977715,0.03400202581547,0.0540411953727928,0.09040430648570538
