Values,Values_03_58_36,Values_04_08_08,Values_04_17_58,Values_04_27_45,Values_04_37_33,Values_04_47_21,Values_04_49_09
0.0015356005015605,0.0015356005015605,0.0015356005015605,0.0015356005015605,0.0015356005015605,0.0015356005015605,0.0015356005015605,0.0015356005015605826
-0.0016491143324632,-0.0043936198853416,-0.0072002391701349,-0.009011943204871,-0.010161214952626,-0.0108480589169127,-0.0112399680899838,-0.011289293127035905
-0.0024931657061339,-0.0079313296679187,-0.0134137775014215,-0.0169515904125778,-0.0191940778633361,-0.0205322500880289,-0.021294282533567,-0.021390045649438017
-0.0013916433008568,-0.0094734476962711,-0.0175012917828904,-0.0226798876452292,-0.0259597325116098,-0.0279138558772896,-0.029024318908406,-0.029163646140855936
0.0021763407836078,-0.0085039244854261,-0.0189502485508603,-0.0256864747074558,-0.0299491734336568,-0.0324846728503957,-0.0339223312023893,-0.03410240635486427
0.0084298857664222,-0.0048096353165423,-0.0175513058950534,-0.0257643539332022,-0.0309568570874859,-0.0340400052160078,-0.0357840967581846,-0.036002162397056385
0.0176428543335854,0.0018772093086708,-0.013039682916112,-0.022650633147676,-0.0287210603764981,-0.0323187970676346,-0.0343489196469045,-0.034602261802824504
0.0301380883875245,0.011873262982064,-0.0051008309135063,-0.0160321134213346,-0.0229294120335329,-0.0270091258683824,-0.0293050992550782,-0.029591028674185792
0.0462433309669128,0.0255000046699963,0.0065857363937108,-0.0055889886163036,-0.013262506409042,-0.0177917604147301,-0.020333452641206,-0.020649281183992802
0.0662754887551885,0.0430682046711238,0.0223312644454,0.0089901946736236,0.0005912759977981,-0.0043548940434546,-0.0071219942069397,-0.0074650041268741535
0.0905111111192875,0.0648486922575864,0.0424089523591685,0.0279799929078513,0.0189073902765742,0.0135775803944078,0.0106058522340125,0.010238447343646121
0.1191632960334421,0.091049674510784,0.0670317812994863,0.051596205000995,0.041903463157446,0.0362245280253632,0.0330697842679191,0.032680888183845555
0.1523593527242551,0.1217949185829673,0.0963312564765873,0.0799749561441745,0.0697185927842743,0.0637270047027136,0.0604121336422089,0.060004826734838146
0.1901228292597345,0.1571064017556057,0.1303406423183183,0.1131562912538181,0.1023971687959818,0.0961322165046912,0.0926819095192724,0.09225951896920584
0.2323601716391006,0.1968916792258996,0.1689829053162194,0.151072471954323,0.1398773941943585,0.133382180136763,0.1298235421642177,0.12938972311216337
0.2788530637506451,0.2409369966732394,0.2120643506456276,0.1935419392425147,0.1819854565616899,0.1753080231097615,0.1716712608662226,0.17123008778251037
0.329256868647146,0.2889065359471662,0.2592742925773297,0.2402692532732547,0.228435642469221,0.2216302069246969,0.2179493830531811,0.21750544979710074
0.3831053314967733,0.3403479118740525,0.3101908219284186,0.2908510406687221,0.2788364049772608,0.2719646706315231,0.2682785044486089,0.26783703050021795
0.4398212829581037,0.3947036053012951,0.3642922958585918,0.3447875381472318,0.332701949893865,0.3258344460868887,0.3221871328689322,0.32175407205947554
0.4987326971759585,0.4513276219338628,0.4209737775985617,0.4014989214414781,0.3894685048993085,0.3826858933732654,0.3791279044696123,0.37871005124661444
0.559093083668781,0.5095062821975858,0.4795672717258354,0.4603452269980429,0.4485140540222085,0.4419083228803672,0.4384971389364085,0.4381022258516884
0.6201049218423575,0.5684817710410888,0.5393643328834967,0.5206484105099185,0.5091800587689033,0.5028555105237247,0.4996562306646541,0.49929300949150357
0.6809445706263878,0.6274768004089791,0.5996393660958919,0.5817148357889813,0.5707934421102259,0.5648673706698675,0.5619531329123326,0.5616314307542949
0.7407873399058046,0.6857189997535804,0.659672224707497,0.6428567902567013,0.6326874235171075,0.6272903689500444,0.6247425129152944,0.6244732540728214
0.7988304650504657,0.7424627229232015,0.7187678194293325,0.7034107518484822,0.6942189351127102,0.6894944073638294,0.6874023113079686,0.6871974957595647
0.8543156179080557,0.797009882704299,0.7762744155910497,0.7627541212491815,0.754784354571717,0.7508879300173933,0.7493484615801056,0.7492210918899357
0.906540554582534,0.8487194300056485,0.8315903526212228,0.8203102228698549,0.8138234011712918,0.8109211222795933,0.8100376583568627,0.8100016089438977
0.954892148770672,0.8970377977387419,0.8841916487498521,0.8755741249402558,0.870843800416163,0.8691098428069707,0.8689908346748996,0.8690606601301264
0.9987917128347924,0.9414413289152792,0.9335717713555478,0.9280507200729952,0.9253582618758558,0.9249718986999276,0.9257289995893176,0.9259196842715385
1.0379149525300737,0.981653193979489,0.9794560590864632,0.9774675477099783,0.9770962488227358,0.9782381389329564,0.9799839078417462,0.9803105584116558
1.071528654124936,1.0169772473372114,1.0211343696696058,1.0231066176750596,1.0253352415482917,1.028183354163056,1.0310287320068487,1.031506239423874
1.1014905714072565,1.0492947873262524,1.060454961651213,1.066796469956084,1.071891590248896,1.0766163415316852,1.080667625028323,1.0813102582225587
1.1326997442827156,1.0835167734968394,1.102287372271052,1.1133814333378438,1.121593843340933,1.128355840620009,1.133713305984399,1.134534529810073
1.166723278051456,1.1212206674562766,1.148178521585105,1.1643894281253542,1.175958067444644,1.184910665301982,1.1916702221447002,1.1926829256425182
1.2029956189101534,1.1618508248073216,1.1975448990724054,1.2192192848976011,1.2343720522333796,1.245661885543519,1.2539154315906955,1.2551319780231562
1.2415649447148325,1.2054614806833837,1.2504064312402434,1.2778690900378535,1.2968200946939343,1.3105853126389042,1.3204196283704592,1.3218517065628892
1.2822413550782228,1.2518659092819957,1.3065385472672562,1.3400899799072377,1.3630378822312244,1.37940706943381,1.3909031412043087,1.392561674659968
1.3249025812152162,1.3009412842419594,1.3657758639741675,1.4056890863005809,1.4328149388546427,1.4519057017441377,1.465137826311754,1.4670328521865468
1.369393573078968,1.352528183939659,1.427912142518868,1.4744297407408429,1.5058949631479464,1.5278125860266236,1.5428475106056547,1.544988062897798
1.415559735171353,1.4064634525610642,1.4927330991137442,1.5460642325165477,1.5820085262410235,1.6068445715810218,1.6237405893315662,1.626134575349867
1.4632377295458925,1.462570753637101,1.5600071647043208,1.6203246784141576,1.6608639873818063,1.6886949079780535,1.70750095103915,1.7101550267976184
1.512259435250553,1.5206642652535296,1.629489398101459,1.6969270628584132,1.742151593661551,1.7730373660761234,1.793792102037224,1.7967115473521265
1.562451911594707,1.58054842732584,1.7009215534558582,1.7755715076631151,1.8255438627518927,1.8595266780699933,1.882257633117398,1.8854462295724268
1.6136385585846291,1.6420189274029684,1.7740334686647676,1.8559439290072592,1.9106974025769847,1.9478004493341707,1.972523181218449,1.9759830961975466
1.6656399165558045,1.7048633845102024,1.84854424771563,1.9377175657949663,1.9972546613897144,2.037481042762151,2.064198391969695,2.067930072715572
1.7182745606740704,1.7688621962888194,1.924163702766708,2.0205548479219013,2.084846080446927,2.128177911348507,2.1568793617637643,2.16088144386245
1.771359951747734,1.8337894226978464,2.000593930514702,2.1041094813764314,2.1730925293066035,2.219490262065108,2.2501514449192004,2.254420679996015
1.8247132786310425,1.8994137517184768,2.077531065337644,2.188028791342501,2.261608065057929,2.311010093206123,2.3435924691267207,2.3481236767141573
1.8781522768689929,1.9654995407745808,2.154667196512873,2.271956305772889,2.350002995078839,2.402325583340408,2.436776336688553,2.441562385165823
1.9314960226403184,2.0318079399836373,2.231692444872244,2.355534565673953,2.437887222994423,2.4930248072310586,2.529276984237276,2.5343088053870235
1.9845656966389191,2.098098096462381,2.308297182803144,2.4384081323020457,2.524873837459776,2.5826997308939115,2.620672648167198,2.625939289213838
2.0371853134733096,2.164128436786472,2.384174374627745,2.52022674984955,2.6105828876048545,2.67095041890326,2.710550361570569,2.7160390775398753
2.089182411555546,2.229658020536491,2.459022005579312,2.600648608808415,2.6946452715760487,2.7573893664825584,2.798510585595288,2.8042069734760395
2.140388698296829,2.2944479537326656,2.5325455592054147,2.6793436427490804,2.7767066486301424,2.841645850156928,2.8841718573538486,2.890060031889744
2.19064064519328,2.3582628464704563,2.6044604950012142,2.7559967800680303,2.856431271372575,2.923370174785127,2.967175319031354,2.9732381280979476
2.2397800272589365,2.4208722945741763,2.6744946711107755,2.830311063420454,2.933505624421994,3.0022376833604114,3.0471889806082477,3.053408256139905
2.2876544012286897,2.4820523607761587,2.7423906515524794,2.902010543932524,3.007641750202435,3.0779523904934605,3.123911563232175,3.1302684016886007
2.334117517048947,2.541587027071177,2.807907834177651,2.9708428556941824,3.078580142742957,3.1502501021604057,3.197075773053139,3.2035508376011284
2.379029657419037,2.599269586753675,2.8708243349287823,3.0365813790759324,3.1460920969950563,3.218900893857052,3.266450867046624,3.273024702131099
2.422257900558863,2.654903942475168,2.93093856627486,3.099026909421257,3.209981414513252,3.283710836909977,3.3318443930761843,3.3384977410039007
2.4636763019700925,2.708305775691505,2.9880704531518245,3.1580087606267995,3.2700853861183607,3.344522887855736,3.3931030155016764,3.399817124171613
2.5031659917319096,2.7593035532853976,3.042062238307952,3.213385250635434,3.3262749975547847,3.4012168873177373,3.450112373541482,3.456869284595607
2.540615184824241,2.8077393390642964,3.092778840407938,3.26504353714958,3.3784543338186355,3.4537086508653387,3.502795960164041,3.5095787676154053
2.5759191030878807,2.853469381279613,3.140107742121567,3.312898795791161,3.4265591899899723,3.501948172612892,3.551113051799411,3.5579061225778115
2.608979808691903,2.896364452231463,3.183958401048125,3.35689275809412,3.4705549289810254,3.545917000204356,3.5950557606347946,3.601844910374169
2.639705950356038,2.936309922257433,3.224261192878968,3.3969916515636527,3.51043365744021,3.585624874688893,3.63464531871644,3.641417938346482
2.6680124250355863,2.9732055577087992,3.2609659127543145,3.433183607008518,3.5462108180662213,3.621105758212194,3.6699277338819134,3.676672865001294
2.6938199592825955,3.0069650405696504,3.294039876377408,3.465475618010545,3.5779213180331704,3.6524133944898174,3.700968979653347,3.7076773390630695
2.717054616010082,3.037515215794336,3.3234656762184747,3.493890152564368,3.605615327834632,3.679616560422386,3.727849893403556,3.7345138493843755
2.737647233868383,3.064795080817812,3.349238659312967,3.518461526793473,3.6293538919454855,3.7027941714694,3.750660959048589,3.7572744638217164
2.7555328078602264,3.088754539627557,3.3713642011741323,3.5392321548586927,3.649204492248779,3.7220303988366426,3.769497142823839,3.7760556270280077
2.770649821144732,3.109352950903037,3.389854854882823,3.5562487878117426,3.665236697775573,3.7374099442037294,3.784452934773274,3.7909531706651287
2.7829395391884697,3.1265575057224555,3.404727455436071,3.569558847729803,3.67751802108718,3.7490135992630993,3.795617726443675,3.8020576668792674
2.792345278502885,3.140341474988476,3.416000257141921,3.5792069528792205,3.6861100841116192,3.75691419478414,3.8030716293131146,3.809450229444393
2.7988116631571924,3.1506823699180706,3.423690176679766,3.585231716031858,3.6910651761611017,3.7611730194285338,3.806881811166973,3.81319883928244
2.802283883082192,3.157560060670648,3.427810207023328,3.587662882665443,3.6924232659684,3.761836764220545,3.8070994012818233,3.8133552444425454
2.802706968897644,3.1609548985507425,3.4283670584795263,3.586518859890224,3.690209509503971,3.7589350262353474,3.803756991766325,3.8099524609920934
2.800025098625787,3.1608458864040063,3.425359073403479,3.581804671714798,3.684432277404215,3.752478386080704,3.796866743195169,3.803002882038927
2.794180952221309,3.157208940081799,3.418774451448314,3.5735103626383453,3.6750817109973735,3.742457058986,3.7864190884021913,3.7924969879474006
2.785115130380502,3.150015281472138,3.4085898131431,3.561609860199877,3.662128804664708,3.728840109061897,3.772382019182361,3.778402641881344
2.772765654611011,3.1392300008799485,3.394769121660344,3.5460602983791047,3.645525004687271,3.7115752103428368,3.754700936186244,3.760664950569933
2.7570675660654755,3.124810823760169,3.377262976155208,3.526801797667422,3.6252023104745312,3.6905889359124657,3.733299041568011,3.739206669714824
2.737952641169085,3.106707114179691,3.3560082851548483,3.5037576939642845,3.6010738624983056,3.665787556741993,3.7080782557347214,3.713929135451556
2.7153492425927497,3.084859145051944,3.3309283250852872,3.476835206730599,3.573035001496476,3.637058333675537,3.6789206424231695,3.684713706317915
2.689182324606736,3.0591976631993103,3.3019331869100603,3.445926536407784,3.5409647845844447,3.6042712880392167,3.6456903289428095,3.6514237028508236
2.6593736122426765,3.029643775609153,3.268920612656035,3.410910381274588,3.504727944847541,3.5672814375027864,3.608235909502525,3.6139068329998314
2.625841973915119,2.9961091817150187,3.2317772228578003,3.37165386394096,3.46417728091576,3.525931483149652,3.5663933181545864,3.5719980900312462
2.588504007107033,2.9584967749339697,3.190380135168405,3.3280148569253,3.419156461274812,3.480054930583964,3.519989153460632,3.5255231049623643
2.54727485627901,2.916701634732988,3.144598973067453,3.279844694712119,3.3695032242277088,3.429479622043796,3.4688444293644176,3.4743019276705955
2.502069281172741,2.8706124278546628,3.094298261311221,3.2269912560095464,3.3150529483679514,3.37403164799956,3.4127787162356933,3.4181531999911354
2.4528029919805707,2.820113233664114,3.039340201165878,3.169302394491724,3.2556425603331136,3.313539596058631,3.351614623322857,3.3568986710778894
2.399394265270554,2.7650858035650456,2.979587813318592,3.106629689205565,3.191114736925038,3.247839082942685,3.2851825599416182,3.290367991115516
2.3417658509134074,2.705412257800861,2.914908429584428,3.03883247732562,3.121322348077647,3.176777502847176,3.213325698871229,3.2184037054102084
2.279847175390016,2.6409782145152585,2.845177506179793,2.965782122503452,3.0461330764437315,3.100218913744681,3.1359050529533503,3.140866358308008
2.2135768406229865,2.571676335605532,2.7702827216138823,2.887366462239118,2.965434139427971,3.01804897325374,3.0528045660432896,3.057639606565627
2.142905409775406,2.49741026169821,2.6901283114856707,2.803494368124112,2.8791370311501927,2.93017982853054,2.9639361132945385,2.9686352357847223
2.06779846225207,2.418098894683441,2.604639581090194,2.714100344078724,2.787182195777867,2.836554860968198,2.8692443039657904,2.8737979720129285
1.988239889466005,2.3336809709868165,2.5137675252367946,2.6191490803837376,2.689543540412482,2.7371531866934813,2.7687109828024568,2.773109983873011
1.9042353909336576,2.244119852603062,2.417493473601548,2.518639875819219,2.586232695476162,2.631993817933219,2.6623593333648965,2.6665949783774594
1.815816117198492,2.149408446480812,2.3158336698298925,2.4126108368625787,2.477302933270374,2.5211393979033656,2.550257497808574,2.5543218052346695
1.7230423923472176,2.0495741468694635,2.2088436840072694,2.301142761793592,2.362852660748492,2.4046994322367143,2.4325216415430577,2.4364074988845297
1.6260074350167282,1.94468368056562,2.0966225515274264,2.1843626186928184,2.2430284100323536,2.2828329521582744,2.309318406636906,2.313019703399082
1.524840983474136,1.8348477225462865,1.979316527260362,2.062446529571958,2.118027259153643,2.155750557574553,2.1808667134362336,2.1843784413482012
1.419712718404137,1.720225140206524,1.8571223426561263,1.935622178050889,1.988098625240233,2.0237158009397764,2.0474388843664246,2.050757202468883
1.3108353673747082,1.6010267192724743,1.730289855356734,1.8041705648920727,1.8535453822975565,1.8870458843478948,1.9093610762865512,1.9124833404673123
1.1984673685550349,1.4775182243142049,1.5991239863151798,1.6684270441664253,1.714724265442499,1.7461116522304174,1.767013017466904,1.7699377759229828
1.0829149691027604,1.3500226523782706,1.4639858485578154,1.528781582780635,1.5720455327536966,1.6013368701428414,1.6208270521350838,1.6235540099368506
0.9645336366171832,1.2189215501417583,1.3252929847216846,1.3856781975760244,1.425971864901938,1.4531967866253228,1.4712864999535198,1.473816457262239
0.8437286708899348,1.084655283426943,1.1835186473939912,1.239613537330083,1.277016491753036,1.3022159806076945,1.3189233405466274,1.3212581100067864
0.7209549183262185,0.9477221728412196,1.0391900769847984,1.0911345919207325,1.1257405447087163,1.148965502138077,1.1643152353936266,1.166457544740049
0.5967155129401113,0.8086764402531237,0.8928857561000648,0.9408355277923992,0.9727496442521992,0.9940593203044332,1.0080819022801792,1.0100352882625654
0.4715595953907546,0.668124946885268,0.7452316466539116,0.7893536677345352,0.818689744524797,0.8381500999991254,0.8508808622383157,0.852649561606747
0.3460789942656143,0.526722743653301,0.5968964455020089,0.637364653692205,0.6642422711119483,0.681924339331823,0.6934025864183989,0.6949914289993697
0.220903890377428,0.3851674962518216,0.4485859251532341,0.4855768534618517,0.5101186045956896,0.5260969123507442,0.536365081134095,0.5377793890486539
0.0966975233948321,0.2441928892777256,0.3010364568072691,0.3347250949555587,0.357053980476742,0.3714050771379157,0.3805079633668348,0.38175345930513244
-0.0258499615227482,0.1045611530576846,0.1550078420329395,0.1855638342098625,0.205800895014965,0.2186020266517322,0.2265860957040464,0.2276688219820938
-0.1460283936973977,-0.032945108603864,0.011275605157486,0.0388598841638184,0.0571221252236312,0.0684500777665638,0.0753628678572994,0.07628911684361432
-0.2631150195017733,-0.1675315841167779,-0.1293770808280338,-0.1046151510396105,-0.0882165117661284,-0.0782863887041946,-0.0723967700304966,-0.07162051453166962
-0.3763823202807817,-0.2984011893020516,-0.2661676479217072,-0.2440925783851815,-0.2294535210840302,-0.220848109358488,-0.2159334009966173,-0.21530051261703123
-0.4851060044237249,-0.4247630404873051,-0.3983223732016627,-0.3788142900494726,-0.36583906656905,-0.3584881026727591,-0.3545002283180958,-0.3540039790184112
-0.5885729689945423,-0.5458412376916185,-0.5250844148502382,-0.5080402443792963,-0.4966421310696242,-0.4904786735412021,-0.4873700160318102,-0.4870036110786594
-0.6860890340358071,-0.660883245418284,-0.6457214653561234,-0.6310555968419114,-0.6211573550256054,-0.6161181170633746,-0.6138417434268738,-0.613598352566227
-0.7769862711553037,-0.7691676846761505,-0.7595328637070425,-0.747177339762057,-0.7387114200006477,-0.7347369906062903,-0.7332468423080243,-0.7331196290804681
-0.8606297761092973,-0.8700113851680993,-0.8658560367859498,-0.8557603327488543,-0.8486688634064913,-0.8457038405788102,-0.8449549019552289,-0.8449370527644922
-0.9364237708616449,-0.9627755888645304,-0.9640721748037988,-0.956202634945868,-0.9504372366334282,-0.9484302945385722,-0.9483787499575692,-0.9484635040591382
-1.0038169614377173,-1.046871242630896,-1.0536110842994728,-1.0479500838461762,-1.043471549605373,-1.0423754587233216,-1.042978846029202,-1.0431595271113738
-1.062307120809296,-1.1217633650969208,-1.133955202503292,-1.1305001011977038,-1.1272779783358056,-1.1270495938108218,-1.12826695846098,-1.128537008002308
-1.111444907876882,-1.1869745183581295,-1.2046427960097252,-1.2034047420144014,-1.201416845959406,-1.2020170752270896,-1.203809126534673,-1.2041621386859938
-1.1508369712991016,-1.2420874553776062,-1.2652704020981815,-1.2662730353918166,-1.2655049194305694,-1.2668986760514658,-1.2692279443583057,-1.269657701747297
-1.1801484177379964,-1.2867470464857718,-1.315494600286927,-1.3187726933503088,-1.31921709120483,-1.321373238004494,-1.3242042295716654,-1.324704739180535
-1.1991047458883244,-1.3206616111183744,-1.355033222856414,-1.3606312843178945,-1.3622875356845314,-1.365178816976263,-1.3684781619499575,-1.3690436900744964
-1.2074933589893604,-1.343603792551776,-1.3836661247660715,-1.3916369796685102,-1.3945104424635877,-1.398113402405793,-1.4018499903629364,-1.4024750956127063
-1.2051647687350298,-1.3554111133395053,-1.4012356349262418,-1.4116389841522528,-1.4157404315504265,-1.4200353135759725,-1.4241804107832974,-1.4248599741076378
-1.1920335927824324,-1.3559863376698371,-1.407646802203701,-1.4205477539956868,-1.4258927496036315,-1.430863370309433,-1.4353907128118963,-1.436119963609289
-1.168079427386552,-1.345297744961769,-1.4028675315756165,-1.4183350905260677,-1.424943331334852,-1.430576921167957,-1.4354627780217912,-1.4362373154852976
-1.1333476477445892,-1.3233793883911549,-1.3869286798947535,-1.4050341736537713,-1.4129287878522252,-1.4192157903108835,-1.4244389915778504,-1.4252548005253531
-1.0879501536921123,-1.2903313749635812,-1.3599241487452616,-1.380739570274849,-1.3899463556608562,-1.3968801765105416,-1.4024221009589202,-1.4032755614796
-1.0320660401663313,-1.2463201629380405,-1.3220109762502976,-1.345607219918589,-1.356153808588053,-1.3637305067794874,-1.369575024572247,-1.3704629148851624
-0.9659421333237858,-1.191578830858229,-1.2734093931402926,-1.299854366355388,-1.3117693026491857,-1.3199872152679062,-1.3261205812927603,-1.3270400732642078
-0.889893297443854,-1.126407233285301,-1.2144027737395615,-1.2437593721216476,-1.2570710935277667,-1.2659303882878288,-1.2723410822777483,-1.2732897290941674
-0.8043023877487675,-1.0511719246080142,-1.145337382580988,-1.1776613256910915,-1.1923970405630793,-1.201899191183346,-1.2085777015021997,-1.2095534170636963
-0.7096197027269109,-0.9663057068423636,-1.0666217946877663,-1.101959330765898,-1.118143792309484,-1.128290974674796,-1.1352295237236123,-1.1362305534310797
-0.6063617787035417,-0.8723066424941097,-0.9787258543287332,-1.0171113558903024,-1.0347655387907668,-1.0455599491622642,-1.0527521599058831,-1.0537770426823465
-0.4951093708725445,-0.7697363710854341,-0.8821790348159821,-0.9236325217024828,-0.9427722158180704,-0.9542153165146662,-0.9616558217064176,-0.9627033433355396
-0.3765044796202131,-0.6592175787940582,-0.7775680714668393,-0.82209271327312,-0.8427270576865605,-0.8548187605252904,-0.8625027588292994,-0.8635718970173745
-0.2512463086744679,-0.5414304948441723,-0.6655337611041932,-0.713113425885881,-0.7352434158402434,-0.7479812190085979,-0.755903985321363,-0.7569938472889702
-0.1200860813834224,-0.4171083248550456,-0.5467668533881412,-0.5973637831369096,-0.6209807914134752,-0.6343588910595482,-0.642515251769603,-0.6436250056386109
0.0161793087164601,-0.2870315783227822,-0.4220029999010987,-0.4755557043280304,-0.500640066780666,-0.5146484700599572,-0.52303225753455,-0.5241610592667652
0.1567147798018992,-0.152021301904441,-0.2920167734900524,-0.3484382410281708,-0.3749579625367919,-0.3895816336899591,-0.3981851376557346,-0.39933205578261816
0.3006555821805543,-0.0129312885782546,-0.1576148195442474,-0.2167911470922294,-0.2447007883969043,-0.2599188631581752,-0.2687322995249468,-0.26989624033841225
0.4471167029993512,0.1293606090000674,-0.019628248992504,-0.08141778886862,-0.1106575959172379,-0.1264427016881937,-0.135453721419851,-0.13663335762500878
0.5952029454428542,0.2739618787340958,0.1210955737897654,0.056862460552397,0.0263671255083424,0.0100494061571734,0.0008561445955675,-0.00033756142211572167
0.7440194258259479,0.4199752351144539,0.2637016595033059,0.1972221702486827,0.16556104287758,0.1487525299965023,0.1393957015299333,0.1381899044159351
0.8926821975286552,0.5665087292797447,0.4073362252062966,0.3388339520155715,0.3061116827865727,0.2888617473813185,0.2793635934240327,0.2781480790761606
1.0403286913058625,0.7126858014414835,0.5511555016927634,0.4808785135977207,0.4472140586533636,0.4295795378581186,0.4199659739816825,0.41874353798169445
1.1861276587262437,0.8576549894073163,0.6943342898071719,0.6225524694468788,0.5880780439593757,0.5701229085375579,0.5604234939899337,0.5591973627892591
1.329288319685194,1.00059901768984,0.8360740499035156,0.7630757278063676,0.7279353297625096,0.709730100328147,0.6999778628027822,0.6987516842403119
1.4690684451396516,1.1407430166332573,0.9756103303166233,0.9016982951038196,0.866045828095218,0.8476667484408374,0.8378978644583581,0.8366756793388965
1.6047811502830485,1.2773616579432172,1.1122193703685257,1.0377063665381951,1.0017034106554106,0.983231398910564,0.9734847375496352,0.9722709329484097
1.735800228204077,1.409785039027554,1.245223748388102,1.170427602656305,1.1342409016367474,1.1157603118527044,1.1060768568621115,1.1048761027971028
1.8615639158803128,1.5374032002776252,1.373996982710156,1.2992355230321884,1.2630342720711625,1.2446315094183185,1.2350536814588142,1.2338708534860092
1.9815770490776925,1.659669213388267,1.4979670311079194,1.423552977717632,1.3875060086492492,1.3692680499773393,1.3598389564088535,1.3586790474820227
2.0954116263563094,1.776100831798644,1.6166186695302234,1.5428546833752974,1.507127651346739,1.4891405287759607,1.4799031726224592,1.4787711981635903
2.2027058613241426,1.886280743583336,1.7294947628957582,1.656668833110359,1.621421510823054,1.603768818870137,1.5947653010624894,1.593666201569726
2.3031618535948803,1.9898555105106293,1.83619646820668,1.7645778068437812,1.7299615887164403,1.7127230749950484,1.7039938245404114,1.7029323701919405
2.3965420504960413,2.086533313103156,1.9363824331300792,1.8662180230589225,1.8323737324802367,1.8156240282675389,1.8072070935907896,1.8061877951788117
2.482664702239473,2.1760806496631457,2.029767071651755,1.961278983716891,1.9283350624848024,1.9121426026671489,1.9040730341260272,1.9031000642866531
2.561398532693716,2.2583181572630817,2.1161180129248747,2.0495015730615185,2.0175727140686432,2.001998886631238,1.9943082353625412,1.993385363484579
2.6326568565390973,2.3331157350466145,2.19525283063229,2.130675678862506,2.099861942252627,2.084960496192777,2.077676448350349,2.0768069917924126
2.696391372512585,2.4003871555939416,2.267035168669909,2.204637212121492,2.1750236428281324,2.1608403708945008,2.15398652941532,2.153173322790899
2.752585853145293,2.4600843495551104,2.331370385242943,2.27126460882975,2.2429213509694943,2.2294940507545715,2.2230898694992005,2.222335252863248
2.8012499355763283,2.5121915433199176,2.388200841901964,2.330474905131641,2.30345778744182,2.290816491856152,2.284877359774153,2.284183185622405
2.8424131974457896,2.556719420239391,2.437500966820139,2.382219485021849,2.356571032511253,2.3447384892386585,2.339275955527229,2.3386436136560578
2.8761196781821337,2.5936994638261788,2.479272222784414,2.426479607072145,2.402230418154054,2.391222787886859,2.386244913287181,2.3856753718030594
2.902422980644306,2.623178627285944,2.513538109904005,2.463261823100434,2.44043223926841,2.4302599747433606,2.425771789403018,2.425265649550019
2.9213820622228965,2.645214458347476,2.540339330843768,2.492593406589265,2.471195393446341,2.461864255757062,2.4578683006200013,2.4574258626304655
2.9330577990115967,2.659870792163345,2.5597292423707683,2.5145179115150618,2.494557065667747,2.486069231056161,2.482566157560046,2.4821874944330173
2.9375103821064266,2.667214108364948,2.5717697110715405,2.5290909826523027,2.510568578395264,2.5029237876110475,2.499912989519549,2.4995980254870185
2.934797581795704,2.6673106313303028,2.576527483180389,2.536376536083671,2.519291528530857,2.512488231672392,2.509968483020456,2.509717073456662
2.9249738934904776,2.660224235381703,2.5740711684925803,2.5364434234126256,2.5207943302876603,2.5148307825125107,2.5128008567278672,2.5126128663700174
2.908090558691624,2.6460151988917,2.5644689262525864,2.529362684960135,2.515149277132971,2.510024544441772,2.508483791542342,2.5083591680984334
2.8841964349981,2.6247398330053886,2.5477869266339908,2.515205486009284,2.502430226577734,2.498145065740989,2.4970939269235517,2.497032767422117
2.853339671007292,2.5964509917386365,2.5240886448828244,2.494041815936815,2.4827109987844884,2.4792685811489386,2.4787090229354067,2.4787116305048005
2.8155701248438514,2.5611994504814954,2.4934350263120937,2.4659400128446234,2.456064563817771,2.453471019005136,2.453406872293795,2.4534738014320867
2.7709424489344205,2.519036119402476,2.4558855390850725,2.43096715609446,2.422563072948533,2.420827835204429,2.4212650280170984,2.4213971168203843
2.719519748560268,2.47001503701602,2.4115001081689766,2.3891903460160457,2.3822787668415284,2.381414713904693,2.3823613902897454,2.382559778543559
2.661377707793952,2.4141970674941207,2.360341898173206,2.3406788641531824,2.335285767852047,2.3353091496057155,2.336775671029021,2.3370418035340164
2.596609063878509,2.351654203592575,2.3024808853886154,2.285507179035488,2.2816627352986663,2.282592897037937,2.284591726644821,2.284927341643229
2.5253283002366325,2.2824743559046605,2.2379981308187977,2.223758732125948,2.2214963319064505,2.2233552446706315,2.225900718986923,2.2263078220773345
2.4476764194687783,2.2067664892827388,2.166990637191855,2.155530407067028,2.154885417320114,2.1576970352068696,2.1608050320872008,2.161285856553971
2.363825651324466,2.124665949534225,2.0895766449556343,2.0809375536881984,2.0819458516500107,2.0857353230954745,2.0894228388998703,2.0899797939260507
2.273983947142524,2.036339808835072,2.005901196403408,2.000119407787538,2.002815759725633,2.007608526093309,2.011893179013382,2.012528787771985
2.1783991120784543,1.941992047669086,1.9161417748191327,1.913244720045292,1.917661076666861,1.923481896791928,1.9283813767540117,1.929098206855703
2.077362429958255,1.8418683854216849,1.8205138084170995,1.820517384321932,1.8266811693421463,1.8335531125729376,1.839084600995227,1.8398851901812276
1.971211643133964,1.7362605718583108,1.71927581838866,1.7221818388439674,1.7301143081783208,1.7380577606186476,1.7442373452716518,1.7451241255478942
1.860333161478204,1.625509958262657,1.6127339879114233,1.6185280051057809,1.6282427515037112,1.6372744803328267,1.644116591451707,1.645091815035466
1.745163390713062,1.5100101804256327,1.5012459355851175,1.5098955301828592,1.5213972018277124,1.531529520610167,1.5390464140894615,1.5401120845598946
1.6261890905199126,1.3902088060966842,1.3852234930808882,1.396677109614793,1.409960401485553,1.4212004752681109,1.4294017871625286,1.4305595990579918
1.5039466970138478,1.2666078267178718,1.2651343129456707,1.2793206905602743,1.2943696546438224,1.3067189775108734,1.3156113711876434,1.3168626609727747
1.3790205716583623,1.1397629066534034,1.1415021680015345,1.1583303883458735,1.175118093796618,1.1885721637132458,1.198159086965516,1.1995047978103057
1.2520401687774916,1.0102813416894678,1.0149058474807795,1.0342659928531668,1.052754550795978,1.0673027574411835,1.077584321883857,1.0790249840783692
1.1236761455010682,0.8788187208949607,0.8859766051572556,0.9077409926606914,0.927881943514432,0.9435076749345715,0.9544806643489768,0.9560163924556484
0.9946354700608911,0.7460743302250469,0.7553941689128791,0.7794191020015622,0.8011541469864161,0.817835110880918,0.8294931191937858,0.8311236262576027
0.865655615494388,0.6127853804498578,0.623881376602288,0.6500093353471907,0.6732713791932813,0.6909801250906603,0.7033138187338994,0.7050384470775136
0.737497954578252,0.4797201838611556,0.492197556665167,0.5202597333334087,0.5449741929526938,0.5636788130096813,0.5766763068721259,0.5784940742471453
0.6109404967820932,0.3476704414827143,0.3611308205551549,0.3909498982370848,0.4170362228664292,0.4367012019979606,0.450348533372385,0.4522581925649688
0.4867701278830004,0.2174428330611776,0.231489474782629,0.262882543897257,0.2902558863243024,0.3108430671869538,0.3251247482935445,0.32712485772984085
0.3657745265106829,0.0898501241406727,0.104092790740914,0.136874300942463,0.1654472769721373,0.1869169021633274,0.2018165291675984,0.20390553165961095
0.2487339385082448,-0.0342979832856763,-0.0202386112787168,0.0137460412730461,0.0434305154068662,0.065742308131185,0.0812432031477564,0.08341950967771211
0.1364129892016506,-0.1542040283855701,-0.1406925023019445,-0.1056870052525354,-0.0749781662655346,-0.0518639209990303,-0.0357780586331147,-0.03351598327005381
0.0295527055314938,-0.2690917780199994,-0.2564746553911843,-0.2206250742011239,-0.188976332284589,-0.165097741385896,-0.1484421973775273,-0.14609575017648463
-0.0711370949526556,-0.378214821408973,-0.3668180930520976,-0.330293380796667,-0.2977849866294265,-0.273177569210603,-0.255966011077586,-0.25353637056779194
-0.1649849120171359,-0.4808645989661826,-0.4709917676239325,-0.4339511056530107,-0.4006577239890396,-0.3753535250995107,-0.3575974518315483,-0.3550855045400034
-0.2513640566073638,-0.576377724421763,-0.5683085087477003,-0.5308996712164895,-0.496889198594701,-0.4709160180330874,-0.4526242780001296,-0.4500305538254621
-0.3296984476998235,-0.6641424962853361,-0.658132114514189,-0.6204901721756478,-0.585822765520003,-0.5592035179448641,-0.5403819071424876,-0.537706525400711
-0.3994676581994358,-0.7436045328934395,-0.739883506970719,-0.7021298692467712,-0.6668571959404318,-0.6396094133080339,-0.6202603627727379,-0.6175029902403005
-0.4602111840863334,-0.8142715021864974,-0.8130459152723535,-0.7752877007119009,-0.7394524138798186,-0.7115878965223454,-0.6917102546953728,-0.6888700765588966
-0.5115319366063313,-0.8757169506718403,-0.8771690882100476,-0.8394988069554752,-0.8031342441037602,-0.7746588627170965,-0.7542477758321474,-0.751323480080499
-0.5530989788982801,-0.9275832638734928,-0.9318725699825392,-0.8943680976748368,-0.8574981965773711,-0.8284118441183315,-0.8074587354300865,-0.804448510907438
-0.5846495450016131,-0.9695838116190312,-0.9768480974146906,-0.9395729177949864,-0.902212340535046,-0.8725090305529241,-0.8510016774455921,-0.8479032255303118
-0.6059903900763471,-1.001504345053194,-1.0118611925929877,-0.9748648855242652,-0.9370193397380996,-0.9066874459248654,-0.8846101526223393,-0.8814207123042619
-0.6169985257624513,-1.023203718205301,-1.0367520320266208,-1.0000709843158977,-0.9617377297129182,-0.9307603603219748,-0.9080942229917646,-0.9048106089804213
-0.6176213942390211,-1.034614005759972,-1.0514356725273175,-1.0150939902953715,-0.9762625181551776,-0.9446180182282196,-0.921341278616373,-0.9179599320097773
-0.6078765294676951,-1.035740081373189,-1.055901706147207,-1.01991230908755,-0.9805651823336874,-0.948227756171243,-0.9243162393820016,-0.920833290339764
-0.5878507454055187,-1.0266587088094437,-1.0502134032448451,-1.0145792824793067,-0.9746931237732764,-0.9416335695551644,-0.9170612010408332,-0.9134725428148707
-0.5576988799665034,-1.0075171829827825,-1.034506385862333,-0.9992220078340164,-0.9587686226118388,-0.9249551702965122,-0.8996945663977187,-0.8959959399571854
-0.5176421116252444,-0.9785315414270586,-1.0089868550255987,-0.9740396936481168,-0.9329873138776908,-0.8983865562954647,-0.8724096816399759,-0.8685967699660412
-0.4679658542073714,-0.9399843505659958,-0.9739293772711646,-0.9393015551607712,-0.8976161876516036,-0.862194092924116,-0.8354729765637977,-0.8315415074719932
-0.4090172258922981,-0.8922220570556474,-0.9296742194934434,-0.8953442364646638,-0.8529910967356903,-0.8167140877475751,-0.7892215880525719,-0.7851674441209214
-0.3412020818347404,-0.8356518838711708,-0.8766242087235353,-0.8425687318964215,-0.7995137409471682,-0.7623498246019346,-0.7340604306681748,-0.7298797645128512
-0.2649815968656016,-0.7707382448450117,-0.8152410860151357,-0.7814367710909456,-0.7376480881008026,-0.6995680136450975,-0.6704586684042999,-0.6661480211656327
-0.1808683858896099,-0.6979986508060587,-0.746041322166254,-0.7124666300620676,-0.6679161893636347,-0.6288946113908366,-0.5989455389062953,-0.5945019594106148
-0.0894221549213419,-0.6179990856731192,-0.6695913680423351,-0.6362283356553088,-0.5908933517027768,-0.5509099698579262,-0.5201054866657755,-0.5155266483447982
0.008755115091197,-0.5313488417377381,-0.5865023237998538,-0.553338242821389,-0.5072026427966444,-0.4662432870676735,-0.4345725751425324,-0.4298568874592618
0.1130244370152894,-0.4386948194064704,-0.4974240288492755,-0.4644529829416764,-0.4175087236404322,-0.3755663518289079,-0.3430241690915364,-0.3381708799795771
0.2227155092891239,-0.3407153169294481,-0.4030385969685723,-0.3702628059122035,-0.3225110301490027,-0.2795866030483582,-0.2461739065572241,-0.24118319226695226
0.3371327847859371,-0.2381133588332792,-0.3040534471702579,-0.271484367365789,-0.2229363557816966,-0.179039556080795,-0.1447640133866573,-0.1396370521790889
0.4555618542596651,-0.1316096363482449,-0.2011939089735759,-0.1688530433687718,-0.1195309205500029,-0.0746806837624258,-0.0395570495174654,-0.034296075877817196
0.577276066034307,-0.0219351573565179,-0.0951955086428831,-0.0631148859636975,-0.0130520453484793,0.0327231247423444,0.0686727868659404,0.07406445039764711
0.701543289637994,0.0901762744633478,0.0132039313595391,0.0449816382931433,0.0957404181607141,0.1424023709839772,0.1791486367219383,0.18466657239019668
0.8276327198506211,0.2039956132171278,0.1232722259992085,0.154693960407149,0.2060927253665605,0.2535938356580521,0.2911000491005222,0.29673876294342416
0.9548216098086164,0.3188060057999066,0.2342906252042574,0.2652935875632494,0.317265747986605,0.365549343056154,0.4037719298379742,0.40952489744044396
1.0824018178353103,0.4339099500840928,0.3455612980541487,0.3760739547089813,0.4285431478505266,0.4775441845571116,0.5164331459250241,0.5222928844720091
1.2096860527399895,0.5486360180736564,0.4564143265332551,0.4863577552324352,0.539239007493972,0.5888849830782319,0.62838456011138,0.6343427252391347
1.3360137064175042,0.6623449930111973,0.5662140404749417,0.595503566169361,0.6487047195421206,0.6989167903237131,0.7389662803767418,0.7450137852823632
1.460756170439122,0.7744352835438235,0.6743645422813118,0.7029116019721178,0.7563349566556646,0.8070292293042459,0.8475639301010455,0.8536910834111903
1.5833215445382018,0.8843474983790465,0.7803142943365526,0.8080284578048735,0.8615725726990469,0.9126615248892616,0.9536137760063792,0.9598104340805624
1.7031586589169478,0.9915680903014618,0.8835596723784566,0.9103507370670936,0.9639123221211215,1.0153063033536782,1.0566065904237003,1.0628623191225752
1.8197603485068807,1.0956320075966637,0.9836474227277108,1.0094274964353187,1.0629033261852705,1.1145120857468005,1.1560901698307469,1.162394410350892
1.932665935038088,1.1961243222839404,1.080175998248444,1.1048614829321786,1.1581502592277644,1.2098844468773533,1.2516704802520924,1.258012713438187
2.041462891343241,1.2926808364796245,1.1727957852117146,1.1963091790825853,1.2493132730454335,1.3010858591076426,1.3430114492364589,1.3493813528369791
2.14578768109738,1.384987699131904,1.2612082689178508,1.2834797118875596,1.3361067203933992,1.3878342854074397,1.4298334710534286,1.4362210646802085
2.2453257855809183,1.472780093871156,1.3451642182781558,1.366132717168045,1.4182967772532278,1.4699006269395063,1.511910734091756,1.5183065071567388
2.3398109465185257,1.5558400836165522,1.424460997142719,1.4440752811923545,1.4956980962441668,1.5471051649519385,1.5890675152327691,1.5954625338351784
2.4290236701315084,1.6339937179623782,1.4989391319506735,1.5171581052300942,1.568169649011511,1.6193131635690223,1.6611736137847586,1.6675596033681055
2.512789051860403,1.7071075246359777,1.568478280641971,1.5852710550745126,1.635609932874544,1.6864298183882354,1.728139116544591,1.7345085180888107
2.5909739934605627,1.775084516190355,1.6329927564865927,1.64833826642204,1.6979517262139583,1.7483947453507382,1.7899086954291474,1.7962546939394044
2.6634838941173538,1.837859847585775,1.6924267627217664,1.7063129785114628,1.7551565782741356,1.8051762054205245,1.8464556401617545,1.8527721652133393
2.730258904718892,1.8953962597129927,1.7467494901342016,1.7591722632044626,1.8072092129164423,1.856765253894324,1.8977758214451352,1.9040575204979096
2.791269839391467,1.9476794387269587,1.7959502207417624,1.8069118056346856,1.8541120133860995,1.903169989738296,1.94388176601358,1.950123952080139
2.8465138408568995,1.994713411979361,1.840033567467568,1.8495408767788823,1.8958797375818968,1.9444100615272324,1.984797005308031,1.9909955813153883
2.896009896201845,2.0365160891618737,1.8790149632205035,1.8870776190459355,1.9325345920112345,1.980511563806954,2.0205508357816075,2.0267021985839726
2.9397942974274422,2.073115042861848,1.9129164941999304,1.919544744508524,1.9641017689744824,2.0115024325083364,2.0511736025840865,2.057274530051033
2.97791613691818,2.1045436069586274,1.9417631525991264,1.9469657229428616,1.990605526900591,2.037408421851008,2.076692591095405,2.0827401160113936
3.0104329220456747,2.130837354985612,1.9655795641792084,1.969361514514121,2.012065869377082,2.05824971929374,2.097128583845935,2.1031198585183195
3.03740638587384,2.152031004506193,1.9843872272795229,1.986747880707092,2.0284958553259305,2.074038230626752,2.112493114933574,2.1184252704285695
3.0588985627667293,2.168155778354567,1.9982022824253216,1.999133287727064,2.039899551808053,2.0847755451430445,2.122786431045557,2.128656434872215
3.0749681890470626,2.179237239801961,2.007033816317698,2.006517399650365,2.04627062269489,2.0904515716033543,2.1279961482718126,2.1338006641336387
3.085667480138602,2.185293606718985,2.0108826910003947,2.0088901444509344,2.04759153130237,2.0910438198115404,2.1280965774567577,2.1338318304115513
3.091039327247979,2.1863345398736023,2.0097408785835307,2.006231324840684,2.043833323204222,2.086517290204754,2.123048678037576,2.128710328070873
3.091114948946972,2.182360392757095,2.0035912741051822,1.9985107376394613,2.034955946806551,2.0768249248981445,2.112800591111301,2.118383617758453
3.0859120262762985,2.1733619047748856,1.9924079538426087,1.9856887600000328,2.02090906370316,2.0619085679118125,2.097288696648224,2.1027872969132164
3.0754333443811497,2.159320316175138,1.976156843457124,1.9677173580111853,2.0016332980576235,2.04170037953456,2.0764391369900816,2.0818466384211214
3.059665959271084,2.1402078815276337,1.9547967595061069,1.944541472670404,1.97706187391424,2.01612464955488,2.050169748625758,2.055478539030529
3.0385809050161354,2.115988758647854,1.928280788765736,1.9161007395927827,1.947122591024729,1.985099955984164,2.018392346272781,2.0235938211989213
3.0121334543654106,2.0866202512679024,1.89655797212709,1.8823315017167823,1.9117400930714927,1.9485416194669247,1.9810153070476495,1.9860998358225066
2.98026394410528,2.0520543861267524,1.859575263187574,1.843169078286472,1.8708383866547067,1.906364408382159,1.9379464075316664,1.9429033183534474
2.942899175053371,2.012239808093035,1.8172797356775696,1.7985502581395831,1.8243435746808472,1.8584854552674133,1.889095872399245,1.8939134567015494
2.899954394915539,1.9671239800259923,1.7696210181509862,1.7484159904201186,1.7721867734455865,1.804827351236358,1.8343795995602847,1.839045135634744
2.85133586975807,1.916655676889316,1.7165539385325428,1.6927142508714028,1.7143071883495886,1.7453213911125107,1.773722533073908,1.7782223287318955
2.796944045975326,1.8607877657079723,1.6580413647460872,1.6314030664479808,1.6506553284178274,1.6799109476598668,1.707062161008792,1.7113816148930399
2.7366772987833743,1.799480263847317,1.5940572303295255,1.5644536846979766,1.5811963441932746,1.6085549581327094,1.6343521205297182,1.6384758015499814
2.670436254911828,1.7327036673471474,1.5245897352435165,1.4918538767777172,1.5059134767018676,1.5312315099416969,1.555565896324873,1.559477640587554
2.5981286658670126,1.660442538234194,1.4496447115736466,1.4136113636227046,1.4248116065755525,1.4479415140655494,1.470700600568874,1.4743836250964863
2.5196747936190835,1.582699334485345,1.3692491410997016,1.329757353274284,1.337920891608139,1.358712454440923,1.3797808224416477,1.3832178549299912
2.4350132527452724,1.4994984583225717,1.2834548064009623,1.2403501732451525,1.2453004775635466,1.263602198468184,1.282862532305002,1.286035956137026
2.3441072321177243,1.4108904876176138,1.1923420490189671,1.145478974776838,1.1470422605898114,1.1627028475764265,1.1800370195523873,1.1829290332679037
2.246950995635204,1.3169565413765854,1.096023597093338,1.0452674757130351,1.0432746698786235,1.0561445972237025,1.071434833594385,1.0740276239903659
2.143576536078851,1.2178127138038914,0.9946484109195848,0.9398776955069652,0.934166426220146,0.9440995627031828,0.9572296843336706,0.9595056123238769
2.034060230096052,1.1136144928421747,0.888405478422256,0.8295136198967173,0.8199302160884953,0.8267855109046471,0.8376422420212812,0.839584040296838
1.9185293171098503,1.0045610592145058,0.7775274742957171,0.7144247146594119,0.700826202461326,0.7044694193324326,0.7129437571505562,0.7145347385340829
1.797168002454768,0.8908993420723946,0.6622941776051832,0.5949091886162554,0.577165273739146,0.5774707632179323,0.5834594000532576,0.5846836752086279
1.6702229673375748,0.7729276889392542,0.5430355244022753,0.4713168871314531,0.4493119123289114,0.4461644109548515,0.449571198606029,0.45041390143797444
1.5380080575156194,0.6509989925790971,0.4201341561606061,0.3440516805206576,0.3176865465361296,0.3109829892266526,0.3117204328786747,0.31216795152269894
1.4009079210353208,0.5255231077414573,0.2940273135850653,0.2135731991344458,0.1827672355353876,0.1724185643382078,0.1704093299785028,0.1704495407440527
1.2593803748921668,0.3969683884842648,0.165207920690749,0.0803977606204414,0.0450905296989869,0.0310234778595862,0.0262018933104207,0.025824394314924167
1.1139573024966,0.2658621838183481,0.0342247079668742,-0.054901662866308,-0.0947486502458622,-0.1125898248273119,-0.1202762994786185,-0.12107995892822848
0.9652439190789308,0.1327901471829167,-0.0983187624397373,-0.1916965771301854,-0.236098259902454,-0.2577501229846817,-0.2683394842216606,-0.26957558313082514
0.8139162904365599,-0.001605755493552,-0.2317662812657115,-0.3293053135559424,-0.3782516244982865,-0.4037300318363898,-0.4172444136307998,-0.41891685296261527
0.6607170504252198,-0.1366306138196604,-0.3654124614885629,-0.466996671346729,-0.5204512631282888,-0.5497499854304052,-0.5661944684132013,-0.5683045846309235
0.5064493318715549,-0.2715413410475391,-0.4985075205455791,-0.6039948867454714,-0.6618940800287201,-0.6949836300412734,-0.7143452171191617,-0.7168916216559059
0.3519690005695821,-0.4055528078253538,-0.6302633481228501,-0.7394859054447545,-0.8017379008636737,-0.8385646069093287,-0.8608114036762615,-0.863789854341477
0.198175358214272,-0.5378452444207982,-0.7598607718385645,-0.872624872412656,-0.9391092673911308,-0.9795946358202032,-1.0046752719695011,-1.0080785819202573
0.0460005523907221,-0.6675727514872777,-0.8864578719113685,-1.002544689881888,-1.0731123372421745,-1.1171527413244513,-1.1449960645461417,-1.1488140536696136
-0.103602005249009,-0.7938727014979702,-1.0091991386418355,-1.128365434310746,-1.2028386722253843,-1.2503053968875877,-1.2808204633911942,-1.2850399557599792
-0.2496698627529145,-0.9158757647177848,-1.127225218228185,-1.2492043720292243,-1.327377644228388,-1.3781173049561817,-1.4111936810267325,-1.4157985505410813
-0.3912440134445318,-1.032716259438847,-1.2396829576854735,-1.364186276006597,-1.4458271478138107,-1.4996624885806813,-1.535170865990836,-1.5401421304978893
-0.5273812542712173,-1.1435425096226206,-1.345735442115564,-1.4724537267761644,-1.5573042874534342,-1.6140353476584406,-1.6518284631390292,-1.6571444253475998
-0.6571660415849654,-1.2475268961054256,-1.4445717195401029,-1.5731770816184438,-1.6609557079281123,-1.7203613332469414,-1.7602751695961298,-1.7659116011478664
-0.7797215046852203,-1.3438753104680006,-1.5354159304721475,-1.6655638183721868,-1.7559672596744698,-1.8178069178362843,-1.859662152772048,-1.8655925160636793
-0.8942193326204031,-1.4318357620660949,-1.617535599982545,-1.7488670024021962,-1.8415727354934093,-1.9055885866668487,-1.949192246325815,-1.9553879472756648
-0.9998883202971734,-1.5107059453964276,-1.6902489060420975,-1.822392684022724,-1.917061477593892,-1.982980641490456,-2.028127909508135,-2.0345585735692944
-1.0960214405139306,-1.5798396423656984,-1.7529308047303875,-1.885506104110524,-1.9817847291187685,-2.049321687934967,-2.0957978189612247,-2.102431582401298
-1.1819813930148495,-1.6386519066545082,-1.8050179648522184,-1.93763666166933,-2.035160685498248,-2.104019763761193,-2.1516020523104427,-2.1584058611369366
-1.2572046637858867,-1.6866230493697287,-1.84601253555921,-1.9782816721798813,-2.076678281049832,-2.146556150080256,-2.1950159115580323,-2.2019558214296007
-1.321204201728878,-1.72330151092103,-1.8754848349522333,-2.007009013378644,-2.1058998182751667,-2.176487983548674,-2.2255925134415366,-2.232633985357706
-1.3735708805957283,-1.748305758638849,-1.893075100372668,-2.023458810233424,-2.1224626053493094,-2.1934498482504416,-2.2429643367290635,-2.2500725250638793
-1.413973957954347,-1.7613253893211962,-1.898494478476854,-2.027344349312874,-2.12607980697866,-2.1971545667024666,-2.2468439579203743,-2.253983989248434
-1.4421607677892423,-1.762121638313081,-1.891525453066864,-2.0184524321951014,-2.116540732686191,-2.1873934276197184,-2.2370242243493155,-2.244161467281885
-1.4579558884632595,-1.7505275010530508,-1.872021910486777,-1.9966433775791683,-2.0937107843047085,-2.1640360834801817,-2.213378107058501,-2.220478434753632
-1.461260014004789,-1.726447659885658,-1.8399090271806613,-1.961850863625503,-2.0575312626045235,-2.1270303254217406,-2.1758584471843454,-2.182888495149842
-1.452048726148653,-1.6898583802338478,-1.795183134037458,-1.914081768476834,-2.0080191947598283,-2.076401900258148,-2.124497763016852,-2.1314251851814134
-1.4303713203854795,-1.6408074988594972,-1.7379116706717517,-1.853416121660933,-1.945267294122108,-2.012254479336065,-2.0594082257719624,-2.0662019515242465
-1.3963497853335476,-1.579414576532788,-1.6682332936541,-1.780007226503559,-1.8694441064852088,-1.9347698271183729,-1.9807818464674167,-1.9874123404960373
-1.3501779753325005,-1.505871231994958,-1.5863581499757025,-1.6940819582753843,-1.780794337730008,-1.8442081543260944,-1.8888908501144923,-1.8953303755322148
-1.2921209557075726,-1.420441617758666,-1.4925682746746218,-1.595941188802378,-1.6796393010708397,-1.7409085812380762,-1.7840881520884009,-1.7903110356487366
-1.2225144429831212,-1.3234629450238642,-1.3872180231621871,-1.4859602393688731,-1.566377371983329,-1.625289585442641,-1.666807799309383,-1.672790695709354
-1.141764212414219,-1.2153459184230824,-1.2707344074176623,-1.3645892228699223,-1.441484298205027,-1.4978492679124866,-1.537565198730572,-1.5432873492284167
-1.050345305999104,-1.0965749045566022,-1.1436171732518128,-1.2323531054170973,-1.3055131828610531,-1.3591652434699857,-1.396956929198015,-1.4024004082286379
-0.9488008483861567,-0.9677076337954316,-1.0064384349521536,-1.0898512982337345,-1.159093941696542,-1.2098939471467467,-1.2456599204036274,-1.2508098626797166
-0.837740267717609,-0.829374224326643,-0.8598416747844906,-0.9377565832126294,-1.0029320307000105,-1.0507691463484623,-1.0844297838156582,-1.0892745836434885
-0.7178367244451024,-0.6822753217814943,-0.704539918347712,-0.7768131798704981,-0.8378062475912096,-0.8825994592490264,-0.9140980939634908,-0.9186295682152924
-0.5898235734802344,-0.5271791670470196,-0.5413129123772551,-0.60783377709283,-0.6645654288881896,-0.7062647013082668,-0.7355684428571144,-0.7397819492204014
-0.4544897226344565,-0.3649174381802944,-0.3710031584747268,-0.4316953792040685,-0.4841238925935334,-0.5227109130725797,-0.5498111242918954,-0.5537056270250328
-0.3126738010523007,-0.1963797580536164,-0.1945106931827033,-0.2493338515250158,-0.2974555139886425,-0.3329439624659766,-0.3578563472411164,-0.36143442365524286
-0.1652571122074941,-0.022506815058776,-0.0127865502594015,-0.0617370945894396,-0.1055863677057651,-0.1380216628019994,-0.1607859276898992,-0.1640537099035026
-0.0131554131773347,0.1557178931177723,0.1731751069119676,0.1300631726342721,0.0904140777284264,0.0609555969680483,0.0402765345022128,0.0373094863627304
0.1426903690504493,0.3372776163908781,0.362346138185022,0.3250009832114156,0.2894431673343825,0.2628556515266803,0.2441769235100595,0.24149781858199296
0.3013243072073806,0.5211330674123902,0.5536747612003888,0.5219869479965827,0.4903765592524303,0.4665266627876702,0.4497431811766452,0.4473362653425903
0.4617862933345041,0.706234090024933,0.7460969051110221,0.7199201750499937,0.6920808392349858,0.6708103323571822,0.6557989751624793,0.6536458660402822
0.6231232248817321,0.8915320206862714,0.9385483646062984,0.9177010582208092,0.8934270050894577,0.874555956631285,0.8611781778801643,0.8592582619540695
0.7844002412111288,1.0759924371056,1.1299774841469907,1.1142446508739718,1.0933045113883666,1.0766349908515749,1.0647398036809148,1.0630306873863296
0.9447116788603398,1.2586079553242395,1.319358058888521,1.3084942879935335,1.290635507269392,1.27595572901496,1.2653829917482518,1.2638609954691449
1.1031914165246746,1.4384107175904297,1.5057021056965736,1.4994350776991394,1.4843888545446686,1.4714776604187676,1.4620615766186829,1.4607022578469526
1.2590223011467108,1.614484209653282,1.6880721373963483,1.686106855395136,1.6735934844022284,1.6622250361806774,1.653797762904602,1.6525764524679358
1.4114443831470158,1.7859740578718644,1.865592568103068,1.867616183876205,1.8573506430611912,1.8472991750787964,1.839694420631509,1.8385867541689298
1.559761738944988,1.952097483475464,2.0374598888346016,2.0431469935708644,2.0348445931589705,2.025889060980616,2.018945546092732,2.0179279720877203
1.7033477188993549,2.1121511324614684,2.2029512815697614,2.211969490380537,2.205351380102861,2.1972798354545007,2.1908444914955747,2.189894737364214
1.8416485245200924,2.2655170534163025,2.361431386492353,2.3734470143563056,2.368245340697116,2.360858867865935,2.3547896533832957,2.3538871324774173
1.974185085993424,2.4116666598414964,2.5123570001715123,2.5270406089531043,2.523003122237278,2.5161191875795623,2.510287420353827,2.5094135652847998
2.1005532756591903,2.5501625856459063,2.655279559369359,2.672311154026546,2.669205088711287,2.662660182395617,2.656952307672554,2.6560908189728782
2.2204225515460703,2.680658419086882,2.789845352193728,2.8089190204431627,2.806534109432322,2.800185595460081,2.794504340540241,2.793641344118164
2.333533174625118,2.8028963779444456,2.9157934904113554,2.9366213130689705,2.9347718455902365,2.928498979701025,2.922763878393489,2.9218879901603736
2.4396921822002384,2.916703063167219,3.032951768072491,3.055266874105184,3.053792762566278,3.0474968842384085,3.041644189077205,3.040746490136186
2.538768326872024,3.0219834956964777,3.1412306160535737,3.164789312437984,3.1635561916836075,3.157160142056791,3.151142174745559,3.1502161052067885
2.63068620573475,3.118713698001097,3.2406154339342828,3.265198400006271,3.264096837232788,3.2575436954801096,3.2513277140757744,3.2503688975282508
2.715419808621414,3.206932125014198,3.331157635035039,3.356570228099898,3.355514168450397,3.3487654315512825,3.342332114241479,3.341338127865064
2.792985708625724,3.2867302765505504,3.41296477426116,3.439036542286527,3.4379611499507075,3.43099450256848,3.4243361611149745,3.4233062681720923
2.8634361045502152,3.35824283397001,3.4861901403831514,3.5127736742856173,3.5116327493190185,3.5044395803667028,3.497558220829595,3.496493082774636
2.926851905317842,3.421637658170459,3.5510221853207224,3.5779914650591103,3.576754621324936,3.569337441868718,3.562242786416602,3.561144171166018
2.983336022743833,3.4771059655110017,3.6076741355573545,3.634922530260552,3.6335723107241376,3.6259422153250007,3.618649787850915,3.6175202890363645
3.033007013282188,3.5248529655842424,3.656374089104309,3.68381216293852,3.682341247227188,3.67451553974642,3.667044901274764,3.665887680797192
3.0759931830992664,3.5650892032050456,3.697355850429383,3.724909105516194,3.723317734383876,3.715317812316065,3.707691011731282,3.706509574925149
3.112427245440913,3.598022800225476,3.7308507006269465,3.75845735973267,3.7567510655073897,3.7486006268774505,3.740840910313076,3.73963891979956
3.142441595766256,3.62385274441727,3.75708024555849,3.784689144571213,3.782876839472477,3.774600445912272,3.766731246024527,3.7655123771353356
3.1661642491886344,3.642763325842727,3.776250434521235,3.803819061832876,3.801911500455129,3.7935335015127887,3.7855777073135153,3.7843455450092462
3.18371546673771,3.654919778308406,3.7885467987341497,3.81603948882604,3.814048089593595,3.8055918882915662,3.797571378297055,3.7963293529312256
3.195205081898576,3.660465146232817,3.794130923726776,3.821517187833008,3.81945317245615,3.810940791616452,3.802876198402066,3.8016275555769026
3.2007305266280968,3.659518366218273,3.793138142461644,3.820391101372533,3.818264891989548,3.809716785279013,3.801627448326645,3.800375246475739
3.2003755462629724,3.6521735276303904,3.785676415579388,3.812771288612067,3.810592089315019,3.8020271302047366,3.7939311860759872,3.792678314273936
3.1942095849787164,3.6385002567373936,3.771826349724235,3.798738948930189,3.7965144310842094,3.7879500064808256,3.779864560510943,3.7786137683039778
3.182287817245813,3.6185451532171777,3.751642292423842,3.7783474709559934,3.7760834791372,3.7675356116598167,3.759476933113072,3.758230863827864
3.1646517955731044,3.592334194727549,3.7251544305259694,3.751624437251295,3.749324633675374,3.740808056739664,3.73279173927226,3.7315529582352736
3.1413306802838,3.5598760134836165,3.692371807249777,3.7185745047681658,3.716239873841082,3.707767986320478,3.699809017334244,3.69858002667761
3.112343012767055,3.521165937442131,3.6532861596824295,3.6791830688710463,3.676811209365718,3.668395841302938,3.660508527163425,3.659291759382777
3.077698989308727,3.47619067726013,3.607876464007045,3.6334206045731503,3.6310047447286617,3.622655672306838,3.614853371430202,3.613651154594815
3.0374031880538293,3.424933528704296,3.5561140606019457,3.581247564026071,3.578775244787062,3.570499401717331,3.5627940243323084,3.5616085128472217
2.9914576968169246,3.3673799491727965,3.497968216728345,3.522619696087542,3.5200710802697768,3.511871424254718,3.5042726664383554,3.5031057325515866
2.9398655843570443,3.303523357396538,3.433411972522307,3.457493644044111,3.454839425095568,3.4467134324764874,3.4392277230736448,3.4380808059391956
2.8826346524737887,3.233370998406565,3.362428108209927,3.385832673179758,3.383031577017693,3.374969356407697,3.3675985088235483,3.3664724198903357
2.81978140102924,3.1569497127365773,3.2850150684310977,3.3076123822346024,3.3046082797208607,3.2965903164355965,3.2893298930194645,3.2882245788115356
2.7513351329678835,3.0743114506653977,3.20119268434646,3.2228262624776947,3.2195449383308814,3.211539505481108,3.20437692004731,3.203291185992862
2.6773421218341507,2.985538379840708,3.1110075461702973,3.131490984774264,3.127836640400812,3.1197969389171862,3.1127093423473893,3.111640544126325
2.597869760421912,2.8907474481167177,3.014537897465812,3.0336513173627897,3.029502918867931,3.021364036367314,3.014316050404131,3.013259762201148
2.5130106062761093,2.7900942825726576,2.911897946714962,2.9293846029652846,2.924592219523527,2.916268025285685,2.9092094095060776,2.908159081429888
2.4228862380308382,2.6837763295768267,2.8032415194326035,2.818804750686009,2.813186060075128,2.8045661786719074,2.79742953398489,2.7963761535703817
2.327650836215524,2.5720351680576514,2.68876500310897,2.7020657230647203,2.69540288778597,2.6863499151248296,2.6790485426360906,2.677980317598054
2.227494403368239,2.4551579571367323,2.5687095650848306,2.579364518988942,2.571401655265306,2.5617487960105083,2.5541748414037544,2.553076922470839
2.1226455412126275,2.3334780081227326,2.4433626478256705,2.450943666833932,2.441385137384083,2.4309344501020536,2.4229574695700533,2.4218117331216877
2.01337370739844,2.207374497776302,2.313058765172423,2.3170932479225685,2.3056030057140933,2.294124440175124,2.2855905233543927,2.284375433562487
1.8999908809634125,2.0772713632156306,2.1781796359041112,2.178152467921245,2.164354660761315,2.15158605958867,2.142317637146549,2.141008206275226
1.7828525742937846,1.943635437731744,2.0391536970497257,2.0345107838902865,2.0179917982011024,2.0036400120111715,1.993436460079868,1.992004323452818
1.66235813994879,1.8069739005249563,1.8964550393406272,1.8866085791113243,1.866920655972167,1.8506638874351529,1.839303017954616,1.8377166368471367
1.5389503332206227,1.6678311218899833,1.750601802211845,1.7349373589702417,1.7116038578467558,1.6930953065116163,1.680335802135563,1.6785608035326656
1.413114105609612,1.5267849890864904,1.6021540575755628,1.5800394219766374,1.55256173977316,1.5314345675039474,1.5170193829057774,1.5150190398006274
1.2853746203019094,1.3844427978350555,1.451711202214674,1.422506943449205,1.390373021706924,1.36624660027681,1.34990730980388,1.3476431596729048
1.1562944979448109,1.2414367911242274,1.299908870114487,1.2629803982726058,1.2256746732786576,1.198162013764674,1.179624040237567,1.177056632770996
1.026470319112098,1.0984194219406411,1.1474153701775778,1.1021462456986646,1.0591608192595698,1.0278770205843069,1.00686563386202,1.0039553922698097
0.8965284283143218,0.9560584107241088,0.9949276529373908,0.940733804936122,0.8915805421788688,0.856152037038452,0.8323989663689547,0.8291071399983959
0.7671201026039142,0.8150316627064902,0.8431668129188247,0.7795112658520252,0.723734465244059,0.6838087895173774,0.6570592535011343,0.6533489335116914
0.6389161650274624,0.6760221054528086,0.6928731413649487,0.6192808041139715,0.5564700382572939,0.5117258085355404,0.4817457336468664,0.4775828985241047
0.5126011386069609,0.5397125032146094,0.5448007566937055,0.4608728031906784,0.3906755005595724,0.3408322570621039,0.307415432842386,0.3027699870134204
0.3888670493928576,0.4067803021455864,0.3997118562197143,0.3051392245808743,0.2272725550182722,0.1721001166213889,0.1350750252080345,0.1299217923070286
0.2684069966750564,0.2778925587653623,0.2583706508668798,0.1529462095467746,0.0672078515512122,0.0065348377433534,-0.0342291010252373,-0.03990946833816111
0.1519086140212276,0.1537010028315884,0.1215370629971803,0.0051660371228141,-0.0885565572017307,-0.1548353553541665,-0.1994223637002714,-0.20564259291399095
0.040047545966072,0.034837284421796,-0.010039715833944,-0.1373313992737211,-0.2390535668541345,-0.3109712390671349,-0.3594147936962218,-0.3661803514636653
-0.0665189383395575,-0.0780915470578656,-0.1356276972566402,-0.2736874040528925,-0.3833219096379193,-0.4608351129309307,-0.5131147525568762,-0.5204233777717528
-0.1671580813603921,-0.1845072875493923,-0.2545184806575365,-0.403063367840541,-0.520417277773895,-0.6034036943784745,-0.6594431295518022,-0.6672845565711657
-0.261267422582608,-0.2838645072598964,-0.3660334302493118,-0.52464951161466,-0.6494233645460646,-0.7376809877203392,-0.7973475588559705,-0.8057034378708969
-0.3482801485176391,-0.3756541310905719,-0.4695295300150683,-0.6376732717187571,-0.7694625108552339,-0.8627107330978268,-0.9258161997569412,-0.9346602119662908
-0.4276699416424809,-0.4594066462628452,-0.5644048137226425,-0.741407129680649,-0.8797056701255866,-0.9775880709737425,-1.0438906558663346,-1.0531888122201136
-0.498955283210238,-0.5346949226225682,-0.6501032850646284,-0.8351757214949812,-0.9793814477382208,-1.0814701114172676,-1.150677670821622,-1.1603887753644173
-0.56170318590199,-0.6011366417582367,-0.7261192655941409,-0.9183621012696436,-1.0677840291210428,-1.1735851705091431,-1.2453593226881434,-1.2554355755349995
-0.6155323524876651,-0.658396341904223,-0.7920011337476011,-0.9904130805829496,-1.1442798782809045,-1.253240522225213,-1.3272015396340215,-1.3375892507614089
-0.6601157747926514,-0.7061870958510791,-0.847354444841695,-1.050843613679983,-1.2083131600587458,-1.3198286054763748,-1.395560866318354,-1.4062012498396748
-0.6951828022506038,-0.7442718479810759,-0.8918444473828866,-1.0992402457089252,-1.2594099085622033,-1.3728317144850315,-1.4498895141166248,-1.460719533481454
-0.7205207203158502,-0.7724644433879901,-0.925198033335868,-1.1352636827538956,-1.2971810252779323,-1.4118252787100514,-1.4897388196478814,-1.5006920569727562
-0.7359758854628389,-0.7906303862655751,-0.9472051774749572,-1.1586505752688876,-1.3213242384455428,-1.4364798997270116,-1.5147613074559043,-1.5257688344880225
-0.7414544652018383,-0.7986873659894815,-0.957719932363866,-1.169214628382836,-1.331625186985472,-1.4465623523980982,-1.5247115988711049,-1.535702832304504
-0.7369228286246626,-0.7966055874259071,-0.956661050208176,-1.1668471622604584,-1.3279578059525683,-1.4419357742381549,-1.5194464276219686,-1.5303499569792158
-0.7224076259309374,-0.7844079370633369,-0.9440123007302064,-1.1515172432643503,-1.3102841862953658,-1.422559260452882,-1.4989240142110951,-1.5096683956527641
-0.6979955849375364,-0.7621700088875875,-0.9198225458228771,-1.1232714931595722,-1.2786540614844366,-1.3884870552906825,-1.4632030186622116,-1.4737175323725973
-0.6638330397415597,-0.7300200040048435,-0.8842056180309329,-1.0822336610306826,-1.2332040405525393,-1.33986748751048,-1.4124412403687814,-1.422656612223488
-0.6201251926530971,-0.6881385065129394,-0.8373400322329878,-1.028604013582484,-1.1741566654131192,-1.276941744502959,-1.3468941711951643,-1.3567432610609842
-0.567135096480106,-0.6367581257800414,-0.7794685398261295,-0.962658567041446,-1.101819324561201,-1.2000425219703506,-1.2669134409741698,-1.2763319002270097
-0.5051823314719799,-0.5761629829160502,-0.7108975138903229,-0.8847481509598899,-1.0165830099025048,-1.1095925299275065,-1.1729451300686,-1.1818720299112788
-0.4346413408595602,-0.5066880076197887,-0.6319961338114659,-0.7952972635880518,-0.918920862476004,-1.0061027862043792,-1.065527867652354,-1.0739062978707266
-0.3559393819537387,-0.4287180015173663,-0.5431953200746304,-0.6948026523919915,-0.8093864193689454,-0.8901705894725801,-0.9452905912329262,-0.9530682265261761
-0.2695540469412064,-0.3426864162588471,-0.4449863555548176,-0.5838315334282739,-0.6886114502833897,-0.7624770375173024,-0.812949815317925,-0.8200794436844666
-0.1760103093266954,-0.2490737895917113,-0.3379191194918288,-0.4630193506621085,-0.5573032590458359,-0.6237839440005138,-0.6693062458724902,-0.6757462511113248
-0.0758770585923787,-0.1484057808404779,-0.2225998550054998,-0.3330669713441043,-0.4162413229258834,-0.4749300079699853,-0.5152405815890702,-0.5209553701081949
0.0302369030692654,-0.041250749018759,-0.0996883907849671,-0.1947372161330482,-0.266273150225268,-0.316826103488029,-0.3517083610422896,-0.3566687220793709
0.1416874125990457,0.0717831776226529,0.0301052574489486,-0.0488506322853725,-0.1083092529605878,-0.1504495799463878,-0.1797337438175736,-0.18391713199620197
0.2578000381831588,0.1900515823933178,0.1660249700415019,0.1037195657814516,0.0566828449299688,0.0231625054246408,-0.0004021506810651,-0.0037928805661686
0.3778756818886232,0.3128778199149485,0.3072733404237006,0.2620534426914676,0.2276856141124563,0.2029212649175007,0.1851482700640196,0.18255892616037334
0.5011966403256108,0.4395576667238832,0.4530172558172217,0.4251912028597363,0.4036395577220551,0.3876949696745769,0.3757363381239387,0.37395015554582584
0.6270330480504013,0.5693645547377472,0.6023942475101676,0.592140963086588,0.5834522602859886,0.5763191110480914,0.5701486410841592,0.5691605551035371
0.7546496069002189,0.7015553570761928,0.7545195888709865,0.7618874002983731,0.7660083881241294,0.7676074509797822,0.7671513355906158,0.7669496611053551
0.8833124854512103,0.8353766712660224,0.9084940882858352,0.9334012008364596,0.9501805405761956,0.9603639349008596,0.9655028022606824,0.9660695582781231
1.0122962574441736,0.9700715193601566,1.063412490745018,1.105649198618468,1.1348408091859865,1.1533952972517154,1.163966963390758,1.165278296541392
1.140890737262382,1.1048863590383728,1.2183723669266744,1.2776050492136557,1.3188728594092092,1.3455241469985535,1.3613270307816567,1.3633537292232913
1.268407565058676,1.2390782755932288,1.3724833337272826,1.4482602467454726,1.5011843076910052,1.535602279442838,1.5563994115943185,1.5591074981204789
1.3941863943145951,1.371922203229386,1.5248764170172853,1.616635252378608,1.680719127598326,1.7225239227037137,1.7480474643862796,1.7513988554133455
1.517600540566559,1.5027180067789685,1.6747133380226007,1.781790469257936,1.856469784387303,1.9052385946797925,1.9351947673696988,1.9391479827835625
1.6380619615461187,1.6307972431964843,1.8211954814353133,1.942836771819937,2.0274887707407263,2.082763221834846,2.116837539132516,2.121348446742201
1.7550254555595772,1.755529417333977,1.963572288470491,2.0989452802534734,2.1928992005183963,2.254193157938739,2.292055841656316,2.2970784192291784
1.867991985841816,1.8763275495307608,2.1011488137695458,2.2493560663069334,2.351904115277109,2.418711742077024,2.460023199581643,2.4655102971149194
1.9765110629236216,1.9926528840950872,2.233292193019308,2.393385486919854,2.5037941726206294,2.5755980535040868,2.620014291005258,2.6259183760111595
2.0801821436817955,2.104018587914023,2.3594367894356454,2.530431868778179,2.647953417816644,2.7242325580018085,2.771410405394892,2.777684274529382
2.178655033553167,2.209992316726671,2.479087821962441,2.6599793101871896,2.783862890955637,2.8641003966930767,2.9137024238314284,2.9202998651667005
2.2716293062355253,2.310197561960907,2.591823325226669,2.781599425602909,2.9111018900609262,2.994792142466666,3.046491154401842,3.0533675460122875
2.358852781974487,2.4043137318388883,2.6972943489664627,2.89495093032734,3.029346793201252,3.11600193828852,3.169484948069744,3.176597780347857
2.440119130252444,2.4920749646218265,2.7952233698394235,2.9997770445184937,3.1383674355230404,3.227523031109856,3.28249462302838,3.2898039342396057
2.515264684533473,2.573267717038917,2.8854009575339514,3.095900782074991,3.238021134806937,3.3292408190670817,3.385425832488084,3.3928945494719502
2.5841645749834883,2.647727214624114,2.9676808057892363,3.1832182757822567,3.328244555569703,3.42112363172798,3.478269115452031,3.4858632940312426
2.646728299505043,2.7153328906889485,3.041973303309204,3.26169037017019,3.4090436909716577,3.5032115570127806,3.561087965900372,3.5687769284105166
2.702894863211988,2.776002974392838,3.1082378752994004,3.3313327823948247,3.480482317792854,3.575603707756552,3.6340053364722023,3.6417617068031882
2.752627623632483,2.829688416299798,3.166474372423977,3.392205187195162,3.5426693401199554,3.638444383082457,3.69718905551876,3.7049886950859654
2.795908976614514,2.876366353927975,3.216713811255963,3.4443996148988183,3.5957454721806905,3.691908614746876,3.750836671155967,3.7586585222045916
2.8327350311013,2.916033344379604,3.2590088023663792,3.48802858487706,3.6398697432068254,3.7361876195894497,3.795160265809062,3.8029861112979346
2.863110364717408,2.9486985410887576,3.293423953885953,3.5232133457255927,3.6752062523737297,3.771474621303784,3.8303717248255937,3.8381858767261146
2.8870431219751787,2.9743771626025626,3.320026705277989,3.550072753561812,3.7019117556985,3.7979516539354674,3.8566690890013344,3.8644580190610287
2.9045401024636304,2.9930839837377263,3.3388784201206487,3.5687126840911936,3.7201240227457792,3.8157773095379546,3.874223967124618,3.8819758958654162
2.91560352722086,3.004828612499028,3.3500275861237805,3.57921788033276,3.729952896845948,3.8250773810248746,3.8831719686270008,3.890876429451415
2.9202242834290058,3.0096074198812865,3.353500060568355,3.581641214300708,3.731469057702761,3.8259334082905294,3.8836011681077056,3.891248563761702
2.9183891981322736,3.0074097251391443,3.34930401463227,3.576008039738959,3.724708172728685,3.818386815674757,3.875556288709912,3.8831374570680826
2.91004578790039,2.9981817254063112,3.337393093737384,3.5622791545715486,3.709633943966979,3.8024021330885023,3.85900208461294,3.8665078889779285
2.895203891938009,2.9819276221381563,3.317767309527817,3.540451920468442,3.686239618592234,3.777968879993547,3.833925506658786,3.8413464662105676
2.873624437375149,2.9583980909408107,3.290161559554824,3.5102492237560967,3.654237463067572,3.744791475308561,3.8000259238811966,3.807351887744612
2.8456882358217146,2.927959537051517,3.254916230618011,3.471991451810925,3.613931925220552,3.703163274868934,3.757589737172812,3.764809636259792
2.809600711523976,2.8887979782533897,3.210179991550124,3.42379891133141,3.563421893922336,3.6511687698718776,3.7046925582371326,3.7117941556820306
2.760216459188152,2.835749804273445,3.1507514317897494,3.360441309931624,3.497455875125925,3.583542549447696,3.636060503238242,3.6430304503431628
2.6956549087737582,2.7669334593540618,3.074736353738764,3.280012138980508,3.41411794289803,3.498362598060022,3.5497678950590075,3.556592359419494
2.616910921059718,2.6833590410672703,2.9831539870008736,3.183531859899526,3.314428102721468,3.396648489273795,3.446834008610345,3.4534991068115053
2.524779900457749,2.5858463255473496,2.876843652279367,3.071846885674262,3.1992358148952524,3.2792512858562435,3.32811072538823,3.33460265986658
2.4205058571240525,2.4756733998176035,2.757115519900507,2.9462819702827194,3.069873536495961,3.1475078032136308,3.1949372169437784,3.201242466603632
2.3055187995884885,2.3543119543597086,2.625483807895776,2.8083722346164954,2.927887979769204,3.002971360753665,3.0488703792902023,3.0549758483937275
2.1814471726499987,2.2234380945651986,2.483676374689044,2.6598721933842904,2.775048802512469,2.847420255451864,2.89169317528985,2.897586325737822
2.050038371890806,2.084850762613052,2.333551140930453,2.502671108813501,2.6132633048574987,2.682772055077812,2.725328695851203,2.7309976506219638
1.913102250059222,1.940413177580253,2.177035439189823,2.338731213930066,2.444513974075172,2.511020742740894,2.5517770852299893,2.557210705431114
1.7724473771928604,1.7919870765814438,2.016058023098776,2.170018493584229,2.270788534464605,2.3341663486338247,2.3730449517065946,2.378232887579167
1.629822877089454,1.6413727374697449,1.8524869139642173,1.99843931888098,2.094015871054704,2.154150479798876,2.191080696576712,2.1960134153863264
1.4868655615400768,1.4902545897323638,1.6880730051530024,1.8257829192657675,1.9160078470196704,1.9727977850830205,2.00771580538209,2.0123845997130494
1.345055334162766,1.3401554536710485,1.524402582169834,1.653672918249846,1.7384102782313406,1.7917666365490577,1.8246153898154551,1.8290123704518761
1.2056801886402433,1.1924007622260906,1.3628601951345334,1.4835294173827285,1.5626645742027936,1.6125105468921033,1.6432395031166496,1.6473575809237626
1.0698118393024827,1.0480938018489931,1.2046029709842525,1.3165427468337516,1.3899811788562524,1.4362514617503834,1.4648163691680895,1.4686492304514602
0.9382923357847788,0.9081022947586108,1.0505467030172926,1.153659231893342,1.2213251650006278,1.2639652812550073,1.2903278790343895,1.2938699587586548
0.8117314819468276,0.7730560929635797,0.9013634705950144,0.9955787219583964,1.0574137242752264,1.0963793488016764,1.120507090784267,1.1237535478102654
0.6905143696490303,0.6433552317925596,0.7574899906164888,0.8427630613222801,0.8987247187065712,0.933981065610754,0.9558468874988528,0.9587935856282397
0.5748179371654615,0.5191871838849488,0.6191454733741456,0.6954542389991908,0.7455150109587649,0.7770363372404342,0.7966184944306809,0.7992619924999683
0.4646350657378773,0.400551758022586,0.4863573434783295,0.5537005330797863,0.5978468630916657,0.6256161280436674,0.6428981245094257,0.6452356780179264
0.3598046995383792,0.2872920633332534,0.3589931551606647,0.4173889279524116,0.4556206528636808,0.4796293566099127,0.4945999770172048,0.4966295528075603
0.2600455593302116,0.1791290503027402,0.23679611933214,0.2862811673835743,0.3186112386348397,0.3388594453175752,0.3515128928619475,0.3532331971770052
0.1649936101826724,0.0756997424258526,0.1194242730902981,0.160053424669516,0.1865079244217585,0.2030044584687876,0.213340591302699,0.21475111031782915
0.0742342009456494,-0.0234099741181973,0.0064840653366866,0.0383303058121231,0.0589487051466887,0.0717114874506891,0.0797361337668993,0.08083718401077333
-0.0126480365351303,-0.1186149093831445,-0.1024185546998151,-0.07926373286108,-0.0644281300478303,-0.0553716414806271,-0.0496463112062197,-0.048853525361581385
-0.0960887638554174,-0.2103498587064166,-0.2076971685102206,-0.1931233252769631,-0.1840029057991026,-0.1786152666085065,-0.1751703687920996,-0.17468369835868272
-0.1763420976375577,-0.2988673100040897,-0.3095820806240815,-0.3034591415345511,-0.2999713764006661,-0.2982046396562833,-0.2970141739189557,-0.29683046475504415
-0.2927161356575825,-0.4234738418934287,-0.4473582411441716,-0.4495368166227634,-0.4515843288378768,-0.4533799638534824,-0.4544106832999575,-0.45452575273659124
