Values,Values_03_49_29,Values_04_02_31,Values_04_14_43,Values_04_27_40,Values_04_40_31
1.4837105680703788,1.6761517932696162,1.7376885747347033,1.8284300550167685,1.8842093870206524,1.9303650223833986
1.481198944302333,1.673426571897103,1.734886714161895,1.8254958818600369,1.8811893339782064,1.9272710948446343
1.481401687146443,1.673345768143793,1.734673481913228,1.8251238067444369,1.880724860432393,1.9267312301066553
1.483658537647666,1.6752780306194044,1.7364314447185871,1.8266997324879592,1.8822014095920852,1.9281298762242582
1.48830092630768,1.6795657188891162,1.7405073539616238,1.8305702343719776,1.8859644785126557,1.9318115392585624
1.4955904422818231,1.6864826064343268,1.7471805579337412,1.8370153228679955,1.892293358922014,1.9380547219086404
1.505860757904416,1.6963755669980891,1.756804599773059,1.846390044452716,1.901542757723862,1.9472135625745133
1.5194589386698414,1.7096061809572616,1.7697490596465262,1.8590664846164973,1.914084870921401,1.959659950429217
1.536728300548993,1.7265336683229946,1.7863826021857276,1.8754169318297853,1.9302926132482623,1.9757667989889678
1.557977859170361,1.7474843475317503,1.807042515334959,1.8957835228758555,1.9505093312253723,1.9958778071435166
1.5834548693277757,1.772724065106958,1.8320071472124744,1.9204507502896853,1.975021368998404,2.02028007045981
1.613317863828334,1.8024310129219112,1.8614686568089127,1.949618238847726,2.004030886935957,2.049176937473329
1.6476126889310925,1.8366714273167328,1.895508565214486,1.983376264595999,2.0376313972465723,2.082663568483667
1.686252559429129,1.8753791989170696,1.934077134398108,2.021685032705577,2.075787023967463,2.1207061972186607
1.729003359174787,1.918340628402404,1.976977809358671,2.0643589406887224,2.1183167052471488,2.1631263063266433
1.7754750906347945,1.9651852462949704,2.0238576455163484,2.1110567424194024,2.164884246151457,2.209590618809438
1.825120129044113,2.015383371342686,2.0742044025422293,2.1612782914985127,2.214994895785604,2.2596075747926654
1.877238614951736,2.0682507647534463,2.1273506712808627,2.214368232862677,2.267998816517715,2.312530659793192
1.9309909790162647,2.122960401696936,2.182485067267355,2.2695266844222592,2.323101490767129,2.3675686320170435
1.9854172398079504,2.1785610321691555,2.238670177849465,2.325826610992965,2.379380777052129,2.423802366980168
2.039462369021748,2.2340018601682856,2.2948666098045405,2.3822372602677206,2.4358100007267183,2.48020771638856
2.092006704126079,2.288162358259768,2.349962175830969,2.4376527297407544,2.491286170111417,2.535683488245732
2.141900105570904,2.339885953168145,2.4028049805496,2.490924462676266,2.544662143073916,2.5890833933805806
2.1879984049003496,2.388016167209302,2.452239019561174,2.5408963292931173,2.5947814303298227,2.639250666937545
2.2292003865928662,2.431433494947452,2.4971406031962675,2.586440649802395,2.6405140224687,2.6850537737770432
2.264484226325948,2.469091969063779,2.536454593014784,2.6264941902505834,2.6807922983124794,2.725422273783259
2.2929397746288616,2.5000518296156327,2.569226901463168,2.660090619084943,2.714643522027845,2.759379366449579
2.31380299391303,2.523514610719308,2.5946395951002645,2.68639578522574,2.741225295187797,2.7860774816303384
2.3264627174938,2.538830830551899,2.612018834115973,2.704716072785537,2.759834218308727,2.8048071650770225
2.3305459795588166,2.5455864331764624,2.6209217302379173,2.714585843363116,2.7699937224221074,2.815085180539124
2.325858560715245,2.543544866223658,2.62107931336277,2.715711337668707,2.771398503045287,2.816599287334439
2.317160059276972,2.537423564649916,2.6171738599053693,2.712748876241144,2.7686931807968,2.8139871761536854
2.308883469249338,2.531629498097676,2.613593429660524,2.7100728892456987,2.7662464451445063,2.8116142736198464
2.3007648313482973,2.52588621322994,2.610058688462474,2.7074022874655497,2.763777045121357,2.8091994470011983
2.292926712038878,2.5203020446036333,2.606673839350999,2.7048390549096264,2.7613866766360657,2.8068444090463767
2.2853510520042613,2.514844218993445,2.6034022588267187,2.702344973196526,2.759037184299846,2.8045111947236103
2.278049444912484,2.509508778504544,2.600235963191227,2.6999107678730665,2.7567195433150404,2.8021910299593786
2.271017264313848,2.504274855456352,2.5971500733516506,2.6975107061510712,2.754408501079293,2.799858988851334
2.264245852097388,2.499116872352777,2.594115024832192,2.695114811322985,2.752074780251359,2.7974861819061365
2.2577193003576186,2.494001360181821,2.591093435582048,2.692685760585418,2.7496819814871687,2.7950366580957446
2.251415515880637,2.488888040003296,2.58804121319932,2.6901800043325483,2.747187705615441,2.7924685304283146
2.2453062908616204,2.4837298999039352,2.5849076461838187,2.6875478608164247,2.744543654831729,2.7897340892586273
2.2393577889991696,2.478473671995725,2.5816358757269247,2.684733977549212,2.7416961032971843,2.7867802942454674
2.2335310609483665,2.473060322833984,2.578163358585144,2.6816777683261925,2.738586346362028,2.783549255458222
2.227782680720867,2.4674256480908068,2.5744224074463835,2.678313909157156,2.7351512109881724,2.779978786672525
2.222065463728235,2.4615009324821235,2.570340765694367,2.674572846593388,2.7313235794480644,2.7760029827262795
2.216329259905208,2.455213669651446,2.5658422070810047,2.6703813047774725,2.7270329101245228,2.7715528035141257
2.210521804892452,2.4484883274374685,2.56084714165444,2.665662767589972,2.722205727981075,2.766556634646267
2.204589614050344,2.441247147049526,2.5552732125637614,2.660337914630807,2.7167660580791737,2.7609407940048665
2.1984789032444745,2.4334109652691613,2.549035869263103,2.654324989716869,2.710635773685317,2.7546299497092117
2.192136520823285,2.424900050782421,2.5420489050807458,2.647540082063811,2.703734830043416,2.747547412371196
2.185510875856084,2.4156349479430896,2.534224949961939,2.639897302290005,2.695981354793168,2.7396152620390373
2.1785528487033976,2.405537323804676,2.525475912617073,2.631308838115648,2.687291566668928,2.7307542683291923
2.1712166711616114,2.3945308168829333,2.515713370113495,2.621684878062235,2.677579495573398,2.720883561085822
2.163460764660253,2.3825418886403886,2.5048489070284714,2.610933395630021,2.6667564795838974,2.709920008803083
2.155248526169999,2.3695006809022248,2.492794410499315,2.598959791393831,2.654730418153252,2.697777263387412
2.146549052501149,2.3553418841095617,2.479462331748922,2.585666396308904,2.641404766038184,2.6843644331342436
2.13733779445324,2.340005622288111,2.4647659288338266,2.570951846407198,2.6266772597337824,2.6695843516784956
2.127597132768767,2.3234383606827245,2.4486195093940184,2.55471034720712,2.610438377943647,2.653331419942006
2.117316868036045,2.3055938410405536,2.430938696049242,2.536830855838008,2.592569550511289,2.6354890117070777
2.106494616609481,2.286434047429468,2.411640740793639,2.5171962204421354,2.572941147054547,2.61592645255884
2.095136104342449,2.2659302022299888,2.3906449183271805,2.495682330251862,2.5514102981670503,2.594495607936285
2.083255349570876,2.244063787591189,2.367873031779324,2.472157346237517,2.527818629444033,2.5710271504975006
2.07087472648613,2.22082758233269,2.3432500677597887,2.446481101691513,2.5019900227068743,2.545326621665272
2.0580248999571924,2.1962266982388545,2.3167050410821144,2.418504784663408,2.4737285604321926,2.517170458827883
2.04474462317178,2.1702795932501644,2.288172072686173,2.388071039511676,2.442816858906001,2.486302229737273
2.031080390323184,2.1430190326166323,2.25759174686735,2.3550146520935624,2.409015052597862,2.4524294000235836
2.0170859381051365,2.1144929631049223,2.224912795237581,2.3191640104602107,2.3720607549430315,2.4152210579580125
2.0028215920806174,2.084765260338153,2.1900941538545524,2.2803435573067405,2.331670385411919,2.3743071299085647
1.988353457094766,2.053916305770562,2.1531074351882187,2.2383774672454666,2.2875423129681285,2.3292797341119504
1.973752454775081,2.0220433480643205,2.1139398461613688,2.1930947848835323,2.2393623117887054,2.279697428218308
1.9590932156993823,1.9892606040278653,2.07259756521726,2.144336240645789,2.18681184237755,2.22509318981525
1.9444528388425968,1.9556990569103363,2.0291095630051075,2.091962910968043,2.1295796417194115,2.1649870032666976
1.9299095362000376,1.9215059146691145,1.983531811016899,2.035866798326964,2.0673770083822465,2.0989038770148047
1.915541185747895,1.886843697605232,1.935951769536094,1.9759832664768964,1.999956979937148,2.026397942521064
1.9014238208256449,1.8518889331389168,1.8864929815050435,1.9123050731499045,1.927137301364536,1.9470829463567982
1.887630088293372,1.8168304451072768,1.83531952577973,1.844897499372936,1.848826664339749,1.8606689035496684
1.8742277111283128,1.781867235470781,1.7826400081534377,1.773913794878094,1.7650531660556683,1.7670039150425476
1.8612779932224908,1.7472059675485718,1.7287107010735503,1.6996098692104435,1.675993326356272,1.6661191830201352
1.8488344048346,1.7130580718764798,1.6738373953475476,1.6223568980155272,1.5819993800129784,1.5582741577117603
1.83694128632568,1.6796365086714615,1.6183755127773751,1.5426503347476568,1.4836220278014929,1.4439976598693107
1.8256327054521,1.6471522349283505,1.5627280600692044,1.461113775281207,1.3816255125778627,1.3241199568603075
1.814931499683528,1.615810439480656,1.507341090288026,1.3784962659460784,1.2769919177604212,1.199790388530839
1.804848529927564,1.585806625730416,1.4526964807435552,1.295662003798976,1.170912072573813,1.072475501015637
1.79538216593052,1.5573226384939745,1.3993020289070934,1.213571947824404,1.064761434068279,0.9439339314525335
1.7865180167960304,1.5305227472683025,1.3476790946517894,1.1332575958988875,0.9600607456530243,0.8161665044367424
1.7782289128700022,1.505549911421822,1.298348253322672,1.0557879980423863,0.8584229788085002,0.6913429281194026
1.7704751380427233,1.482522361294891,1.251813640372088,0.9822318553074454,0.7614897861516088,0.5717096516262354
1.7632049046646625,1.4615306309346738,1.208546834829186,0.9136171713844784,0.6708621225437437,0.45948624733778115
1.756355057070882,1.442635171598154,1.1689712212223544,0.8508912757356066,0.5880305487093638,0.35675949767621634
1.7498519844153957,1.4258646594467037,1.1334477731712338,0.7948840619102483,0.5143108467659498,0.2653847761791697
1.743612719313801,1.4112150862705113,1.1022631148355344,0.7462769801498751,0.4507899321714383,0.18690323136488496
1.7375461957870857,1.3986496899745513,1.075620549767404,0.7055797448756089,0.3982857836981374,0.1224809879732538
1.731554638218533,1.3880997442549294,1.0536345219929195,0.6731159634967944,0.3573234888997163,0.07287361847482059
1.7255350524311013,1.3794661873950465,1.0363287191695698,0.6490180801803688,0.3281278147115859,0.03841613797441484
1.7193807904509637,1.3726220316877715,1.0236377715965153,0.6332312668631882,0.3106312231470036,0.019036265523523076
1.712983161878194,1.367415460755783,1.0154122696891388,0.6255252673755335,0.3044951334004287,0.014286980077824064
1.7062330668323422,1.3636734945732911,1.0114266358675772,0.625512756398973,0.3091415503874643,0.02339353972153074
1.6990226279544212,1.3612060830558494,1.0113892563049132,0.6326725248911906,0.3237919107888158,0.045309999439309634
1.6912468016950395,1.359810479501874,1.0149542073527271,0.6463757317072942,0.3475100587361978,0.07878063283148481
1.682804951880765,1.3592757448212822,1.021733897674298,0.6659135348493762,0.379246551777884,0.12240230881202384
1.6736023711281116,1.3593872414287556,1.031311982172051,0.6905245960198331,0.4178819187360864,0.1746846188380261
1.6635517379043965,1.35993099034864,1.043255976693013,0.7194212007806814,0.4622669715258254,0.23410528678583764
1.652574498795076,1.3606977845295531,1.0571291009900876,0.7518130204013375,0.5112587641190549,0.29915907561383237
1.6406021667581543,1.361486973527022,1.07250098945783,0.78692783346548,0.5637512637754492,0.36839902297939564
1.627577526805231,1.3621098575980215,1.0889570239252742,0.8240288046454699,0.6187002341959982,0.4404693963350563
1.6134557406788317,1.362392651150012,1.1061061513623105,0.8624281692569379,0.6751422147259355,0.514130258872825
1.5982053417716475,1.3621789950715348,1.123587145095992,0.9014973845167398,0.7322078039558578,0.5882739746864826
1.581809110876659,1.3613320138636118,1.1410733467719931,0.9406739754137838,0.7891297119018315,0.6619343414137717
1.564264822514975,1.3597359262597024,1.1582759858230571,0.9794654223886456,0.8452462274423342,0.7342893069161711
1.545585850732595,1.357297227143099,1.174946213586641,1.0174505109517005,0.9000008564903625,0.8046583937642823
1.5258016225631656,1.3539454643507534,1.19087601198257,1.0542785944619044,0.9529389263715384,0.8724960210468552
1.5049579069928922,1.3496336369328046,1.205898144457357,1.0896672174140656,1.0037019328054075,0.9373818870183617
1.4831169273839124,1.3443382422902117,1.2198853129853156,1.1233985160037938,1.0520203409887632,0.9990094763864092
1.4603572860342198,1.33805899905322,1.2327486727423251,1.15531476411725,1.097705456421264,1.0571736053954193
1.4367736909485676,1.3308182712527887,1.2444358389098225,1.1853133743913309,1.1406408688817715,1.111757740026786
1.4124764769967404,1.3226602178392464,1.2549285007735107,1.213341602634708,1.1807738571458015,1.1627216388966204
1.3875909164178533,1.3136496903267063,1.264239739098976,1.2393911451641035,1.2181070326306151,1.2100896995556814
1.3622563170219355,1.303870900543318,1.2724111252935733,1.263492766299304,1.2526904040261169,1.2539402362360423
1.3366249103250036,1.2934258802387917,1.279509666052853,1.2857110495730115,1.2846139659403877,1.2943957947408218
1.310860536082455,1.2824327546103118,1.2856246454397244,1.3061393319793686,1.31400085391453,1.3316145178367318
1.2851371340805202,1.2710238525195794,1.2908644076028288,1.324894855563532,1.3410010651349489,1.365782510632053
1.2596370584233507,1.2593436771066058,1.2953531172486163,1.34211415386529,1.365785716785292,1.3971071164013231
1.2345492337284285,1.2475467614597635,1.2992275309958372,1.3579486807576715,1.3885417995039462,1.4258109945155726
1.2100671764475466,1.2357954348122109,1.3026338102639634,1.3725606844912464,1.4094673788790093,1.4521268886860896
1.186386907818212,1.2242575252818224,1.3057244048065249,1.38611932871868,1.428767200448703,1.476292981054124
1.1637047876094044,1.2131040254114624,1.308655034929984,1.3987970635662306,1.4466486607418811,1.498548741802217
1.1422152997774715,1.202506746713984,1.311581799495225,1.410766252317114,1.463318116384297,1.519131201707513
1.1221088223554745,1.1926359891580025,1.314658435778273,1.4221960621355367,1.478977513583755,1.5382715939488996
1.1035694143559514,1.1836582511463356,1.3180337560727802,1.433249629902747,1.49382133020408,1.5561923297456037
1.0867726522027994,1.1757340051477057,1.321849284535169,1.4440815162918514,1.508033831344216,1.5731042888536912
1.0718835472724666,1.1690155638216575,1.3262371162197018,1.4548354624640751,1.521786646352309,1.5892044198330082
1.0590545745904474,1.163645061259868,1.33131801853958,1.465642464117446,1.5352366802467672,1.6046736559098673
1.0484238406746873,1.1597525738184424,1.3371997934952538,1.4766191769962704,1.5485243754513978,1.6196751600129204
1.040113416029601,1.157454404838611,1.343975916860041,1.4878666663336724,1.5617723405429051,1.6343529171211735
1.034227854953187,1.156851557183053,1.3517244679755671,1.499469509998903,1.5750843613718255,1.6488306934977368
1.0308529222041067,1.1580284167532888,1.3605073607276486,1.5114952613130348,1.588544806520972,1.6632113808370883
1.030054542751098,1.1610516687783945,1.3703698824781865,1.5239942725500193,1.6022184337212848,1.677576739038134
1.0318779873558843,1.165969466474572,1.3813405430875467,1.5369998740728286,1.6161505967350538,1.6919875445235675
1.036347303170417,1.1728108685027876,1.393431230604365,1.550528896951655,1.6303678435992135,1.7064841421366803
1.0434649949102337,1.1815855574132357,1.406637663764857,1.5645825189645235,1.6448788873615996,1.721087388148898
1.053211958536027,1.1922838459580347,1.420940124284954,1.5791474053858114,1.6596759200017,1.7357999603898295
1.0655476657846137,1.2048769718934946,1.4363044443420383,1.594197107346408,1.6747362296753825,1.750607999657385
1.0804105943808775,1.219317674896622,1.452683217038871,1.609693672312219,1.6900240713995198,1.7654830351292385
1.0977188953914931,1.2355410418172743,1.470017190537894,1.6255894139646332,1.7054927324865337,1.7803841362673403
1.1173712860037224,1.2534655990838246,1.4882368005148647,1.6418287830808094,1.721086727123034,1.7952602254397256
1.1392481530955758,1.2729946241465535,1.5072637911805566,1.658350277478931,1.73674405007213,1.8100524798532152
1.1632128503677144,1.294017641858753,1.5270128728637595,1.6750883281860338,1.7523984180414238,1.8246967489131252
1.189113169598501,1.3164120671169304,1.5473933644251685,1.6919751010259911,1.7679814290944011,1.8391259141152763
1.216782964811025,1.3400449522821822,1.5683107717808369,1.7089421579242952,1.783424575655014,1.8532721230881508
1.2460439068478872,1.364774797141206,1.589668259540961,1.7259219302658964,1.7986610549816224,1.8670688372307371
1.2767073450515547,1.3904533805270411,1.611367980951489,1.7428489672509435,1.8136273320284888,1.8804526430547346
1.3085762524445304,1.4169275761252544,1.6333122414747576,1.7596609347817906,1.828264422720637,1.893364790139772
1.3414472309591818,1.4440411201650374,1.6554044827636396,1.776299354198973,1.8425188800130976,1.9057524326728172
1.375112553827883,1.4716363052076662,1.6775500856447063,1.7927100842707666,1.856343479775,1.9175695659189078
1.409362223124203,1.4995555815328534,1.6996570021311654,1.808843563287022,1.8696976175975408,1.9287776627095943
1.4439860215485325,1.5276430550624684,1.721636236570722,1.824654840021459,1.882547440215706,1.9393460272917382
1.4787755387611137,1.555745877714274,1.743402204034257,1.8401034319304768,1.894865745636339,1.949251893972914
1.5135261537732296,1.5837155319769496,1.7648729993937549,1.8551530556658824,1.906631693761492,1.9584803054808484
1.54803895600526,1.6114090158875998,1.7859706128779698,1.869771278435289,1.9178303739913116,1.9670238106186786
1.5821225885281007,1.6386899371872417,1.806621127150721,1.8839291388421424,1.9284522779247624,1.9748820226864878
1.6155949976622728,1.6654295261213992,1.8267549273022985,1.897600782713584,1.9384927239976404,1.982061079498031
1.6482850735003851,1.6915075752283362,1.846306948986138,1.9107631534391547,1.947951277034204,1.9885730430548851
1.6800341660593383,1.7168133117645716,1.8652169818547712,1.9233957680297755,1.9568311996935797,1.9944352725397694
1.71069746172183,1.741246204543946,1.8834300361617025,1.9354806001303144,1.9651389652024611,1.9996697987818433
1.7401452044854702,1.7647167023826071,1.9008967706584885,1.9470020803111447,1.9728838521459149,2.004302722220132
1.768263746433203,1.787146896563535,1.9175739704860293,1.9579472128808564,1.9800776330073024,2.008363650087657
1.7949564119145536,1.8084710952609664,1.933425055319132,1.9683057979213388,1.986734359135352,2.0118851823935158
1.820144160343839,1.828636294155365,1.9484205911547887,1.9780707379021043,1.992870236360485,2.0149024505656734
1.843766033425896,1.8476025248907988,1.9625387742666285,1.987238400622109,1.998503578002471,2.017452707512239
1.8657793741479487,1.865343061850702,1.9757658532594728,1.9958090047729449,2.0036548158657976,2.0195749635005216
1.8861598071238883,1.8818444681027744,1.9880964549543825,2.003786991379409,2.0083465452891094,2.021309658734018
1.9049009729040525,1.897106463327272,1.99953378197126,2.0111813438652946,2.012603577595877,2.0226983609142994
1.922014012670448,1.9111416000151784,2.010089654159848,2.0180058214729777,2.0164529724988185,2.0237834744765215
1.9375268042754616,1.923974739031808,2.0197843721537705,2.0242790750382467,2.019924024144562,2.024607947643482
1.9514829557380244,1.93564232152638,2.028646388880213,2.0300246203699555,2.0230481774625173,2.02521496399905
1.963940567926298,1.9461914408151368,2.036711783387066,2.035270652282404,2.02585885609826,2.025647606932699
1.9749707840163395,1.95567872491088,2.0440235403471307,2.040049691160583,2.0283911891668915,2.025948487994242
1.9846561491834664,1.964169047443601,2.050630647565783,2.0443980632621503,2.030681630977802,2.0261593337999795
1.9930888095880144,1.971734091435953,2.0565870322689466,2.048355225204832,2.0327674753036598,2.0263205304366205
2.0003685847944053,1.9784507964233464,2.0619503644595087,2.051962951727764,2.0346862732227904,2.0264706290528705
2.0066009520517607,1.9843997243934888,2.066780761804308,2.055264413336229,2.0364751705400232,2.026645821147041
2.011894984137575,1.989663383798036,2.0711394351380314,2.0583031765150155,2.038170186908954,2.026879396661807
2.016361284530744,1.994324553127872,2.075087316451328,2.061122163430424,2.0398054635550134,2.027201201925475
2.020109964405429,1.9984646462742663,2.078683712164964,2.063762610345638,2.0414125097323925,2.027637117496434
2.023248705243442,2.002162160985671,2.081985023538825,2.066263064246612,2.0430194795165377,2.0282085777731957
2.025880948745225,2.0054912492634016,2.08504357333629,2.068658455489929,2.0446505101944785,2.0289321546739236
2.028104252232146,2.008520444601801,2.0879065735292093,2.070979280793779,2.046325151417223,2.0298192266927773
2.030008842998748,2.011311575773068,2.090615263146141,2.0732509258625407,2.0480579106015178,2.030875752260871
2.031676399265369,2.013918890623833,2.09320423865351,2.075493150701325,2.0498579350864774,2.0321021627383917
2.0331790787251767,2.016388406340991,2.09570099183512,2.077719753587715,2.051728845572613,2.0334933857547823
2.0345788084266285,2.018757495190981,2.0981256623714555,2.0799384221294464,2.0536687287815383,2.0350390043082895
2.035926842164714,2.0210547071460345,2.1004910045764107,2.0821507722421435,2.055670290463141,2.0367235513736808
2.03726358395199,2.02329982339602,2.1028025603507365,2.084352568587862,2.057721163208523,2.03852693408451
2.0386186687862784,2.025504127801844,2.105059023672633,2.0865341133578723,2.0598043573513216,2.040424976192868
2.0400112850813805,2.02767087713246,2.1072527761069093,2.088680784521225,2.061898837835749,2.042390062746924
2.0414507170163905,2.0297959456617503,2.109370568074666,2.090773700002587,2.0639802055245493,2.044391867004938
2.0429370798760824,2.031868615545195,2.1113943171135774,2.0927904808253883,2.066021458159751,2.0463981366875794
2.044462217352168,2.033872481455857,2.113301992136352,2.094706084121892,2.067993804151333,2.048375514856452
2.0460107268490364,2.0357864362811675,2.115068551760735,2.0964936760573325,2.0698675015539023,2.0502903700169224
2.047561077140549,2.037585704256615,2.116666905083186,2.098125515079094,2.0716126949474503,2.052109610444491
2.049086782251898,2.039242888674224,2.118068864685918,2.0995738173590905,2.073200224348155,2.0538014591265137
2.050557596148658,2.040729003142552,2.1192460640586925,2.1008115786953114,2.0746023825922646,2.055336167962247
2.051940694608004,2.042014458145213,2.1201708148026905,2.101813330293204,2.075793600682008,2.056686652807624
2.0532018134023566,2.043069978169821,2.120816882772394,2.102555809564356,2.076751044167151,2.0578290344066352
2.0543063154804715,2.043867428767414,2.1211601664975985,2.103018531156968,2.0774551075620105,2.0587430740288344
2.055220164013001,2.044380537356776,2.121179265623946,2.1031842476864946,2.07788979788749,2.059412496561133
2.055910782781972,2.044585496209243,2.1208559315233333,2.103039293879638,2.0780430024995105,2.0598251977049022
2.056347790246612,2.04446144065997,2.1201753965012315,2.1025738119364767,2.077906640280558,2.059973335672193
2.0565035985179208,2.043990800015492,2.1191265820181835,2.101781859714924,2.077476698894837,2.059853311225716
2.0563538732449067,2.0431595227286508,2.1177021899408226,2.100661406751573,2.0767531640470387,2.0594656429756264
2.0558778548955887,2.0419571810705133,2.115898683952522,2.099214226069941,2.0757398494586257,2.0588147474527116
2.0550585459719506,2.0403769636580367,2.1137161708313323,2.0974456921430886,2.074444138538176,2.057908635577277
2.053882772219996,2.0384155667343142,2.1111581933097283,2.0953644972419343,2.0728766504429648,2.056758538705905
2.0523411288090934,2.036072997021017,2.108231447659439,2.0929822997066925,2.0710508444004976,2.0553784784567686
2.050427824709375,2.033352300257801,2.104945440008188,2.090313318436861,2.0689825767893093,2.053784794996476
2.0481404400786967,2.030259230238363,2.1013120957257585,2.0873738881336106,2.066689625594451,2.051995648443241
2.045479612389823,2.026801873282541,2.0973453360577503,2.084181989584178,2.0641911964882635,2.0500305075357375
2.042448667323748,2.022990242710223,2.093060635599445,2.080756768607403,2.061507423996016,2.0479096387891453
2.039053210180364,2.018835857070344,2.0884745732482184,2.077118056234835,2.0586588800379766,2.04565360805872
2.0353006927902,2.01435131471033,2.0836043880272763,2.0732859013537523,2.055666100664613,2.04328280482801
2.0311999697310754,2.009549875826717,2.078467549704176,2.0692801254505646,2.052549140083357,2.040816997698147
2.026760856157319,2.004445061506545,2.073081352513287,2.0651199073418707,2.049327159191347,2.038274927555922
2.0219936978258946,1.9990502775251624,2.0674625385935665,2.060823403927802,2.0460180538428614,2.0356739428076764
2.0169089620473706,1.9933784688940075,2.061626956045071,2.056407411123604,2.042638126071731,2.033029678964744
2.011516856381661,1.9874418094126591,2.0555892548402235,2.051887067276588,2.039201799517652,2.0303557828161023
2.0058269800200224,1.981251428840875,2.049362622259141,2.047275599623137,2.035721378442123,2.0276636794983953
1.999848011004704,1.9748171788041176,2.042958558081522,2.042584112721736,2.032206848006362,2.02496237901557
1.9935874307942296,1.968147437230814,2.036386688508761,2.037821416369834,2.0286657119814664,2.022258317233047
1.987051286221292,1.961248950003592,2.029654616719942,2.03299388929464,2.02510286279347,2.0195552250981508
1.9802439876404327,1.9541267076111344,2.0227678071063084,2.0281053739314583,2.02152047780688,2.0168540188540947
1.9731681410360136,1.946783853910484,2.015729499584374,2.023157096879465,2.017917935033551,2.0141527033329267
1.9658244110624885,1.9392216236487072,2.008540649956984,2.018147609159521,2.014291741026743,2.011446280040702
1.9582114114092084,1.931439305130227,2.0011998920660545,2.013072740189068,2.0106354635817323,2.008726651685553
1.9503256185082227,1.92343422433598,1.993703517450856,2.007925559430351,2.006939662010777,2.005982515043296
1.9421613044118005,1.9152017468747105,1.9860454683671915,2.0026963399392126,2.003191808172783,2.003199234590104
1.9337104846361584,1.9067352943540268,1.978217340331503,1.9973725185417657,1.999376192119171,2.0003586901642345
1.9249628768678508,1.8980263720680808,1.9702083907918824,1.9919386480611323,1.995473807137449,1.9974390930257642
1.9159058666377,1.8890646052891635,1.9620055510995988,1.9863763379118304,1.99146221014628,1.9944147660883558
1.906524476355936,1.87983778189574,1.953593439620118,1.9806641804478848,1.98731535480248,1.9912558857949647
1.8968013344546648,1.87033189955458,1.944954374591576,1.974777661694589,1.983003396338409,1.987928185134221
1.8867166417795007,1.860531216180508,1.9360683861832244,1.9686890565145327,1.9784924690655308,1.9843926196764778
1.8762481328059195,1.850418302919071,1.926913228131374,1.9623673098446632,1.9737444396953117,1.9806050013003385
1.8653710297189048,1.8399740994250264,1.917464390324955,1.955777907420058,1.968716642136296,1.9765156075366974
1.854057987893129,1.82917797174574,1.9076951147784245,1.9488827413641543,1.9633616023072251,1.9720687782320703
1.8422790318495743,1.81800777366088,1.897576418558123,1.941639978187185,1.957626764746497,1.9672025156076207
1.8300014813613747,1.806439912885607,1.887077128416281,1.9340039390945647,1.951454236442784,1.9618481087877577
1.817189868050189,1.79444942411121,1.876163933114364,1.925925005044696,1.944780567345225,1.955929809520298
1.8038058435808075,1.7820100514390935,1.864801460662,1.917349561676928,1.9375365913994376,1.9493645920716616
1.7898080814448785,1.7690943433502633,1.8529523889109427,1.9082200019781392,1.9296473565981989,1.9420620370365274
1.7751521753509671,1.7556737639316402,1.84057759906223,1.8984748072557227,1.921032177263951,1.933924385825685
1.7597905384239108,1.741718824620568,1.8276363825691848,1.8880487294531336,1.9116048463155344,1.9248468195008244
1.7436723087803148,1.727199241190608,1.8140867125238085,1.8768730998353285,1.9012740492145737,1.9147180218333988
1.726743268591285,1.7120841210178137,1.7998855907262814,1.8648762902453604,1.8899440240762888,1.9034210911491996
1.7089457854671692,1.6963421857573175,1.78498948105152,1.85198435306656,1.8775155133386328,1.89083486758445
1.6902187868781575,1.6799420343139253,1.7693548381900144,1.8381218641926704,1.8638870504981888,1.8768357404241998
1.6704977803239665,1.662852450281992,1.75293873807454,1.823212989113181,1.8489566196677716,1.8612999925490628
1.6497149340200523,1.6450427567067252,1.735699612005705,1.8071827850035465,1.8326237148875069,1.844106723793478
1.6277992348931585,1.6264832189258382,1.7175980803683382,1.7899587408185773,1.8147918090056503,1.8251413702715633
1.6046767425540789,1.6071454932243685,1.698597873631745,1.7714725422379451,1.7953712174216072,1.8042998006724762
1.580270959495485,1.5870031149431432,1.678666817896155,1.75166202851983,1.7742823092711626,1.7814929219148012
1.5545033388627896,1.5660320144284847,1.657777849579996,1.730473283818016,1.751458977543103,1.7566516650989819
1.5272939515588957,1.544211042793008,1.635910009172968,1.7078627767493963,1.726852230885641,1.7297321496544216
1.49856233392877,1.5215224819860116,1.6130493478499266,1.6837994300675374,1.7004337154773232,1.7007207422538262
1.4682285355802955,1.4979525054384024,1.5891896640949652,1.6582664691491087,1.6721989188467816,1.6696386433141461
1.4362143837755696,1.4734915470497325,1.564332971714377,1.6312628665070412,1.6421697541844542,1.6365455563120634
1.4024449760441973,1.4481345282913818,1.5384895876069522,1.6028041735411027,1.6103961804382514,1.601541934866601
1.3668504060351951,1.4218808867476915,1.511677719740008,1.5729225148613333,1.5769564885690788,1.5647692725058893
1.3293677190335642,1.3947343458273538,1.4839224356394185,1.5416655199237592,1.541955886601319,1.5264079135285527
1.2899430830222318,1.3667023661832522,1.4552539021694515,1.5090939865289934,1.5055230538404163,1.4866719319923114
1.2485341488330437,1.337795226235546,1.4257048111403885,1.4752781153873402,1.4678044142328053,1.4458007571422342
1.2051125591401035,1.3080246936793392,1.3953069444684318,1.4402922273522123,1.4289560032606168,1.4040474186112684
1.159666551364828,1.277402273254978,1.3640868883624246,1.404207975639135,1.389132970204696,1.3616635364090757
1.1122035847555811,1.2459370490259092,1.332060977984413,1.36708619190755,1.3484769607010154,1.3188814732379044
1.0627529079661078,1.2136331816807595,1.299229640018365,1.3289676515868294,1.3071018502836795,1.2758943764974198
1.011367971535852,1.18048717143711,1.265571396221708,1.2898632009419717,1.265078530357015,1.23283513582469
0.9581285810295054,1.146485052007007,1.2310368897849244,1.2497438438462,1.2224196631609532,1.1897555393298715
0.9031426824656544,1.1115997362792778,1.195543389669163,1.2085315258227018,1.179065500645229,1.1466071011600267
0.8465476731738962,1.0757887839962552,1.1589703060871506,1.1660914617259002,1.1348719846359256,1.1032251350182443
0.788511139196403,1.03899289887203,1.1211563023383806,1.122226917254467,1.0896023972911677,1.0593176525559351
0.729230935211146,1.0011354801207029,1.0818986040479583,1.0766773611317275,1.042923802015276,1.0144605716078612
0.6689345445620909,0.962123544578304,1.040955077601284,1.029120844967506,0.9944094015170368,0.9681005341488466
0.6078776845845992,0.9218502954018376,0.998049568700674,0.9791813356002164,0.94354774152144,0.9195663683818169
0.546342154606858,0.8801995390998505,0.9528808561428872,0.926441517484364,0.889759407812793,0.8680898928534891
0.4846329588142624,0.8370520450933682,0.9051353855399444,0.870461300869651,0.8324215026978674,0.8128363559775669
0.4230747711528151,0.792293805593839,0.854503707298726,0.810801918480032,0.7708997449807433,0.7529443254538044
0.3620078419722243,0.7458259966374144,0.8007002616542058,0.7470550760807168,0.7045875146325115,0.6875742735892028
0.3017834735449324,0.6975762753612169,0.7434858444856767,0.6788761529988933,0.6329505619214458,0.6159644283356724
0.2427592116545976,0.6475108883531908,0.6826917696859492,0.6060199481982212,0.5555754336234361,0.5374916675156493
0.1852939114135249,0.5956469267709951,0.6182444411440523,0.5283769694768298,0.4722189695798479,0.45173434501625864
0.1297428364425184,0.5420639613632567,0.5501887897522818,0.4460078178834508,0.3828555563163311,0.3585330217563086
0.0764529415270845,0.4869142381743307,0.4787088529488602,0.3591728942241752,0.2877182933347864,0.25804426512970946
0.0257584707867263,0.430430623774034,0.4041437132257992,0.2683545302836992,0.1873299676942942,0.15078217713605777
-0.0220230220162119,0.3729315625966443,0.3269971023595112,0.1742688052820654,0.082519890677988,0.037642348323024495
-0.0665941548058161,0.3148224475876618,0.2479392444486623,0.0778648086566232,-0.0255766542826016,-0.08009627829563262
-0.1076806566813689,0.2565930013086805,0.1677999588917873,-0.0196900319767777,-0.1355383303216273,-0.20079451170653323
-0.1450337544756476,0.1988105038132655,0.0875526528306812,-0.1170387777612241,-0.2456972436608597,-0.322501468278442
-0.1784320248725297,0.1421089662496534,0.0082895485962068,-0.2126768470540623,-0.3541961934620606,-0.4430262260561324
-0.2076827553324158,0.0871746119934782,-0.068810765634458,-0.3050044995836856,-0.4590598825286964,-0.5600274609339394
-0.2326228755860905,0.034728266077249,-0.1425217021305198,-0.3923864366030974,-0.558274766677572,-0.6711138214861063
-0.2531195329203912,-0.0144945528530663,-0.2116106916831936,-0.4732143690365379,-0.649871428618492,-0.7739467686044514
-0.2690703887126931,-0.0597649119934019,-0.2748823209351155,-0.5459682877404125,-0.7320034434350006,-0.8663378624316953
-0.2804037110302846,-0.1003821274486016,-0.331220057499087,-0.6092725748132268,-0.8030175866874885,-0.9463338856230958
-0.2870783294077553,-0.1356948313842105,-0.3796242833464613,-0.6619439067727132,-0.8615116741728981,-1.0122853402598246
-0.2890835042927651,-0.1651205341658036,-0.4192447998441024,-0.7030289327541193,-0.9063779722098492,-1.0628962124426518
-0.2864387464951452,-0.188162891434833,-0.4494065162338356,-0.731830761145498,-0.936831647999548,-1.0972549756067465
-0.2791936027989364,-0.2044260374345961,-0.4696275982218033,-0.7479241902102831,-0.9524249061818024,-1.1148482834805722
-0.2674274042706403,-0.2136255135513077,-0.4796298619686006,-0.7511602758366285,-0.9530481805518708,-1.115559584649316
-0.2512489552401322,-0.2155954915950388,-0.4793416071827722,-0.7416612231116938,-0.9389200467205312,-1.099655057574285
-0.2307961248571547,-0.2102921554535407,-0.4688933787143478,-0.7198067606831312,-0.9105675071532404,-1.0677590170538234
-0.2062352907481836,-0.197793257201487,-0.4486073421741205,-0.6862131858919941,-0.8687981256589298,-1.0208205159547854
-0.1777605765788206,-0.1782940026531705,-0.4189810837245381,-0.6417062392774916,-0.8146652965851231,-0.9600724689534583
-0.1455928229005138,-0.1520995466575676,-0.3806667284329597,-0.5872889481645444,-0.749427828241846,-0.8869844033567186
-0.1099782338102846,-0.119614490347528,-0.3344463400133966,-0.5241056101439463,-0.6745050502363873,-0.8032099613031068
-0.0711866505637606,-0.0813298701798537,-0.2812046296571741,-0.4534031744984223,-0.5914288153305715,-0.7105305240909625
-0.0295094168622841,-0.0378082092845601,-0.2219000615893461,-0.3764913999084741,-0.5017940073614977,-0.6107967233519843
0.0147431817825539,0.0103327390013208,-0.1575354854972767,-0.2947032776632987,-0.4072094081011759,-0.5058700227501455
0.0612449015841003,0.062436892805053,-0.0891294326945491,-0.2093572624935097,-0.3092509307626444,-0.3975668628087522
0.1096569217411213,0.1178267248032796,-0.017689165911065,-0.1217228067760065,-0.2094192239190175,-0.2876079457622704
0.159631576085236,0.1758194963800107,0.0558135395616209,-0.0329905253686594,-0.109103447427622,-0.1775750311649279
0.2108163671388397,0.2357422805620063,0.1304630840528057,0.0557519706968016,-0.0095526244360768,-0.0688771153815666
0.2628581769079213,0.296945310243297,0.2054166356620014,0.1435379170434117,0.0881445751008792,0.03727285773761453
0.3154075751688496,0.3588133102196337,0.2799163296832954,0.2295326945753715,0.1830713896462917,0.13987045183544122
0.3681231174376992,0.4207746063470491,0.3532970549756806,0.3130387946297261,0.2744862468921494,0.23812188959621228
0.4206755217175481,0.4823079409369178,0.4249900630049107,0.3934950403259928,0.3618186855221905,0.3314371392722061
0.4727516155608545,0.5429470487968481,0.494522846987257,0.4704709419818919,0.4446592169334671,0.41941567408216324
0.5240579526259254,0.6022831536684649,0.5615158896763384,0.5436572410947337,0.5227446379585392,0.501826898996956
0.5743240100537073,0.659965623702908,0.6256769619948964,0.6128537598649519,0.5959403490253681,0.5785872628568643
0.6233048936872525,0.7157010743658632,0.686793673400649,0.6779556347730054,0.6642211335686216,0.6497359073844523
0.6707834962735193,0.7692512284343853,0.74472493817522,0.7389388965830499,0.7276516540966508,0.7154104095168357
0.716572073144552,0.8204298391011909,0.7993919440013927,0.7958461933174178,0.7863676621981052,0.7758238132637548
0.7605132193339922,0.8690989591714328,0.8507691060723126,0.8487732645858908,0.8405586444245717,0.8312437774895041
0.8024802506509033,0.915164803121266,0.8988753765217242,0.897856587988807,0.8904523645475733,0.8819743271389586
0.8423770080970276,0.9585734056046256,0.9437661675463692,0.9432624480388018,0.9363015361776148,0.9283404121093021
0.8801371196171224,0.9993062351750132,0.9855260461821296,0.9851775352281276,0.9783726785970156,0.9706752604793054
0.915722765178965,1.0373758796888255,1.0242622747182497,1.0238010719356387,1.0169370753799976,1.0093103605165008
0.949123000490187,1.072821882844056,1.0600992054557303,1.0593383826028029,1.0522636665345744,1.044567811323145
0.9803517013445108,1.1057067810832684,1.09317349176073,1.0919957748384694,1.0846136537799125,1.0767547341836652
1.009445194866447,1.136112367082267,1.1236300472919736,1.121976570974419,1.1142365770291882,1.106159423806526
1.0364596460789894,1.1641361898863976,1.1516186691072974,1.1494781206696454,1.1413676200732823,1.1330489297302169
1.0614682685829526,1.1898882915738531,1.177291234971665,1.1746896292451317,1.166225917652427,1.1576677839739846
1.084558427020475,1.2134881749568878,1.2007993875415257,1.1977906489399182,1.1890136586406623,1.1802376243913684
1.1058286966809312,1.2350619951007114,1.222292625530223,1.2189500975651564,1.2099158065167268,1.200957499041314
1.125385942312758,1.2547399681440203,1.241916732248352,1.238325688331618,1.2291002855289694,1.2200046718886002
1.1433424740973095,1.2726539930809129,1.2598124833733408,1.2560636739273487,1.2467185068565878,1.2375357821820945
1.1598133339272272,1.2889354849517585,1.2761145872498896,1.2722988261550052,1.2629061327298512,1.2536882383031025
1.1749137596832584,1.3037134207015606,1.2909508216922057,1.2871545887719027,1.2777839971307483,1.2685817511286008
1.1887568691684185,1.3171126012590673,1.304441340579909,1.3007433553721417,1.2914591194799985,1.2823199325444903
1.2014515987812722,1.3292521349605595,1.3166981314185864,1.3131668362051152,1.3040257627280667,1.294991901920939
1.2131009249421876,1.340244148038244,1.32782461129728,1.324516487790556,1.3155664998014,1.3066738576891088
1.2238003888192577,1.3501927274795462,1.337915353391663,1.3348739872618676,1.3261532627348571,1.3174305830947894
1.2336369371395406,1.3591931001495583,1.347055939447325,1.3443117397816895,1.3358483573727356,1.3273168651878082
1.2426880839755228,1.3673310497242546,1.3553229355839131,1.3528934122020135,1.344705433393246,1.3363788143552924
1.2510213905428316,1.3746825698551897,1.362783989535275,1.3606744896919585,1.352770404906365,1.3446550785337281
1.2586942524463618,1.381313748241478,1.3694980471379037,1.3677028543249647,1.3600823209949855,1.3521779516677732
1.2657539766812822,1.3872808721374503,1.3755156847422756,1.374019385840073,1.366674188514058,1.3589743801606355
1.2722381242584335,1.3926307414970678,1.380879552389704,1.3796585850422196,1.372573751272421,1.3650668740328602
1.2781750887752945,1.397401171687907,1.3856249202898303,1.3846492197574696,1.377804230513058,1.3704743313233325
1.283584876775477,1.401621663735566,1.3897803185489896,1.3890149920684047,1.3823850315128143,1.3752127850296436
1.2884800524565847,1.40531421659816,1.3933682574555988,1.392775223905623,1.3863324202923626,1.379296081727376
1.2928668072883942,1.4084942532166136,1.3964060131377216,1.3959455561692806,1.389660173053184,1.3827365000901324
1.2967461144114134,1.4111716301870596,1.3989064612626418,1.3985386545988991,1.3923801992357336,1.38554531605292
1.3001149282790343,1.4133516999658493,1.4008789398235142,1.4005649138030336,1.3945031372448695,1.3877333195420871
1.3029673917961304,1.415036394590137,1.402330121080607,1.4020331493738205,1.3960389201098056,1.3893112857467502
1.3052960160683993,1.4162253009759864,1.4032648724848984,1.4029512669916149,1.396997306822349,1.3902904020451177
1.3070928016358685,1.416916699877882,1.4036870869412414,1.403326896967766,1.3973883739696902,1.3906826500933356
1.3083502745252795,1.4171085434481585,1.4036004640488309,1.403167982828003,1.397222961643749,1.3905011413691797
1.3090624154015982,1.4167993498747882,1.403009225923313,1.4024833133054455,1.396513067517282,1.3897604037237976
1.3092254653088071,1.4159889976201403,1.4019187537471225,1.4012829884405538,1.395272183423138,1.3884766162609659
1.3088385967475415,1.414679406136485,1.4003361341718004,1.399578812287429,1.393515569702109,1.3866677901271864
1.307904443945772,1.412875094399527,1.3982706079475908,1.39738460687495,1.3912604639265875,1.3843538934781126
1.3064294909622125,1.4105836129885525,1.3957339165181954,1.3947164444600324,1.3885262222377022,1.3815569199330608
1.3044243205799406,1.4078158495770632,1.3927405456301647,1.391592797551499,1.385334393324191,1.3783009010892964
1.3019037306884915,1.4045862114431436,1.389307868098629,1.3880346085637727,1.3817087268975583,1.3746118650431283
1.298886727948722,1.400912691850416,1.3854561906694352,1.384065283187739,1.37767512029758,1.3705177442740946
1.295396410944674,1.3968168298120258,1.381208712266377,1.3797106134632104,1.3732615083918762,1.3660482374765104
1.2914597567524475,1.3923235747874572,1.3765914028134578,1.3749986381352075,1.368497703308346,1.3612346311088086
1.2871073259177903,1.387461069292082,1.3716328131536757,1.369959449010413,1.363415191444581,1.3561095871378388
1.2823729012858036,1.382260363202484,1.3663638274980845,1.364624952794144,1.3580468959204852,1.3507069041418405
1.277293076032659,1.376755073803766,1.3608173701571749,1.3590285982488337,1.352426912935583,1.3450612591689148
1.2719068056919511,1.3709810053970963,1.355028078253267,1.3532050784223226,1.3465902303956625,1.3392079376383845
1.266254938032931,1.3649757416364303,1.349031951649447,1.3471900173608204,1.3405724369168894,1.333182558377669
1.2603797334261946,1.3587782227944354,1.342865990557917,1.341019650044475,1.3344094286955634,1.327020800307191
1.2543243869065692,1.3524283189383102,1.3365678302799215,1.3347305034174504,1.3281371209662562,1.3207581365990604
1.2481325615982553,1.345966408617474,1.330175381352529,1.328359085361549,1.3217911698549565,1.3144295813015576
1.241847941571964,1.3394329711984607,1.3237264821079078,1.321941587350364,1.3154067094300022,1.308069452505465
1.2355138106227843,1.3328681995008234,1.317258569349864,1.3155136053800454,1.3090181077284944,1.3017111551917258
1.2291726619389516,1.3263116379340063,1.3108083715694516,1.3091098826463003,1.302658744516053,1.2953869859664795
1.2228658422185013,1.319801849968557,1.3044116279081497,1.3027640763699966,1.2963608125780726,1.2891279610113187
1.216633232508288,1.3133761175247245,1.298102834966632,1.296508550197689,1.2901551434578606,1.2829636677722733
1.210512966909986,1.307070173743946,1.2919150225606868,1.290374192745626,1.2840710577894403,1.276922140209145
1.2045411893273918,1.3009179696462865,1.2858795586770924,1.2843902621093433,1.2781362397135392,1.27102975683229
1.1987518476238128,1.294951474370425,1.2800259831737983,1.2785842555640947,1.2723766343316147,1.2653111602782063
1.1931765239100258,1.2892005080450264,1.274381869203604,1.272981803207658,1.266816366749672,1.2597891968167432
1.1878442991870384,1.283692605834919,1.2689727109144564,1.2676065839545636,1.2614776809761554,1.2544848739393577
1.1827816502073143,1.2784529113413792,1.2638218356789872,1.2624802620602666,1.2563808967579495,1.249417334034432
1.1780123761820207,1.273504097294343,1.2589503389227077,1.2576224422354518,1.251544382362183,1.2446038421114676
1.1735575528300763,1.268866311336141,1.254377039529361,1.253050641374656,1.2469845413135603,1.2400597855617819
1.169435511224724,1.2645571446523625,1.2501184538039287,1.2487802749688917,1.2427158111734538,1.235798684044365
1.1656618389242834,1.2605916212312918,1.246188786030692,1.2448246563706875,1.238750672576001,1.231832207732587
1.162249400963392,1.2569822056184037,1.242599933780206,1.241195007231698,1.2350996669071146,1.2281702023439176
1.159208378412154,1.2537388271582548,1.239361506267902,1.2379004776080915,1.2317714212098931,1.2248207195850027
1.15654632237227,1.2508689188713815,1.2364808542404355,1.234948174424205,1.2287726791110198,1.221790051869204
1.1542682214576343,1.2483774692851206,1.2339631100504669,1.2323431971894852,1.2261083367840253,1.2190827703897764
1.152376580994542,1.2462670857155176,1.2318112367673426,1.230088680064659,1.2237814831756004,1.216701765853503
1.1508715123627369,1.244538067673055,1.230026085350984,1.2281858395638774,1.2217934439225648,1.21464829138796
1.14975083107939,1.2431884892325429,1.2286064590841477,1.2266340273553595,1.2201438285721071,1.212922007322901
1.1490101623953035,1.242214289359958,1.2275491846071598,1.225430787776976,1.21883058087864,1.2115210277182793
1.1486430533258172,1.2416093693249088,1.226849189028184,1.2245719198146532,1.217850032087954,1.210441968647589
1.1486410901721489,1.2413656964415096,1.226499582686101,1.2240515433957295,1.2171969572283394,1.209679998361404
1.148994020704041,1.2414734134745902,1.2264917472241663,1.2238621699284709,1.216864634511067,1.2092288895419496
1.1496898802676938,1.2419209531185376,1.2268154286874904,1.2239947770699855,1.2168449079964394,1.2090810739169844
1.1507151211576476,1.2426951570065814,1.2274588353898073,1.2244388877314614,1.2171282537099346,1.2092276995326678
1.1520547446446154,1.2437813987365287,1.2284087403033648,1.2251826533306405,1.2177038493948682,1.2096586909900024
1.153692435088982,1.245163710410594,1.2296505877153732,1.2262129412819498,1.2185596480681888,1.2103628129320254
1.1556106955884096,1.2468249121792612,1.2311686038635627,1.2275154266732924,1.219682455503406,1.2113277370283426
1.1577909846149153,1.24874674425981,1.2329459112193242,1.2290746880223054,1.2210580117061482,1.212540112646629
1.160213853089844,1.2509100008670353,1.234964646028088,1.2308743069325574,1.222671076371993,1.213985641325626
1.1628590813298765,1.2532946654522816,1.237206078648749,1.23289697138739,1.224505518228772,1.2156491550768833
1.1657058152737392,1.2558800465998503,1.2396507361597184,1.2351245823286308,1.226544408069113,1.2175146984452223
1.1687327013721909,1.2586449138791445,1.2422785266212124,1.2375383630719032,1.2287701151761357,1.2195656141533466
1.1719180194934764,1.261567632899214,1.245068864304206,1.2401189710123404,1.2311644067386334,1.2217846320466081
1.1752398131674722,1.2646262987638477,1.248000795120577,1.2428466109786638,1.2337085497460738,1.2241539609439036
1.1786760164641092,1.267798867080524,1.251053121417624,1.245701149501837,1.236383414750616,1.226655382892431
1.1822045767797524,1.271063281639882,1.2542045252371066,1.2486622291790772,1.2391695807850316,1.2292703492191108
1.1858035727889622,1.2743975978537947,1.2574336890855222,1.2517093822389556,1.242047440636109,1.2319800776744187
1.1894513268121862,1.277780101024746,1.2607194132226285,1.2548221423503905,1.2449973055947094,1.2347656498770914
1.1931265108518023,1.2811894185142214,1.2640407284483182,1.257980153668663,1.247999508738162,1.237608108191977
1.1968082455632243,1.284604624889793,1.2673770033593457,1.2611632760799505,1.251034505751161,1.2404885511124633
1.2004761914527744,1.288005339155771,1.270708045053747,1.2643516855896113,1.2540829722575184,1.2433882261731681
1.2041106316332015,1.2913718132151475,1.274014192288762,1.267525968805724,1.2571258966230798,1.2462886193927933
1.207692545518664,1.294685010769791,1.27727640014159,1.2706672104919243,1.260144667194328,1.2491715402375714
1.2112036729060345,1.297926675939368,1.2804763152882026,1.2737570732099068,1.263121152965434,1.2520192011098168
1.214626567966271,1.301079390972262,1.283596341098536,1.2767778681375028,1.266037776714832,1.25481429040024
1.2179446427594949,1.30412662252774,1.2866196918507575,1.2797126162372876,1.2688775797244565,1.2575400382003428
1.2211421999871606,1.3070527561287124,1.2895304354821555,1.2825450990520322,1.271624277281452,1.260180273844978
1.224204454805454,1.3098431185176025,1.2923135244368342,1.2852598985356614,1.2742623042807892,1.262719474560593
1.2271175456415884,1.312483987790899,1.2949548143135257,1.287842425464386,1.276776850371741,1.2651428046078474
1.2298685340797195,1.3149625913408012,1.2974410701858217,1.290278936137161,1.2791538842460934,1.2674361444524573
1.232445394011181,1.317267091788422,1.2997599606307335,1.2925565372381864,1.2813801668235776,1.26958610964664
1.2348369903749477,1.3193865612549376,1.3019000396844882,1.2946631789194454,1.2834432532703952,1.2715800592782478
1.2370330479437703,1.32131094447742,1.303850717122862,1.2965876363460371,1.2853314839708996,1.2734060940238796
1.239024110739419,1.323031011434974,1.3056022176451163,1.298319480138778,1.2870339647659983,1.2750530440337984
1.2408014927822644,1.3245383003031357,1.3071455297175842,1.299849036337922,1.2885405369648009,1.27651044706999
1.2423572209961151,1.3258250516993688,1.3084723450040765,1.3011673367002805,1.2898417378340334,1.2777685175177278
1.24368397119395,1.326884135314902,1.3095749894708175,1.302266060319282,1.2909287524544912,1.278818107081288
1.244774998165333,1.327708970148564,1.3104463474024308,1.3031374677287082,1.291793358019005,1.279650658165281
1.2456240609668774,1.3282934396613324,1.3110797796967972,1.3037743288042145,1.292427861813503,1.2802581511184792
1.2462253445850269,1.3286318032566864,1.311469037920913,1.3041698459149518,1.2928250342766463,1.2806330466800133
1.2465733791918854,1.3287186055585527,1.311608175703233,1.3043175738955235,1.2929780386684928,1.2807682251134487
1.2466629582521065,1.3285485850064511,1.31149145911043,1.3042113385053375,1.2928803589932305,1.2806569236391556
1.2464890567589302,1.328116583313088,1.311113277704252,1.303845155114009,1.292525727909534,1.2802926738753198
1.2460467508835062,1.3274174573365236,1.3104680579999357,1.3032131493998205,1.2919080564279397,1.2796692410747277
1.2453311403123175,1.3264459949053653,1.3095501810504655,1.3023094818713206,1.2910213672326831,1.2787805669913388
1.2443372745217374,1.3251968361007778,1.30835390585565,1.30112827801482,1.2898597334730149,1.2776207182274477
1.2430600842149395,1.3236644014594512,1.30687330026394,1.299663565854286,1.2884172248636356,1.27618384191251
1.241494319052857,1.3218428284496078,1.3051021809241408,1.2979092226101112,1.286687862842924,1.2744641304782864
1.2396344929310188,1.31972591766766,1.3030340639368612,1.295858932242938,1.2846655866425822,1.2724557974007897
1.2374748373291165,1.3173070894485377,1.3006621270928422,1.2935061549077913,1.282344231363489,1.2701530650197033
1.2350092656585496,1.3145793539504016,1.2979791869400157,1.2908441116953104,1.2797175215008303,1.2675501678864969
1.2322313422427114,1.3115352884453364,1.2949776845711969,1.2878657786819894,1.2767790740021667,1.2646413657269178
1.22913428388102,1.308167049827877,1.2916497082860097,1.284563918552096,1.2735224391656963,1.261420994311258
1.2257108935027357,1.304466321851976,1.287986952740212,1.2809310495055488,1.2699410791303103,1.2578834539555546
1.2219538043976832,1.3004245756118105,1.283980993197352,1.2769597301306015,1.2660286626401385,1.254023514286372
1.2178546255350025,1.2960322334901144,1.2796224650638923,1.27264175049361,1.261778266356594,1.2498355254759046
1.2134072508993534,1.2912820002189558,1.2749044126311715,1.2679714932236046,1.257185746274867,1.2453167993260155
1.2085956935644666,1.2861567184098517,1.269810163368742,1.2629338216575334,1.2522376370945016,1.2404555184010448
1.203439741088171,1.2806750571926973,1.2643590395484334,1.25754980325105,1.2469568836705038,1.2352764746112939
1.1978248870971515,1.274721441783038,1.2584363042446591,1.251706680900556,1.2412328347291912,1.229671079716428
1.1920282226615564,1.2685720852178626,1.2523192365764706,1.2456839178777706,1.2353472471511917,1.2239233379055807
1.181655432228103,1.2578316851482698,1.2416138053586174,1.235090034958063,1.224911297445749,1.213646993232236
1.162052310201798,1.2378489550772422,1.2216705018917724,1.2152762155386931,1.205276719572224,1.1941946014536082
1.13357358507768,1.208985695284168,1.192852691760729,1.1866034084481458,1.1768015692621652,1.1659219525822995
1.0967723429533256,1.1718018473118397,1.155720904011165,1.1496283609465332,1.1400382176291814,1.1293775774103854
1.0524494135153477,1.1271047042347548,1.111082010934641,1.1051528740634833,1.095782697993861,1.085352174753145
1.001557896191569,1.0758532929143938,1.0598936927514198,1.0541284993122824,1.0449796554190078,1.034783801247012
0.9451868535755992,1.019142062632311,1.0032483090744622,0.9976407059586484,0.9887068274752218,0.9787426631745932
0.8845184512687575,0.9581580625587682,0.942330335124498,0.9368667004350776,0.9281332662907116,0.9183897410706557
0.8207890199814591,0.8941420773234651,0.8783778006147293,0.8730372900847548,0.8644816472376949,0.8549395471044106
0.7552480642172721,0.8283477126231055,0.8126416884546607,0.8073967150246328,0.7989885552635327,0.7896208725214291
0.6891189476673754,0.7620021387767327,0.7463469662560391,0.7411640817357751,0.7328663429842065,0.7236390795205043
0.623562234731408,0.6962694539020859,0.6806561822035859,0.6754972957397883,0.6672674235254472,0.6581407658356371
0.559643182494833,0.6322181521096008,0.6166370886385066,0.6114609297028409,0.6032524068765319,0.5941821829224109
0.4983044618142148,0.5707937752590324,0.5552353601898052,0.5499990772589239,0.5417631126571735,0.5327024229201838
0.4403449795652669,0.5127976286112416,0.4972532860971137,0.4919140671786104,0.4836013277640435,0.4745022362872858
0.3864053849171552,0.4588721580427763,0.4433350439065617,0.4378516513529835,0.4294139273442002,0.42022910298227273
0.3369605610355489,0.4094933089746148,0.39395889228806,0.3882930202137666,0.3796847272642718,0.37036893925569014
0.292319117058371,0.3649699014668014,0.3494363401699934,0.3435537256184594,0.3347331697448077,0.32524456260612283
0.2526296168263172,0.3254497754597611,0.3099180707227121,0.3037893163302002,0.2947196730604074,0.28502077080706223
0.2178930203240275,0.2909321949538103,0.2754061321716909,0.2690072252497451,0.2596572112726266,0.24971562706941153
0.1879805682572944,0.2612857479602108,0.2457716514826504,0.2390841893793433,0.2294284301431756,0.21921728208160102
0.1626561597916284,0.236270791498111,0.2207771336671939,0.2137882858386202,0.2038074039456416,0.1933054586682709
0.1416020075056348,0.2155652179455227,0.2001021299417742,0.1928043821018504,0.1824848476720789,0.1716764297572689
0.1244465988686135,0.1987925586734437,0.1833712912401262,0.1757620257506475,0.1650958205098482,0.15397053621240137
0.1107925524712631,0.1855499953733197,0.1701823726042339,0.1622633425939687,0.1512474948651122,0.13979982454632972
0.1002470548738939,0.1754389473630427,0.160136847903157,0.1519135998593369,0.1405496468002128,0.1287784600551046
0.0924385193945088,0.1680818517861932,0.1528567405351558,0.1443380379735971,0.1326314718119395,0.12053952017699895
0.0870744299148615,0.1631801070760345,0.1480426299304311,0.1392399101796171,0.1271996436490587,0.1147930653088646
0.0828200359215102,0.1593927457677403,0.1443523838764669,0.1352793173652487,0.1229172515134108,0.11020516923030121
